2025-09-27 19:01:28.941 +03:00 [INF] [Thread:] FileParserService started. Watching directory: D:\Programming\XMLProcessor
2025-09-27 19:01:29.347 +03:00 [INF] [Thread:] Bus started: "rabbitmq://localhost/"
2025-09-27 19:01:54.249 +03:00 [INF] [Thread:] Found 1 file(s) to process.
2025-09-27 19:01:54.304 +03:00 [INF] [Thread:] Processing file: D:\Programming\XMLProcessor\status.xml
2025-09-27 19:01:54.654 +03:00 [INF] [Thread:] Successfully processed and published data for 3 modules from file: D:\Programming\XMLProcessor\status.xml
2025-09-27 19:01:57.264 +03:00 [INF] [Thread:] Found 1 file(s) to process.
2025-09-27 19:01:57.267 +03:00 [INF] [Thread:] Processing file: D:\Programming\XMLProcessor\status.xml
2025-09-27 19:01:57.299 +03:00 [INF] [Thread:] Successfully processed and published data for 3 modules from file: D:\Programming\XMLProcessor\status.xml
2025-09-27 19:03:29.993 +03:00 [INF] [Thread:] FileParserService started. Watching directory: D:\Programming\XMLProcessor\input
2025-09-27 19:03:30.097 +03:00 [INF] [Thread:] Found 1 file(s) to process.
2025-09-27 19:03:30.177 +03:00 [INF] [Thread:] Processing file: D:\Programming\XMLProcessor\input\status.xml
2025-09-27 19:03:30.434 +03:00 [INF] [Thread:] Bus started: "rabbitmq://localhost/"
2025-09-27 19:03:30.648 +03:00 [INF] [Thread:] Successfully processed and published data for 3 modules from file: D:\Programming\XMLProcessor\input\status.xml
2025-09-27 19:03:56.345 +03:00 [INF] [Thread:] Found 1 file(s) to process.
2025-09-27 19:03:56.349 +03:00 [INF] [Thread:] Processing file: D:\Programming\XMLProcessor\input\status.xml
2025-09-27 19:03:56.445 +03:00 [INF] [Thread:] Successfully processed and published data for 3 modules from file: D:\Programming\XMLProcessor\input\status.xml
2025-09-27 19:03:59.390 +03:00 [INF] [Thread:] Found 1 file(s) to process.
2025-09-27 19:03:59.398 +03:00 [INF] [Thread:] Processing file: D:\Programming\XMLProcessor\input\status.xml
2025-09-27 19:03:59.408 +03:00 [INF] [Thread:] Successfully processed and published data for 3 modules from file: D:\Programming\XMLProcessor\input\status.xml
2025-09-27 19:04:01.413 +03:00 [INF] [Thread:] Found 1 file(s) to process.
2025-09-27 19:04:01.415 +03:00 [INF] [Thread:] Processing file: D:\Programming\XMLProcessor\input\status.xml
2025-09-27 19:04:01.425 +03:00 [INF] [Thread:] Successfully processed and published data for 3 modules from file: D:\Programming\XMLProcessor\input\status.xml
2025-09-27 19:04:03.427 +03:00 [INF] [Thread:] Found 1 file(s) to process.
2025-09-27 19:04:03.430 +03:00 [INF] [Thread:] Processing file: D:\Programming\XMLProcessor\input\status.xml
2025-09-27 19:04:03.440 +03:00 [INF] [Thread:] Successfully processed and published data for 3 modules from file: D:\Programming\XMLProcessor\input\status.xml
2025-09-27 19:04:05.444 +03:00 [INF] [Thread:] Found 1 file(s) to process.
2025-09-27 19:04:05.446 +03:00 [INF] [Thread:] Processing file: D:\Programming\XMLProcessor\input\status.xml
2025-09-27 19:04:05.457 +03:00 [INF] [Thread:] Successfully processed and published data for 3 modules from file: D:\Programming\XMLProcessor\input\status.xml
2025-09-27 19:04:06.455 +03:00 [INF] [Thread:] Found 1 file(s) to process.
2025-09-27 19:04:06.457 +03:00 [INF] [Thread:] Processing file: D:\Programming\XMLProcessor\input\status.xml
2025-09-27 19:04:06.468 +03:00 [INF] [Thread:] Successfully processed and published data for 3 modules from file: D:\Programming\XMLProcessor\input\status.xml
2025-09-27 19:04:07.466 +03:00 [INF] [Thread:] Found 1 file(s) to process.
2025-09-27 19:04:07.468 +03:00 [INF] [Thread:] Processing file: D:\Programming\XMLProcessor\input\status.xml
2025-09-27 19:04:07.477 +03:00 [INF] [Thread:] Successfully processed and published data for 3 modules from file: D:\Programming\XMLProcessor\input\status.xml
2025-09-27 19:04:08.472 +03:00 [INF] [Thread:] Found 1 file(s) to process.
2025-09-27 19:04:08.474 +03:00 [INF] [Thread:] Processing file: D:\Programming\XMLProcessor\input\status.xml
2025-09-27 19:04:08.483 +03:00 [INF] [Thread:] Successfully processed and published data for 3 modules from file: D:\Programming\XMLProcessor\input\status.xml
2025-09-27 19:04:09.479 +03:00 [INF] [Thread:] Found 1 file(s) to process.
2025-09-27 19:04:09.481 +03:00 [INF] [Thread:] Processing file: D:\Programming\XMLProcessor\input\status.xml
2025-09-27 19:04:09.490 +03:00 [INF] [Thread:] Successfully processed and published data for 3 modules from file: D:\Programming\XMLProcessor\input\status.xml
2025-09-27 19:04:10.484 +03:00 [INF] [Thread:] Found 1 file(s) to process.
2025-09-27 19:04:10.488 +03:00 [INF] [Thread:] Processing file: D:\Programming\XMLProcessor\input\status.xml
2025-09-27 19:04:10.501 +03:00 [INF] [Thread:] Successfully processed and published data for 3 modules from file: D:\Programming\XMLProcessor\input\status.xml
2025-09-27 19:47:29.020 +03:00 [INF] [Thread:] FileParserService started. Watching directory: D:\Programming\XMLProcessor\input
2025-09-27 19:47:29.380 +03:00 [INF] [Thread:] Bus started: "rabbitmq://localhost/"
2025-09-27 19:47:56.293 +03:00 [INF] [Thread:] Found 1 file(s) to process.
2025-09-27 19:47:56.364 +03:00 [INF] [Thread:] Processing file: D:\Programming\XMLProcessor\input\status.xml
2025-09-27 19:47:56.757 +03:00 [INF] [Thread:] Successfully processed and published data for 3 modules from file: D:\Programming\XMLProcessor\input\status.xml
2025-09-27 19:47:59.324 +03:00 [INF] [Thread:] Found 1 file(s) to process.
2025-09-27 19:47:59.327 +03:00 [INF] [Thread:] Processing file: D:\Programming\XMLProcessor\input\status.xml
2025-09-27 19:47:59.362 +03:00 [INF] [Thread:] Successfully processed and published data for 3 modules from file: D:\Programming\XMLProcessor\input\status.xml
2025-09-27 19:48:02.348 +03:00 [INF] [Thread:] Found 1 file(s) to process.
2025-09-27 19:48:02.354 +03:00 [INF] [Thread:] Processing file: D:\Programming\XMLProcessor\input\status.xml
2025-09-27 19:48:02.369 +03:00 [INF] [Thread:] Successfully processed and published data for 3 modules from file: D:\Programming\XMLProcessor\input\status.xml
2025-09-27 20:41:42.469 +03:00 [INF] [Thread:] FileParserService started. Watching directory: D:\Programming\XMLProcessor\input
2025-09-27 20:41:42.541 +03:00 [INF] [Thread:] Found 34 file(s) to process.
2025-09-27 20:41:42.640 +03:00 [INF] [Thread:] Processing file: D:\Programming\XMLProcessor\input\status — копия (13).xml
2025-09-27 20:41:42.640 +03:00 [INF] [Thread:] Processing file: D:\Programming\XMLProcessor\input\status — копия (11).xml
2025-09-27 20:41:42.640 +03:00 [INF] [Thread:] Processing file: D:\Programming\XMLProcessor\input\status — копия (10).xml
2025-09-27 20:41:42.641 +03:00 [INF] [Thread:] Processing file: D:\Programming\XMLProcessor\input\status — копия (12).xml
2025-09-27 20:41:42.641 +03:00 [INF] [Thread:] Processing file: D:\Programming\XMLProcessor\input\status — копия (17).xml
2025-09-27 20:41:42.641 +03:00 [INF] [Thread:] Processing file: D:\Programming\XMLProcessor\input\status — копия (14).xml
2025-09-27 20:41:42.641 +03:00 [INF] [Thread:] Processing file: D:\Programming\XMLProcessor\input\status — копия (15).xml
2025-09-27 20:41:42.641 +03:00 [INF] [Thread:] Processing file: D:\Programming\XMLProcessor\input\status — копия (16).xml
2025-09-27 20:41:42.641 +03:00 [INF] [Thread:] Processing file: D:\Programming\XMLProcessor\input\status — копия (18).xml
2025-09-27 20:41:42.646 +03:00 [INF] [Thread:] Processing file: D:\Programming\XMLProcessor\input\status — копия (19).xml
2025-09-27 20:41:42.655 +03:00 [INF] [Thread:] Processing file: D:\Programming\XMLProcessor\input\status — копия (2).xml
2025-09-27 20:41:42.665 +03:00 [INF] [Thread:] Processing file: D:\Programming\XMLProcessor\input\status — копия (20).xml
2025-09-27 20:41:42.700 +03:00 [INF] [Thread:] Processing file: D:\Programming\XMLProcessor\input\status — копия (21).xml
2025-09-27 20:41:42.912 +03:00 [ERR] [Thread:] An error occurred while processing file D:\Programming\XMLProcessor\input\status — копия (19).xml. Moving to error directory.
System.InvalidOperationException: There is an error in XML document (11, 348).
 ---> System.Xml.XmlException: The 'DeviceStatus' start tag on line 8 position 3 does not match the end tag of 'RapidControlStatus'. Line 11, position 348.
   at System.Xml.XmlTextReaderImpl.Throw(Exception e)
   at System.Xml.XmlTextReaderImpl.Throw(String res, String[] args)
   at System.Xml.XmlTextReaderImpl.ThrowTagMismatch(NodeData startTag)
   at System.Xml.XmlTextReaderImpl.ParseEndElement()
   at System.Xml.XmlTextReaderImpl.ParseElementContent()
   at System.Xml.XmlLoader.ReadCurrentNode(XmlDocument doc, XmlReader reader)
   at System.Xml.XmlDocument.ReadNode(XmlReader reader)
   at System.Xml.Serialization.XmlSerializationReader.UnknownNode(Object o, String qnames)
   at Microsoft.Xml.Serialization.GeneratedAssembly.XmlSerializationReaderInstrumentStatus.Read2_DeviceStatus(Boolean isNullable, Boolean checkType)
   at Microsoft.Xml.Serialization.GeneratedAssembly.XmlSerializationReaderInstrumentStatus.Read3_InstrumentStatus(Boolean isNullable, Boolean checkType)
   at Microsoft.Xml.Serialization.GeneratedAssembly.XmlSerializationReaderInstrumentStatus.Read4_InstrumentStatus()
   at InvokeStub_XmlSerializationReaderInstrumentStatus.Read4_InstrumentStatus(Object, Object, IntPtr*)
   at System.Reflection.MethodBaseInvoker.InvokeWithNoArgs(Object obj, BindingFlags invokeAttr)
   --- End of inner exception stack trace ---
   at System.Xml.Serialization.XmlSerializer.Deserialize(XmlReader xmlReader, String encodingStyle, XmlDeserializationEvents events)
   at System.Xml.Serialization.XmlSerializer.Deserialize(TextReader textReader)
   at FileParserService.Services.FileProcessorService.ProcessFileAsync(String filePath) in D:\Programming\XMLProcessor\FileParserServiceSln\FileParserService\Services\FileProcessorService.cs:line 44
2025-09-27 20:41:42.935 +03:00 [INF] [Thread:] Processing file: D:\Programming\XMLProcessor\input\status — копия (26).xml
2025-09-27 20:41:42.935 +03:00 [INF] [Thread:] Processing file: D:\Programming\XMLProcessor\input\status — копия (25).xml
2025-09-27 20:41:42.935 +03:00 [INF] [Thread:] Processing file: D:\Programming\XMLProcessor\input\status — копия (27).xml
2025-09-27 20:41:42.935 +03:00 [INF] [Thread:] Processing file: D:\Programming\XMLProcessor\input\status — копия (22).xml
2025-09-27 20:41:42.935 +03:00 [INF] [Thread:] Processing file: D:\Programming\XMLProcessor\input\status — копия (28).xml
2025-09-27 20:41:42.935 +03:00 [INF] [Thread:] Processing file: D:\Programming\XMLProcessor\input\status — копия (24).xml
2025-09-27 20:41:42.935 +03:00 [INF] [Thread:] Processing file: D:\Programming\XMLProcessor\input\status — копия (29).xml
2025-09-27 20:41:42.935 +03:00 [INF] [Thread:] Processing file: D:\Programming\XMLProcessor\input\status — копия (30).xml
2025-09-27 20:41:42.935 +03:00 [INF] [Thread:] Processing file: D:\Programming\XMLProcessor\input\status — копия (31).xml
2025-09-27 20:41:42.935 +03:00 [INF] [Thread:] Processing file: D:\Programming\XMLProcessor\input\status — копия (3).xml
2025-09-27 20:41:42.935 +03:00 [INF] [Thread:] Processing file: D:\Programming\XMLProcessor\input\status — копия (23).xml
2025-09-27 20:41:42.955 +03:00 [INF] [Thread:] File status — копия (19).xml moved to error directory.
2025-09-27 20:41:42.983 +03:00 [INF] [Thread:] Processing file: D:\Programming\XMLProcessor\input\status — копия (32).xml
2025-09-27 20:41:43.005 +03:00 [INF] [Thread:] Processing file: D:\Programming\XMLProcessor\input\status — копия (7).xml
2025-09-27 20:41:43.005 +03:00 [INF] [Thread:] Processing file: D:\Programming\XMLProcessor\input\status — копия.xml
2025-09-27 20:41:43.006 +03:00 [INF] [Thread:] Processing file: D:\Programming\XMLProcessor\input\status — копия (33).xml
2025-09-27 20:41:43.006 +03:00 [INF] [Thread:] Processing file: D:\Programming\XMLProcessor\input\status — копия (4).xml
2025-09-27 20:41:43.006 +03:00 [INF] [Thread:] Processing file: D:\Programming\XMLProcessor\input\status — копия (9).xml
2025-09-27 20:41:43.005 +03:00 [INF] [Thread:] Processing file: D:\Programming\XMLProcessor\input\status — копия (8).xml
2025-09-27 20:41:43.006 +03:00 [INF] [Thread:] Processing file: D:\Programming\XMLProcessor\input\status.xml
2025-09-27 20:41:43.006 +03:00 [INF] [Thread:] Processing file: D:\Programming\XMLProcessor\input\status — копия (6).xml
2025-09-27 20:41:43.006 +03:00 [INF] [Thread:] Processing file: D:\Programming\XMLProcessor\input\status — копия (5).xml
2025-09-27 20:41:43.580 +03:00 [INF] [Thread:] Found 33 file(s) to process.
2025-09-27 20:41:43.586 +03:00 [INF] [Thread:] Processing file: D:\Programming\XMLProcessor\input\status — копия (10).xml
2025-09-27 20:41:43.586 +03:00 [INF] [Thread:] Processing file: D:\Programming\XMLProcessor\input\status — копия (11).xml
2025-09-27 20:41:43.586 +03:00 [INF] [Thread:] Processing file: D:\Programming\XMLProcessor\input\status — копия (20).xml
2025-09-27 20:41:43.586 +03:00 [INF] [Thread:] Processing file: D:\Programming\XMLProcessor\input\status — копия (2).xml
2025-09-27 20:41:43.586 +03:00 [INF] [Thread:] Processing file: D:\Programming\XMLProcessor\input\status — копия (18).xml
2025-09-27 20:41:43.586 +03:00 [INF] [Thread:] Processing file: D:\Programming\XMLProcessor\input\status — копия (17).xml
2025-09-27 20:41:43.595 +03:00 [INF] [Thread:] Processing file: D:\Programming\XMLProcessor\input\status — копия (23).xml
2025-09-27 20:41:43.597 +03:00 [INF] [Thread:] Processing file: D:\Programming\XMLProcessor\input\status — копия (24).xml
2025-09-27 20:41:43.602 +03:00 [INF] [Thread:] Processing file: D:\Programming\XMLProcessor\input\status — копия (26).xml
2025-09-27 20:41:43.600 +03:00 [INF] [Thread:] Processing file: D:\Programming\XMLProcessor\input\status — копия (25).xml
2025-09-27 20:41:43.606 +03:00 [INF] [Thread:] Processing file: D:\Programming\XMLProcessor\input\status — копия (28).xml
2025-09-27 20:41:43.605 +03:00 [INF] [Thread:] Processing file: D:\Programming\XMLProcessor\input\status — копия (27).xml
2025-09-27 20:41:43.608 +03:00 [INF] [Thread:] Processing file: D:\Programming\XMLProcessor\input\status — копия (29).xml
2025-09-27 20:41:43.611 +03:00 [INF] [Thread:] Processing file: D:\Programming\XMLProcessor\input\status — копия (3).xml
2025-09-27 20:41:43.613 +03:00 [INF] [Thread:] Processing file: D:\Programming\XMLProcessor\input\status — копия (30).xml
2025-09-27 20:41:43.615 +03:00 [INF] [Thread:] Processing file: D:\Programming\XMLProcessor\input\status — копия (32).xml
2025-09-27 20:41:43.614 +03:00 [INF] [Thread:] Processing file: D:\Programming\XMLProcessor\input\status — копия (31).xml
2025-09-27 20:41:43.619 +03:00 [INF] [Thread:] Processing file: D:\Programming\XMLProcessor\input\status — копия (4).xml
2025-09-27 20:41:43.622 +03:00 [INF] [Thread:] Processing file: D:\Programming\XMLProcessor\input\status — копия (5).xml
2025-09-27 20:41:43.624 +03:00 [INF] [Thread:] Processing file: D:\Programming\XMLProcessor\input\status — копия (6).xml
2025-09-27 20:41:43.627 +03:00 [INF] [Thread:] Processing file: D:\Programming\XMLProcessor\input\status — копия (7).xml
2025-09-27 20:41:43.628 +03:00 [INF] [Thread:] Processing file: D:\Programming\XMLProcessor\input\status — копия (8).xml
2025-09-27 20:41:43.631 +03:00 [INF] [Thread:] Processing file: D:\Programming\XMLProcessor\input\status — копия (9).xml
2025-09-27 20:41:43.633 +03:00 [INF] [Thread:] Processing file: D:\Programming\XMLProcessor\input\status — копия.xml
2025-09-27 20:41:43.617 +03:00 [INF] [Thread:] Processing file: D:\Programming\XMLProcessor\input\status — копия (33).xml
2025-09-27 20:41:43.586 +03:00 [INF] [Thread:] Processing file: D:\Programming\XMLProcessor\input\status — копия (16).xml
2025-09-27 20:41:43.586 +03:00 [INF] [Thread:] Processing file: D:\Programming\XMLProcessor\input\status — копия (15).xml
2025-09-27 20:41:43.586 +03:00 [INF] [Thread:] Processing file: D:\Programming\XMLProcessor\input\status — копия (14).xml
2025-09-27 20:41:43.586 +03:00 [INF] [Thread:] Processing file: D:\Programming\XMLProcessor\input\status — копия (13).xml
2025-09-27 20:41:43.586 +03:00 [INF] [Thread:] Processing file: D:\Programming\XMLProcessor\input\status — копия (12).xml
2025-09-27 20:41:43.586 +03:00 [INF] [Thread:] Processing file: D:\Programming\XMLProcessor\input\status.xml
2025-09-27 20:41:43.592 +03:00 [INF] [Thread:] Processing file: D:\Programming\XMLProcessor\input\status — копия (22).xml
2025-09-27 20:41:43.590 +03:00 [INF] [Thread:] Processing file: D:\Programming\XMLProcessor\input\status — копия (21).xml
2025-09-27 20:41:44.606 +03:00 [INF] [Thread:] Found 33 file(s) to process.
2025-09-27 20:41:44.610 +03:00 [INF] [Thread:] Processing file: D:\Programming\XMLProcessor\input\status — копия (2).xml
2025-09-27 20:41:44.610 +03:00 [INF] [Thread:] Processing file: D:\Programming\XMLProcessor\input\status — копия (16).xml
2025-09-27 20:41:44.610 +03:00 [INF] [Thread:] Processing file: D:\Programming\XMLProcessor\input\status — копия (17).xml
2025-09-27 20:41:44.610 +03:00 [INF] [Thread:] Processing file: D:\Programming\XMLProcessor\input\status — копия (18).xml
2025-09-27 20:41:44.616 +03:00 [INF] [Thread:] Processing file: D:\Programming\XMLProcessor\input\status — копия (21).xml
2025-09-27 20:41:44.615 +03:00 [INF] [Thread:] Processing file: D:\Programming\XMLProcessor\input\status — копия (20).xml
2025-09-27 20:41:44.619 +03:00 [INF] [Thread:] Processing file: D:\Programming\XMLProcessor\input\status — копия (23).xml
2025-09-27 20:41:44.617 +03:00 [INF] [Thread:] Processing file: D:\Programming\XMLProcessor\input\status — копия (22).xml
2025-09-27 20:41:44.622 +03:00 [INF] [Thread:] Processing file: D:\Programming\XMLProcessor\input\status — копия (24).xml
2025-09-27 20:41:44.625 +03:00 [INF] [Thread:] Processing file: D:\Programming\XMLProcessor\input\status — копия (26).xml
2025-09-27 20:41:44.624 +03:00 [INF] [Thread:] Processing file: D:\Programming\XMLProcessor\input\status — копия (25).xml
2025-09-27 20:41:44.628 +03:00 [INF] [Thread:] Processing file: D:\Programming\XMLProcessor\input\status — копия (29).xml
2025-09-27 20:41:44.630 +03:00 [INF] [Thread:] Processing file: D:\Programming\XMLProcessor\input\status — копия (3).xml
2025-09-27 20:41:44.632 +03:00 [INF] [Thread:] Processing file: D:\Programming\XMLProcessor\input\status — копия (30).xml
2025-09-27 20:41:44.633 +03:00 [INF] [Thread:] Processing file: D:\Programming\XMLProcessor\input\status — копия (31).xml
2025-09-27 20:41:44.635 +03:00 [INF] [Thread:] Processing file: D:\Programming\XMLProcessor\input\status — копия (32).xml
2025-09-27 20:41:44.637 +03:00 [INF] [Thread:] Processing file: D:\Programming\XMLProcessor\input\status — копия (33).xml
2025-09-27 20:41:44.638 +03:00 [INF] [Thread:] Processing file: D:\Programming\XMLProcessor\input\status — копия (4).xml
2025-09-27 20:41:44.640 +03:00 [INF] [Thread:] Processing file: D:\Programming\XMLProcessor\input\status — копия (5).xml
2025-09-27 20:41:44.642 +03:00 [INF] [Thread:] Processing file: D:\Programming\XMLProcessor\input\status — копия (6).xml
2025-09-27 20:41:44.643 +03:00 [INF] [Thread:] Processing file: D:\Programming\XMLProcessor\input\status — копия (7).xml
2025-09-27 20:41:44.644 +03:00 [INF] [Thread:] Processing file: D:\Programming\XMLProcessor\input\status — копия (8).xml
2025-09-27 20:41:44.646 +03:00 [INF] [Thread:] Processing file: D:\Programming\XMLProcessor\input\status — копия (9).xml
2025-09-27 20:41:44.648 +03:00 [INF] [Thread:] Processing file: D:\Programming\XMLProcessor\input\status — копия.xml
2025-09-27 20:41:44.627 +03:00 [INF] [Thread:] Processing file: D:\Programming\XMLProcessor\input\status — копия (28).xml
2025-09-27 20:41:44.610 +03:00 [INF] [Thread:] Processing file: D:\Programming\XMLProcessor\input\status — копия (15).xml
2025-09-27 20:41:44.610 +03:00 [INF] [Thread:] Processing file: D:\Programming\XMLProcessor\input\status — копия (12).xml
2025-09-27 20:41:44.610 +03:00 [INF] [Thread:] Processing file: D:\Programming\XMLProcessor\input\status — копия (14).xml
2025-09-27 20:41:44.610 +03:00 [INF] [Thread:] Processing file: D:\Programming\XMLProcessor\input\status — копия (13).xml
2025-09-27 20:41:44.610 +03:00 [INF] [Thread:] Processing file: D:\Programming\XMLProcessor\input\status — копия (11).xml
2025-09-27 20:41:44.626 +03:00 [INF] [Thread:] Processing file: D:\Programming\XMLProcessor\input\status — копия (27).xml
2025-09-27 20:41:44.610 +03:00 [INF] [Thread:] Processing file: D:\Programming\XMLProcessor\input\status — копия (10).xml
2025-09-27 20:41:44.610 +03:00 [INF] [Thread:] Processing file: D:\Programming\XMLProcessor\input\status.xml
2025-09-27 20:41:45.635 +03:00 [INF] [Thread:] Found 33 file(s) to process.
2025-09-27 20:41:45.637 +03:00 [INF] [Thread:] Processing file: D:\Programming\XMLProcessor\input\status — копия (10).xml
2025-09-27 20:41:45.637 +03:00 [INF] [Thread:] Processing file: D:\Programming\XMLProcessor\input\status — копия (11).xml
2025-09-27 20:41:45.638 +03:00 [INF] [Thread:] Processing file: D:\Programming\XMLProcessor\input\status — копия (21).xml
2025-09-27 20:41:45.638 +03:00 [INF] [Thread:] Processing file: D:\Programming\XMLProcessor\input\status — копия (20).xml
2025-09-27 20:41:45.638 +03:00 [INF] [Thread:] Processing file: D:\Programming\XMLProcessor\input\status — копия (2).xml
2025-09-27 20:41:45.649 +03:00 [INF] [Thread:] Processing file: D:\Programming\XMLProcessor\input\status — копия (24).xml
2025-09-27 20:41:45.651 +03:00 [INF] [Thread:] Processing file: D:\Programming\XMLProcessor\input\status — копия (25).xml
2025-09-27 20:41:45.652 +03:00 [INF] [Thread:] Processing file: D:\Programming\XMLProcessor\input\status — копия (26).xml
2025-09-27 20:41:45.654 +03:00 [INF] [Thread:] Processing file: D:\Programming\XMLProcessor\input\status — копия (27).xml
2025-09-27 20:41:45.657 +03:00 [INF] [Thread:] Processing file: D:\Programming\XMLProcessor\input\status — копия (29).xml
2025-09-27 20:41:45.655 +03:00 [INF] [Thread:] Processing file: D:\Programming\XMLProcessor\input\status — копия (28).xml
2025-09-27 20:41:45.658 +03:00 [INF] [Thread:] Processing file: D:\Programming\XMLProcessor\input\status — копия (3).xml
2025-09-27 20:41:45.660 +03:00 [INF] [Thread:] Processing file: D:\Programming\XMLProcessor\input\status — копия (30).xml
2025-09-27 20:41:45.662 +03:00 [INF] [Thread:] Processing file: D:\Programming\XMLProcessor\input\status — копия (31).xml
2025-09-27 20:41:45.663 +03:00 [INF] [Thread:] Processing file: D:\Programming\XMLProcessor\input\status — копия (32).xml
2025-09-27 20:41:45.665 +03:00 [INF] [Thread:] Processing file: D:\Programming\XMLProcessor\input\status — копия (33).xml
2025-09-27 20:41:45.666 +03:00 [INF] [Thread:] Processing file: D:\Programming\XMLProcessor\input\status — копия (4).xml
2025-09-27 20:41:45.668 +03:00 [INF] [Thread:] Processing file: D:\Programming\XMLProcessor\input\status — копия (5).xml
2025-09-27 20:41:45.669 +03:00 [INF] [Thread:] Processing file: D:\Programming\XMLProcessor\input\status — копия (6).xml
2025-09-27 20:41:45.670 +03:00 [INF] [Thread:] Processing file: D:\Programming\XMLProcessor\input\status — копия (7).xml
2025-09-27 20:41:45.672 +03:00 [INF] [Thread:] Processing file: D:\Programming\XMLProcessor\input\status — копия (8).xml
2025-09-27 20:41:45.673 +03:00 [INF] [Thread:] Processing file: D:\Programming\XMLProcessor\input\status — копия (9).xml
2025-09-27 20:41:45.675 +03:00 [INF] [Thread:] Processing file: D:\Programming\XMLProcessor\input\status — копия.xml
2025-09-27 20:41:45.638 +03:00 [INF] [Thread:] Processing file: D:\Programming\XMLProcessor\input\status — копия (17).xml
2025-09-27 20:41:45.638 +03:00 [INF] [Thread:] Processing file: D:\Programming\XMLProcessor\input\status — копия (18).xml
2025-09-27 20:41:45.637 +03:00 [INF] [Thread:] Processing file: D:\Programming\XMLProcessor\input\status — копия (16).xml
2025-09-27 20:41:45.638 +03:00 [INF] [Thread:] Processing file: D:\Programming\XMLProcessor\input\status — копия (15).xml
2025-09-27 20:41:45.637 +03:00 [INF] [Thread:] Processing file: D:\Programming\XMLProcessor\input\status — копия (14).xml
2025-09-27 20:41:45.637 +03:00 [INF] [Thread:] Processing file: D:\Programming\XMLProcessor\input\status — копия (12).xml
2025-09-27 20:41:45.637 +03:00 [INF] [Thread:] Processing file: D:\Programming\XMLProcessor\input\status — копия (13).xml
2025-09-27 20:41:45.647 +03:00 [INF] [Thread:] Processing file: D:\Programming\XMLProcessor\input\status — копия (23).xml
2025-09-27 20:41:45.645 +03:00 [INF] [Thread:] Processing file: D:\Programming\XMLProcessor\input\status — копия (22).xml
2025-09-27 20:41:45.637 +03:00 [INF] [Thread:] Processing file: D:\Programming\XMLProcessor\input\status.xml
2025-09-27 20:41:46.671 +03:00 [INF] [Thread:] Found 33 file(s) to process.
2025-09-27 20:41:46.674 +03:00 [INF] [Thread:] Processing file: D:\Programming\XMLProcessor\input\status — копия (10).xml
2025-09-27 20:41:46.674 +03:00 [INF] [Thread:] Processing file: D:\Programming\XMLProcessor\input\status — копия (2).xml
2025-09-27 20:41:46.674 +03:00 [INF] [Thread:] Processing file: D:\Programming\XMLProcessor\input\status — копия (20).xml
2025-09-27 20:41:46.674 +03:00 [INF] [Thread:] Processing file: D:\Programming\XMLProcessor\input\status — копия (18).xml
2025-09-27 20:41:46.689 +03:00 [INF] [Thread:] Processing file: D:\Programming\XMLProcessor\input\status — копия (23).xml
2025-09-27 20:41:46.688 +03:00 [INF] [Thread:] Processing file: D:\Programming\XMLProcessor\input\status — копия (22).xml
2025-09-27 20:41:46.690 +03:00 [INF] [Thread:] Processing file: D:\Programming\XMLProcessor\input\status — копия (24).xml
2025-09-27 20:41:46.692 +03:00 [INF] [Thread:] Processing file: D:\Programming\XMLProcessor\input\status — копия (25).xml
2025-09-27 20:41:46.694 +03:00 [INF] [Thread:] Processing file: D:\Programming\XMLProcessor\input\status — копия (26).xml
2025-09-27 20:41:46.696 +03:00 [INF] [Thread:] Processing file: D:\Programming\XMLProcessor\input\status — копия (28).xml
2025-09-27 20:41:46.695 +03:00 [INF] [Thread:] Processing file: D:\Programming\XMLProcessor\input\status — копия (27).xml
2025-09-27 20:41:46.698 +03:00 [INF] [Thread:] Processing file: D:\Programming\XMLProcessor\input\status — копия (29).xml
2025-09-27 20:41:46.699 +03:00 [INF] [Thread:] Processing file: D:\Programming\XMLProcessor\input\status — копия (3).xml
2025-09-27 20:41:46.701 +03:00 [INF] [Thread:] Processing file: D:\Programming\XMLProcessor\input\status — копия (30).xml
2025-09-27 20:41:46.704 +03:00 [INF] [Thread:] Processing file: D:\Programming\XMLProcessor\input\status — копия (31).xml
2025-09-27 20:41:46.705 +03:00 [INF] [Thread:] Processing file: D:\Programming\XMLProcessor\input\status — копия (32).xml
2025-09-27 20:41:46.706 +03:00 [INF] [Thread:] Processing file: D:\Programming\XMLProcessor\input\status — копия (33).xml
2025-09-27 20:41:46.709 +03:00 [INF] [Thread:] Processing file: D:\Programming\XMLProcessor\input\status — копия (5).xml
2025-09-27 20:41:46.707 +03:00 [INF] [Thread:] Processing file: D:\Programming\XMLProcessor\input\status — копия (4).xml
2025-09-27 20:41:46.710 +03:00 [INF] [Thread:] Processing file: D:\Programming\XMLProcessor\input\status — копия (6).xml
2025-09-27 20:41:46.712 +03:00 [INF] [Thread:] Processing file: D:\Programming\XMLProcessor\input\status — копия (7).xml
2025-09-27 20:41:46.713 +03:00 [INF] [Thread:] Processing file: D:\Programming\XMLProcessor\input\status — копия (8).xml
2025-09-27 20:41:46.715 +03:00 [INF] [Thread:] Processing file: D:\Programming\XMLProcessor\input\status — копия (9).xml
2025-09-27 20:41:46.717 +03:00 [INF] [Thread:] Processing file: D:\Programming\XMLProcessor\input\status — копия.xml
2025-09-27 20:41:46.674 +03:00 [INF] [Thread:] Processing file: D:\Programming\XMLProcessor\input\status — копия (17).xml
2025-09-27 20:41:46.674 +03:00 [INF] [Thread:] Processing file: D:\Programming\XMLProcessor\input\status — копия (16).xml
2025-09-27 20:41:46.674 +03:00 [INF] [Thread:] Processing file: D:\Programming\XMLProcessor\input\status — копия (15).xml
2025-09-27 20:41:46.674 +03:00 [INF] [Thread:] Processing file: D:\Programming\XMLProcessor\input\status — копия (13).xml
2025-09-27 20:41:46.674 +03:00 [INF] [Thread:] Processing file: D:\Programming\XMLProcessor\input\status — копия (11).xml
2025-09-27 20:41:46.674 +03:00 [INF] [Thread:] Processing file: D:\Programming\XMLProcessor\input\status — копия (14).xml
2025-09-27 20:41:46.674 +03:00 [INF] [Thread:] Processing file: D:\Programming\XMLProcessor\input\status.xml
2025-09-27 20:41:46.674 +03:00 [INF] [Thread:] Processing file: D:\Programming\XMLProcessor\input\status — копия (12).xml
2025-09-27 20:41:46.676 +03:00 [INF] [Thread:] Processing file: D:\Programming\XMLProcessor\input\status — копия (21).xml
2025-09-27 20:41:46.693 +03:00 [WRN] [Thread:] Connection Failed: "rabbitmq://localhost/"
RabbitMQ.Client.Exceptions.BrokerUnreachableException: None of the specified endpoints were reachable
 ---> System.AggregateException: One or more errors occurred. (Connection failed, host 127.0.0.1:5672)
 ---> RabbitMQ.Client.Exceptions.ConnectFailureException: Connection failed, host 127.0.0.1:5672
 ---> System.Net.Sockets.SocketException (10061): Подключение не установлено, т.к. конечный компьютер отверг запрос на подключение.
   at System.Net.Sockets.Socket.AwaitableSocketAsyncEventArgs.ThrowException(SocketError error, CancellationToken cancellationToken)
   at System.Net.Sockets.Socket.AwaitableSocketAsyncEventArgs.System.Threading.Tasks.Sources.IValueTaskSource.GetResult(Int16 token)
   at System.Net.Sockets.Socket.<ConnectAsync>g__WaitForConnectWithCancellation|285_0(AwaitableSocketAsyncEventArgs saea, ValueTask connectTask, CancellationToken cancellationToken)
   at RabbitMQ.Client.Impl.SocketFactory.ConnectUsingAddressFamilyAsync(IPEndPoint endpoint, Func`2 socketFactory, AddressFamily family, TimeSpan connectionTimeout, CancellationToken cancellationToken)
   --- End of inner exception stack trace ---
   at RabbitMQ.Client.Impl.SocketFactory.ConnectUsingAddressFamilyAsync(IPEndPoint endpoint, Func`2 socketFactory, AddressFamily family, TimeSpan connectionTimeout, CancellationToken cancellationToken)
   at RabbitMQ.Client.Impl.SocketFactory.OpenAsync(AmqpTcpEndpoint amqpTcpEndpoint, Func`2 socketFactory, TimeSpan connectionTimeout, CancellationToken cancellationToken)
   at RabbitMQ.Client.Impl.SocketFrameHandler.CreateAsync(AmqpTcpEndpoint amqpTcpEndpoint, Func`2 socketFactory, TimeSpan connectionTimeout, CancellationToken cancellationToken)
   at RabbitMQ.Client.ConnectionFactory.CreateFrameHandlerAsync(AmqpTcpEndpoint endpoint, CancellationToken cancellationToken)
   at RabbitMQ.Client.EndpointResolverExtensions.SelectOneAsync[T](IEndpointResolver resolver, Func`3 selector, CancellationToken cancellationToken)
   --- End of inner exception stack trace ---
   at RabbitMQ.Client.EndpointResolverExtensions.SelectOneAsync[T](IEndpointResolver resolver, Func`3 selector, CancellationToken cancellationToken)
   at RabbitMQ.Client.ConnectionFactory.CreateConnectionAsync(IEndpointResolver endpointResolver, String clientProvidedName, CancellationToken cancellationToken)
   --- End of inner exception stack trace ---
   at RabbitMQ.Client.ConnectionFactory.CreateConnectionAsync(IEndpointResolver endpointResolver, String clientProvidedName, CancellationToken cancellationToken)
   at MassTransit.RabbitMqTransport.ConnectionContextFactory.CreateConnection(ISupervisor supervisor) in /_/src/Transports/MassTransit.RabbitMqTransport/RabbitMqTransport/ConnectionContextFactory.cs:line 101
2025-09-27 20:41:47.684 +03:00 [INF] [Thread:] Found 33 file(s) to process.
2025-09-27 20:41:47.686 +03:00 [INF] [Thread:] Processing file: D:\Programming\XMLProcessor\input\status — копия (11).xml
2025-09-27 20:41:47.686 +03:00 [INF] [Thread:] Processing file: D:\Programming\XMLProcessor\input\status — копия (10).xml
2025-09-27 20:41:47.687 +03:00 [INF] [Thread:] Processing file: D:\Programming\XMLProcessor\input\status — копия (20).xml
2025-09-27 20:41:47.686 +03:00 [INF] [Thread:] Processing file: D:\Programming\XMLProcessor\input\status — копия (14).xml
2025-09-27 20:41:47.687 +03:00 [INF] [Thread:] Processing file: D:\Programming\XMLProcessor\input\status — копия (2).xml
2025-09-27 20:41:47.687 +03:00 [INF] [Thread:] Processing file: D:\Programming\XMLProcessor\input\status — копия (18).xml
2025-09-27 20:41:47.695 +03:00 [INF] [Thread:] Processing file: D:\Programming\XMLProcessor\input\status — копия (22).xml
2025-09-27 20:41:47.700 +03:00 [INF] [Thread:] Processing file: D:\Programming\XMLProcessor\input\status — копия (24).xml
2025-09-27 20:41:47.700 +03:00 [INF] [Thread:] Processing file: D:\Programming\XMLProcessor\input\status — копия (25).xml
2025-09-27 20:41:47.704 +03:00 [INF] [Thread:] Processing file: D:\Programming\XMLProcessor\input\status — копия (27).xml
2025-09-27 20:41:47.705 +03:00 [INF] [Thread:] Processing file: D:\Programming\XMLProcessor\input\status — копия (28).xml
2025-09-27 20:41:47.707 +03:00 [INF] [Thread:] Processing file: D:\Programming\XMLProcessor\input\status — копия (29).xml
2025-09-27 20:41:47.708 +03:00 [INF] [Thread:] Processing file: D:\Programming\XMLProcessor\input\status — копия (3).xml
2025-09-27 20:41:47.710 +03:00 [INF] [Thread:] Processing file: D:\Programming\XMLProcessor\input\status — копия (30).xml
2025-09-27 20:41:47.711 +03:00 [INF] [Thread:] Processing file: D:\Programming\XMLProcessor\input\status — копия (31).xml
2025-09-27 20:41:47.713 +03:00 [INF] [Thread:] Processing file: D:\Programming\XMLProcessor\input\status — копия (32).xml
2025-09-27 20:41:47.715 +03:00 [INF] [Thread:] Processing file: D:\Programming\XMLProcessor\input\status — копия (33).xml
2025-09-27 20:41:47.716 +03:00 [INF] [Thread:] Processing file: D:\Programming\XMLProcessor\input\status — копия (4).xml
2025-09-27 20:41:47.718 +03:00 [INF] [Thread:] Processing file: D:\Programming\XMLProcessor\input\status — копия (5).xml
2025-09-27 20:41:47.720 +03:00 [INF] [Thread:] Processing file: D:\Programming\XMLProcessor\input\status — копия (6).xml
2025-09-27 20:41:47.721 +03:00 [INF] [Thread:] Processing file: D:\Programming\XMLProcessor\input\status — копия (7).xml
2025-09-27 20:41:47.724 +03:00 [INF] [Thread:] Processing file: D:\Programming\XMLProcessor\input\status — копия (9).xml
2025-09-27 20:41:47.723 +03:00 [INF] [Thread:] Processing file: D:\Programming\XMLProcessor\input\status — копия (8).xml
2025-09-27 20:41:47.726 +03:00 [INF] [Thread:] Processing file: D:\Programming\XMLProcessor\input\status — копия.xml
2025-09-27 20:41:47.702 +03:00 [INF] [Thread:] Processing file: D:\Programming\XMLProcessor\input\status — копия (26).xml
2025-09-27 20:41:47.695 +03:00 [INF] [Thread:] Processing file: D:\Programming\XMLProcessor\input\status — копия (23).xml
2025-09-27 20:41:47.686 +03:00 [INF] [Thread:] Processing file: D:\Programming\XMLProcessor\input\status — копия (17).xml
2025-09-27 20:41:47.693 +03:00 [INF] [Thread:] Processing file: D:\Programming\XMLProcessor\input\status — копия (21).xml
2025-09-27 20:41:47.686 +03:00 [INF] [Thread:] Processing file: D:\Programming\XMLProcessor\input\status — копия (12).xml
2025-09-27 20:41:47.686 +03:00 [INF] [Thread:] Processing file: D:\Programming\XMLProcessor\input\status — копия (16).xml
2025-09-27 20:41:47.686 +03:00 [INF] [Thread:] Processing file: D:\Programming\XMLProcessor\input\status — копия (15).xml
2025-09-27 20:41:47.686 +03:00 [INF] [Thread:] Processing file: D:\Programming\XMLProcessor\input\status.xml
2025-09-27 20:41:47.686 +03:00 [INF] [Thread:] Processing file: D:\Programming\XMLProcessor\input\status — копия (13).xml
2025-09-27 20:41:47.820 +03:00 [INF] [Thread:] Retrying "00:00:05.1523114": Broker unreachable: guest@localhost:5672/
MassTransit.RabbitMqConnectionException: Broker unreachable: guest@localhost:5672/
 ---> RabbitMQ.Client.Exceptions.BrokerUnreachableException: None of the specified endpoints were reachable
 ---> System.AggregateException: One or more errors occurred. (Connection failed, host 127.0.0.1:5672)
 ---> RabbitMQ.Client.Exceptions.ConnectFailureException: Connection failed, host 127.0.0.1:5672
 ---> System.Net.Sockets.SocketException (10061): Подключение не установлено, т.к. конечный компьютер отверг запрос на подключение.
   at System.Net.Sockets.Socket.AwaitableSocketAsyncEventArgs.ThrowException(SocketError error, CancellationToken cancellationToken)
   at System.Net.Sockets.Socket.AwaitableSocketAsyncEventArgs.System.Threading.Tasks.Sources.IValueTaskSource.GetResult(Int16 token)
   at System.Net.Sockets.Socket.<ConnectAsync>g__WaitForConnectWithCancellation|285_0(AwaitableSocketAsyncEventArgs saea, ValueTask connectTask, CancellationToken cancellationToken)
   at RabbitMQ.Client.Impl.SocketFactory.ConnectUsingAddressFamilyAsync(IPEndPoint endpoint, Func`2 socketFactory, AddressFamily family, TimeSpan connectionTimeout, CancellationToken cancellationToken)
   --- End of inner exception stack trace ---
   at RabbitMQ.Client.Impl.SocketFactory.ConnectUsingAddressFamilyAsync(IPEndPoint endpoint, Func`2 socketFactory, AddressFamily family, TimeSpan connectionTimeout, CancellationToken cancellationToken)
   at RabbitMQ.Client.Impl.SocketFactory.OpenAsync(AmqpTcpEndpoint amqpTcpEndpoint, Func`2 socketFactory, TimeSpan connectionTimeout, CancellationToken cancellationToken)
   at RabbitMQ.Client.Impl.SocketFrameHandler.CreateAsync(AmqpTcpEndpoint amqpTcpEndpoint, Func`2 socketFactory, TimeSpan connectionTimeout, CancellationToken cancellationToken)
   at RabbitMQ.Client.ConnectionFactory.CreateFrameHandlerAsync(AmqpTcpEndpoint endpoint, CancellationToken cancellationToken)
   at RabbitMQ.Client.EndpointResolverExtensions.SelectOneAsync[T](IEndpointResolver resolver, Func`3 selector, CancellationToken cancellationToken)
   --- End of inner exception stack trace ---
   at RabbitMQ.Client.EndpointResolverExtensions.SelectOneAsync[T](IEndpointResolver resolver, Func`3 selector, CancellationToken cancellationToken)
   at RabbitMQ.Client.ConnectionFactory.CreateConnectionAsync(IEndpointResolver endpointResolver, String clientProvidedName, CancellationToken cancellationToken)
   --- End of inner exception stack trace ---
   at RabbitMQ.Client.ConnectionFactory.CreateConnectionAsync(IEndpointResolver endpointResolver, String clientProvidedName, CancellationToken cancellationToken)
   at MassTransit.RabbitMqTransport.ConnectionContextFactory.CreateConnection(ISupervisor supervisor) in /_/src/Transports/MassTransit.RabbitMqTransport/RabbitMqTransport/ConnectionContextFactory.cs:line 101
   --- End of inner exception stack trace ---
   at MassTransit.RabbitMqTransport.ConnectionContextFactory.CreateConnection(ISupervisor supervisor) in /_/src/Transports/MassTransit.RabbitMqTransport/RabbitMqTransport/ConnectionContextFactory.cs:line 128
   at MassTransit.Internals.TaskExtensions.<>c__DisplayClass2_0`1.<<OrCanceled>g__WaitAsync|0>d.MoveNext()
--- End of stack trace from previous location ---
   at MassTransit.Internals.TaskExtensions.<>c__DisplayClass2_0`1.<<OrCanceled>g__WaitAsync|0>d.MoveNext() in /_/src/MassTransit.Abstractions/Internals/Extensions/TaskExtensions.cs:line 72
--- End of stack trace from previous location ---
   at MassTransit.RabbitMqTransport.ConnectionContextFactory.CreateSharedConnection(Task`1 context, CancellationToken cancellationToken) in /_/src/Transports/MassTransit.RabbitMqTransport/RabbitMqTransport/ConnectionContextFactory.cs:line 73
   at MassTransit.Agents.PipeContextSupervisor`1.Send(IPipe`1 pipe, CancellationToken cancellationToken) in /_/src/MassTransit/Agents/PipeContextSupervisor.cs:line 51
   at MassTransit.Agents.PipeContextSupervisor`1.Send(IPipe`1 pipe, CancellationToken cancellationToken) in /_/src/MassTransit/Agents/PipeContextSupervisor.cs:line 61
   at MassTransit.Agents.PipeContextSupervisor`1.Send(IPipe`1 pipe, CancellationToken cancellationToken) in /_/src/MassTransit/Agents/PipeContextSupervisor.cs:line 67
   at MassTransit.SupervisorExtensions.<>c__DisplayClass5_0`2.<<CreateAgent>g__HandleSupervisorTask|0>d.MoveNext() in /_/src/MassTransit/SupervisorExtensions.cs:line 139
--- End of stack trace from previous location ---
   at MassTransit.SupervisorExtensions.CreateAgent[T,TAgent](ISupervisor`1 supervisor, IAsyncPipeContextAgent`1 asyncContext, Func`3 agentFactory, CancellationToken cancellationToken) in /_/src/MassTransit/SupervisorExtensions.cs:line 158
   at MassTransit.Agents.PipeContextSupervisor`1.Send(IPipe`1 pipe, CancellationToken cancellationToken) in /_/src/MassTransit/Agents/PipeContextSupervisor.cs:line 67
   at MassTransit.Agents.PipeContextSupervisor`1.Send(IPipe`1 pipe, CancellationToken cancellationToken) in /_/src/MassTransit/Agents/PipeContextSupervisor.cs:line 67
   at MassTransit.SupervisorExtensions.<>c__DisplayClass5_0`2.<<CreateAgent>g__HandleSupervisorTask|0>d.MoveNext() in /_/src/MassTransit/SupervisorExtensions.cs:line 139
--- End of stack trace from previous location ---
   at MassTransit.RabbitMqTransport.ScopeChannelContextFactory.CreateSharedChannel(Task`1 context, CancellationToken cancellationToken) in /_/src/Transports/MassTransit.RabbitMqTransport/RabbitMqTransport/ScopeChannelContextFactory.cs:line 51
   at MassTransit.Agents.PipeContextSupervisor`1.Send(IPipe`1 pipe, CancellationToken cancellationToken) in /_/src/MassTransit/Agents/PipeContextSupervisor.cs:line 51
   at MassTransit.RabbitMqTransport.ScopeChannelContextFactory.CreateSharedChannel(Task`1 context, CancellationToken cancellationToken) in /_/src/Transports/MassTransit.RabbitMqTransport/RabbitMqTransport/ScopeChannelContextFactory.cs:line 51
   at MassTransit.RabbitMqTransport.ScopeChannelContextFactory.CreateSharedChannel(Task`1 context, CancellationToken cancellationToken) in /_/src/Transports/MassTransit.RabbitMqTransport/RabbitMqTransport/ScopeChannelContextFactory.cs:line 51
   at MassTransit.Agents.PipeContextSupervisor`1.Send(IPipe`1 pipe, CancellationToken cancellationToken) in /_/src/MassTransit/Agents/PipeContextSupervisor.cs:line 67
   at MassTransit.Agents.PipeContextSupervisor`1.Send(IPipe`1 pipe, CancellationToken cancellationToken) in /_/src/MassTransit/Agents/PipeContextSupervisor.cs:line 51
   at MassTransit.Transports.HostConfigurationRetryExtensions.Retry(IHostConfiguration hostConfiguration, Func`1 factory, CancellationToken cancellationToken, CancellationToken stoppingToken) in /_/src/MassTransit/Transports/HostConfigurationRetryExtensions.cs:line 39
   at MassTransit.Agents.PipeContextSupervisor`1.Send(IPipe`1 pipe, CancellationToken cancellationToken) in /_/src/MassTransit/Agents/PipeContextSupervisor.cs:line 61
   at MassTransit.Agents.PipeContextSupervisor`1.Send(IPipe`1 pipe, CancellationToken cancellationToken) in /_/src/MassTransit/Agents/PipeContextSupervisor.cs:line 67
   at MassTransit.Agents.PipeContextSupervisor`1.Send(IPipe`1 pipe, CancellationToken cancellationToken) in /_/src/MassTransit/Agents/PipeContextSupervisor.cs:line 67
   at MassTransit.Transports.HostConfigurationRetryExtensions.Retry(IHostConfiguration hostConfiguration, Func`1 factory, CancellationToken cancellationToken, CancellationToken stoppingToken) in /_/src/MassTransit/Transports/HostConfigurationRetryExtensions.cs:line 39
   at MassTransit.Agents.PipeContextSupervisor`1.Send(IPipe`1 pipe, CancellationToken cancellationToken) in /_/src/MassTransit/Agents/PipeContextSupervisor.cs:line 67
   at MassTransit.Transports.HostConfigurationRetryExtensions.Retry(IHostConfiguration hostConfiguration, Func`1 factory, CancellationToken cancellationToken, CancellationToken stoppingToken) in /_/src/MassTransit/Transports/HostConfigurationRetryExtensions.cs:line 39
   at MassTransit.Agents.PipeContextSupervisor`1.Send(IPipe`1 pipe, CancellationToken cancellationToken) in /_/src/MassTransit/Agents/PipeContextSupervisor.cs:line 67
   at MassTransit.Transports.HostConfigurationRetryExtensions.Retry(IHostConfiguration hostConfiguration, Func`1 factory, CancellationToken cancellationToken, CancellationToken stoppingToken) in /_/src/MassTransit/Transports/HostConfigurationRetryExtensions.cs:line 39
   at MassTransit.Transports.HostConfigurationRetryExtensions.Retry(IHostConfiguration hostConfiguration, Func`1 factory, CancellationToken cancellationToken, CancellationToken stoppingToken) in /_/src/MassTransit/Transports/HostConfigurationRetryExtensions.cs:line 39
2025-09-27 20:41:48.689 +03:00 [INF] [Thread:] Found 33 file(s) to process.
2025-09-27 20:41:48.692 +03:00 [INF] [Thread:] Processing file: D:\Programming\XMLProcessor\input\status — копия (10).xml
2025-09-27 20:41:48.692 +03:00 [INF] [Thread:] Processing file: D:\Programming\XMLProcessor\input\status — копия (20).xml
2025-09-27 20:41:48.692 +03:00 [INF] [Thread:] Processing file: D:\Programming\XMLProcessor\input\status — копия (11).xml
2025-09-27 20:41:48.692 +03:00 [INF] [Thread:] Processing file: D:\Programming\XMLProcessor\input\status — копия (21).xml
2025-09-27 20:41:48.711 +03:00 [INF] [Thread:] Processing file: D:\Programming\XMLProcessor\input\status — копия (26).xml
2025-09-27 20:41:48.721 +03:00 [INF] [Thread:] Processing file: D:\Programming\XMLProcessor\input\status — копия (28).xml
2025-09-27 20:41:48.728 +03:00 [INF] [Thread:] Processing file: D:\Programming\XMLProcessor\input\status — копия (30).xml
2025-09-27 20:41:48.737 +03:00 [INF] [Thread:] Processing file: D:\Programming\XMLProcessor\input\status — копия (32).xml
2025-09-27 20:41:48.745 +03:00 [INF] [Thread:] Processing file: D:\Programming\XMLProcessor\input\status — копия (33).xml
2025-09-27 20:41:48.721 +03:00 [INF] [Thread:] Processing file: D:\Programming\XMLProcessor\input\status — копия (29).xml
2025-09-27 20:41:48.752 +03:00 [INF] [Thread:] Processing file: D:\Programming\XMLProcessor\input\status — копия (6).xml
2025-09-27 20:41:48.759 +03:00 [INF] [Thread:] Processing file: D:\Programming\XMLProcessor\input\status — копия (8).xml
2025-09-27 20:41:48.767 +03:00 [INF] [Thread:] Processing file: D:\Programming\XMLProcessor\input\status — копия.xml
2025-09-27 20:41:48.693 +03:00 [INF] [Thread:] Processing file: D:\Programming\XMLProcessor\input\status — копия (22).xml
2025-09-27 20:41:48.692 +03:00 [INF] [Thread:] Processing file: D:\Programming\XMLProcessor\input\status — копия (15).xml
2025-09-27 20:41:48.692 +03:00 [INF] [Thread:] Processing file: D:\Programming\XMLProcessor\input\status — копия (14).xml
2025-09-27 20:41:48.692 +03:00 [INF] [Thread:] Processing file: D:\Programming\XMLProcessor\input\status — копия (13).xml
2025-09-27 20:41:48.692 +03:00 [INF] [Thread:] Processing file: D:\Programming\XMLProcessor\input\status.xml
2025-09-27 20:41:48.692 +03:00 [INF] [Thread:] Processing file: D:\Programming\XMLProcessor\input\status — копия (2).xml
2025-09-27 20:41:48.699 +03:00 [INF] [Thread:] Processing file: D:\Programming\XMLProcessor\input\status — копия (23).xml
2025-09-27 20:41:48.692 +03:00 [INF] [Thread:] Processing file: D:\Programming\XMLProcessor\input\status — копия (18).xml
2025-09-27 20:41:48.692 +03:00 [INF] [Thread:] Processing file: D:\Programming\XMLProcessor\input\status — копия (16).xml
2025-09-27 20:41:48.692 +03:00 [INF] [Thread:] Processing file: D:\Programming\XMLProcessor\input\status — копия (17).xml
2025-09-27 20:41:48.692 +03:00 [INF] [Thread:] Processing file: D:\Programming\XMLProcessor\input\status — копия (12).xml
2025-09-27 20:41:48.706 +03:00 [INF] [Thread:] Processing file: D:\Programming\XMLProcessor\input\status — копия (25).xml
2025-09-27 20:41:48.707 +03:00 [INF] [Thread:] Processing file: D:\Programming\XMLProcessor\input\status — копия (24).xml
2025-09-27 20:41:48.714 +03:00 [INF] [Thread:] Processing file: D:\Programming\XMLProcessor\input\status — копия (27).xml
2025-09-27 20:41:48.728 +03:00 [INF] [Thread:] Processing file: D:\Programming\XMLProcessor\input\status — копия (3).xml
2025-09-27 20:41:48.737 +03:00 [INF] [Thread:] Processing file: D:\Programming\XMLProcessor\input\status — копия (31).xml
2025-09-27 20:41:48.745 +03:00 [INF] [Thread:] Processing file: D:\Programming\XMLProcessor\input\status — копия (4).xml
2025-09-27 20:41:48.752 +03:00 [INF] [Thread:] Processing file: D:\Programming\XMLProcessor\input\status — копия (5).xml
2025-09-27 20:41:48.759 +03:00 [INF] [Thread:] Processing file: D:\Programming\XMLProcessor\input\status — копия (7).xml
2025-09-27 20:41:48.767 +03:00 [INF] [Thread:] Processing file: D:\Programming\XMLProcessor\input\status — копия (9).xml
2025-09-27 20:41:49.716 +03:00 [INF] [Thread:] Found 33 file(s) to process.
2025-09-27 20:41:49.718 +03:00 [INF] [Thread:] Processing file: D:\Programming\XMLProcessor\input\status — копия (10).xml
2025-09-27 20:41:49.718 +03:00 [INF] [Thread:] Processing file: D:\Programming\XMLProcessor\input\status — копия (11).xml
2025-09-27 20:41:49.718 +03:00 [INF] [Thread:] Processing file: D:\Programming\XMLProcessor\input\status — копия (20).xml
2025-09-27 20:41:49.718 +03:00 [INF] [Thread:] Processing file: D:\Programming\XMLProcessor\input\status — копия (2).xml
2025-09-27 20:41:49.718 +03:00 [INF] [Thread:] Processing file: D:\Programming\XMLProcessor\input\status — копия (18).xml
2025-09-27 20:41:49.727 +03:00 [INF] [Thread:] Processing file: D:\Programming\XMLProcessor\input\status — копия (23).xml
2025-09-27 20:41:49.730 +03:00 [INF] [Thread:] Processing file: D:\Programming\XMLProcessor\input\status — копия (24).xml
2025-09-27 20:41:49.718 +03:00 [INF] [Thread:] Processing file: D:\Programming\XMLProcessor\input\status — копия (17).xml
2025-09-27 20:41:49.735 +03:00 [INF] [Thread:] Processing file: D:\Programming\XMLProcessor\input\status — копия (25).xml
2025-09-27 20:41:49.737 +03:00 [INF] [Thread:] Processing file: D:\Programming\XMLProcessor\input\status — копия (27).xml
2025-09-27 20:41:49.737 +03:00 [INF] [Thread:] Processing file: D:\Programming\XMLProcessor\input\status — копия (26).xml
2025-09-27 20:41:49.742 +03:00 [INF] [Thread:] Processing file: D:\Programming\XMLProcessor\input\status — копия (29).xml
2025-09-27 20:41:49.744 +03:00 [INF] [Thread:] Processing file: D:\Programming\XMLProcessor\input\status — копия (3).xml
2025-09-27 20:41:49.746 +03:00 [INF] [Thread:] Processing file: D:\Programming\XMLProcessor\input\status — копия (30).xml
2025-09-27 20:41:49.748 +03:00 [INF] [Thread:] Processing file: D:\Programming\XMLProcessor\input\status — копия (31).xml
2025-09-27 20:41:49.750 +03:00 [INF] [Thread:] Processing file: D:\Programming\XMLProcessor\input\status — копия (32).xml
2025-09-27 20:41:49.752 +03:00 [INF] [Thread:] Processing file: D:\Programming\XMLProcessor\input\status — копия (33).xml
2025-09-27 20:41:49.754 +03:00 [INF] [Thread:] Processing file: D:\Programming\XMLProcessor\input\status — копия (4).xml
2025-09-27 20:41:49.756 +03:00 [INF] [Thread:] Processing file: D:\Programming\XMLProcessor\input\status — копия (5).xml
2025-09-27 20:41:49.759 +03:00 [INF] [Thread:] Processing file: D:\Programming\XMLProcessor\input\status — копия (6).xml
2025-09-27 20:41:49.762 +03:00 [INF] [Thread:] Processing file: D:\Programming\XMLProcessor\input\status — копия (7).xml
2025-09-27 20:41:49.764 +03:00 [INF] [Thread:] Processing file: D:\Programming\XMLProcessor\input\status — копия (8).xml
2025-09-27 20:41:49.766 +03:00 [INF] [Thread:] Processing file: D:\Programming\XMLProcessor\input\status — копия (9).xml
2025-09-27 20:41:49.768 +03:00 [INF] [Thread:] Processing file: D:\Programming\XMLProcessor\input\status — копия.xml
2025-09-27 20:41:49.739 +03:00 [INF] [Thread:] Processing file: D:\Programming\XMLProcessor\input\status — копия (28).xml
2025-09-27 20:41:49.718 +03:00 [INF] [Thread:] Processing file: D:\Programming\XMLProcessor\input\status — копия (16).xml
2025-09-27 20:41:49.718 +03:00 [INF] [Thread:] Processing file: D:\Programming\XMLProcessor\input\status — копия (14).xml
2025-09-27 20:41:49.718 +03:00 [INF] [Thread:] Processing file: D:\Programming\XMLProcessor\input\status — копия (15).xml
2025-09-27 20:41:49.718 +03:00 [INF] [Thread:] Processing file: D:\Programming\XMLProcessor\input\status — копия (13).xml
2025-09-27 20:41:49.718 +03:00 [INF] [Thread:] Processing file: D:\Programming\XMLProcessor\input\status.xml
2025-09-27 20:41:49.718 +03:00 [INF] [Thread:] Processing file: D:\Programming\XMLProcessor\input\status — копия (12).xml
2025-09-27 20:41:49.722 +03:00 [INF] [Thread:] Processing file: D:\Programming\XMLProcessor\input\status — копия (21).xml
2025-09-27 20:41:49.725 +03:00 [INF] [Thread:] Processing file: D:\Programming\XMLProcessor\input\status — копия (22).xml
2025-09-27 20:41:50.767 +03:00 [INF] [Thread:] Found 33 file(s) to process.
2025-09-27 20:41:50.769 +03:00 [INF] [Thread:] Processing file: D:\Programming\XMLProcessor\input\status — копия (10).xml
2025-09-27 20:41:50.769 +03:00 [INF] [Thread:] Processing file: D:\Programming\XMLProcessor\input\status — копия (11).xml
2025-09-27 20:41:50.770 +03:00 [INF] [Thread:] Processing file: D:\Programming\XMLProcessor\input\status — копия (20).xml
2025-09-27 20:41:50.770 +03:00 [INF] [Thread:] Processing file: D:\Programming\XMLProcessor\input\status — копия (18).xml
2025-09-27 20:41:50.770 +03:00 [INF] [Thread:] Processing file: D:\Programming\XMLProcessor\input\status — копия (2).xml
2025-09-27 20:41:50.778 +03:00 [INF] [Thread:] Processing file: D:\Programming\XMLProcessor\input\status — копия (23).xml
2025-09-27 20:41:50.783 +03:00 [INF] [Thread:] Processing file: D:\Programming\XMLProcessor\input\status — копия (24).xml
2025-09-27 20:41:50.786 +03:00 [INF] [Thread:] Processing file: D:\Programming\XMLProcessor\input\status — копия (25).xml
2025-09-27 20:41:50.788 +03:00 [INF] [Thread:] Processing file: D:\Programming\XMLProcessor\input\status — копия (26).xml
2025-09-27 20:41:50.790 +03:00 [INF] [Thread:] Processing file: D:\Programming\XMLProcessor\input\status — копия (27).xml
2025-09-27 20:41:50.794 +03:00 [INF] [Thread:] Processing file: D:\Programming\XMLProcessor\input\status — копия (29).xml
2025-09-27 20:41:50.792 +03:00 [INF] [Thread:] Processing file: D:\Programming\XMLProcessor\input\status — копия (28).xml
2025-09-27 20:41:50.796 +03:00 [INF] [Thread:] Processing file: D:\Programming\XMLProcessor\input\status — копия (3).xml
2025-09-27 20:41:50.798 +03:00 [INF] [Thread:] Processing file: D:\Programming\XMLProcessor\input\status — копия (30).xml
2025-09-27 20:41:50.800 +03:00 [INF] [Thread:] Processing file: D:\Programming\XMLProcessor\input\status — копия (31).xml
2025-09-27 20:41:50.805 +03:00 [INF] [Thread:] Processing file: D:\Programming\XMLProcessor\input\status — копия (33).xml
2025-09-27 20:41:50.802 +03:00 [INF] [Thread:] Processing file: D:\Programming\XMLProcessor\input\status — копия (32).xml
2025-09-27 20:41:50.806 +03:00 [INF] [Thread:] Processing file: D:\Programming\XMLProcessor\input\status — копия (4).xml
2025-09-27 20:41:50.809 +03:00 [INF] [Thread:] Processing file: D:\Programming\XMLProcessor\input\status — копия (5).xml
2025-09-27 20:41:50.813 +03:00 [INF] [Thread:] Processing file: D:\Programming\XMLProcessor\input\status — копия (7).xml
2025-09-27 20:41:50.811 +03:00 [INF] [Thread:] Processing file: D:\Programming\XMLProcessor\input\status — копия (6).xml
2025-09-27 20:41:50.815 +03:00 [INF] [Thread:] Processing file: D:\Programming\XMLProcessor\input\status — копия (8).xml
2025-09-27 20:41:50.817 +03:00 [INF] [Thread:] Processing file: D:\Programming\XMLProcessor\input\status — копия (9).xml
2025-09-27 20:41:50.819 +03:00 [INF] [Thread:] Processing file: D:\Programming\XMLProcessor\input\status — копия.xml
2025-09-27 20:41:50.770 +03:00 [INF] [Thread:] Processing file: D:\Programming\XMLProcessor\input\status — копия (17).xml
2025-09-27 20:41:50.770 +03:00 [INF] [Thread:] Processing file: D:\Programming\XMLProcessor\input\status — копия (16).xml
2025-09-27 20:41:50.770 +03:00 [INF] [Thread:] Processing file: D:\Programming\XMLProcessor\input\status — копия (15).xml
2025-09-27 20:41:50.770 +03:00 [INF] [Thread:] Processing file: D:\Programming\XMLProcessor\input\status — копия (14).xml
2025-09-27 20:41:50.770 +03:00 [INF] [Thread:] Processing file: D:\Programming\XMLProcessor\input\status — копия (13).xml
2025-09-27 20:41:50.769 +03:00 [INF] [Thread:] Processing file: D:\Programming\XMLProcessor\input\status — копия (12).xml
2025-09-27 20:41:50.776 +03:00 [INF] [Thread:] Processing file: D:\Programming\XMLProcessor\input\status — копия (22).xml
2025-09-27 20:41:50.773 +03:00 [INF] [Thread:] Processing file: D:\Programming\XMLProcessor\input\status — копия (21).xml
2025-09-27 20:41:50.769 +03:00 [INF] [Thread:] Processing file: D:\Programming\XMLProcessor\input\status.xml
2025-09-27 20:41:51.785 +03:00 [WRN] [Thread:] Connection Failed: "rabbitmq://localhost/"
RabbitMQ.Client.Exceptions.BrokerUnreachableException: None of the specified endpoints were reachable
 ---> System.AggregateException: One or more errors occurred. (Connection failed, host 127.0.0.1:5672)
 ---> RabbitMQ.Client.Exceptions.ConnectFailureException: Connection failed, host 127.0.0.1:5672
 ---> System.Net.Sockets.SocketException (10061): Подключение не установлено, т.к. конечный компьютер отверг запрос на подключение.
   at System.Net.Sockets.Socket.AwaitableSocketAsyncEventArgs.ThrowException(SocketError error, CancellationToken cancellationToken)
   at System.Net.Sockets.Socket.AwaitableSocketAsyncEventArgs.System.Threading.Tasks.Sources.IValueTaskSource.GetResult(Int16 token)
   at System.Net.Sockets.Socket.<ConnectAsync>g__WaitForConnectWithCancellation|285_0(AwaitableSocketAsyncEventArgs saea, ValueTask connectTask, CancellationToken cancellationToken)
   at RabbitMQ.Client.Impl.SocketFactory.ConnectUsingAddressFamilyAsync(IPEndPoint endpoint, Func`2 socketFactory, AddressFamily family, TimeSpan connectionTimeout, CancellationToken cancellationToken)
   --- End of inner exception stack trace ---
   at RabbitMQ.Client.Impl.SocketFactory.ConnectUsingAddressFamilyAsync(IPEndPoint endpoint, Func`2 socketFactory, AddressFamily family, TimeSpan connectionTimeout, CancellationToken cancellationToken)
   at RabbitMQ.Client.Impl.SocketFactory.OpenAsync(AmqpTcpEndpoint amqpTcpEndpoint, Func`2 socketFactory, TimeSpan connectionTimeout, CancellationToken cancellationToken)
   at RabbitMQ.Client.Impl.SocketFrameHandler.CreateAsync(AmqpTcpEndpoint amqpTcpEndpoint, Func`2 socketFactory, TimeSpan connectionTimeout, CancellationToken cancellationToken)
   at RabbitMQ.Client.ConnectionFactory.CreateFrameHandlerAsync(AmqpTcpEndpoint endpoint, CancellationToken cancellationToken)
   at RabbitMQ.Client.EndpointResolverExtensions.SelectOneAsync[T](IEndpointResolver resolver, Func`3 selector, CancellationToken cancellationToken)
   --- End of inner exception stack trace ---
   at RabbitMQ.Client.EndpointResolverExtensions.SelectOneAsync[T](IEndpointResolver resolver, Func`3 selector, CancellationToken cancellationToken)
   at RabbitMQ.Client.ConnectionFactory.CreateConnectionAsync(IEndpointResolver endpointResolver, String clientProvidedName, CancellationToken cancellationToken)
   --- End of inner exception stack trace ---
   at RabbitMQ.Client.ConnectionFactory.CreateConnectionAsync(IEndpointResolver endpointResolver, String clientProvidedName, CancellationToken cancellationToken)
   at MassTransit.RabbitMqTransport.ConnectionContextFactory.CreateConnection(ISupervisor supervisor) in /_/src/Transports/MassTransit.RabbitMqTransport/RabbitMqTransport/ConnectionContextFactory.cs:line 101
2025-09-27 20:41:51.797 +03:00 [INF] [Thread:] Found 33 file(s) to process.
2025-09-27 20:41:51.809 +03:00 [INF] [Thread:] Processing file: D:\Programming\XMLProcessor\input\status.xml
2025-09-27 20:41:51.809 +03:00 [INF] [Thread:] Processing file: D:\Programming\XMLProcessor\input\status — копия (10).xml
2025-09-27 20:41:51.811 +03:00 [INF] [Thread:] Processing file: D:\Programming\XMLProcessor\input\status — копия (11).xml
2025-09-27 20:41:51.818 +03:00 [INF] [Thread:] Processing file: D:\Programming\XMLProcessor\input\status — копия (12).xml
2025-09-27 20:41:51.828 +03:00 [INF] [Thread:] Processing file: D:\Programming\XMLProcessor\input\status — копия (13).xml
2025-09-27 20:41:51.839 +03:00 [INF] [Thread:] Processing file: D:\Programming\XMLProcessor\input\status — копия (14).xml
2025-09-27 20:41:51.839 +03:00 [INF] [Thread:] Processing file: D:\Programming\XMLProcessor\input\status — копия (15).xml
2025-09-27 20:41:51.859 +03:00 [INF] [Thread:] Processing file: D:\Programming\XMLProcessor\input\status — копия (16).xml
2025-09-27 20:41:51.862 +03:00 [INF] [Thread:] Processing file: D:\Programming\XMLProcessor\input\status — копия.xml
2025-09-27 20:41:51.866 +03:00 [INF] [Thread:] Processing file: D:\Programming\XMLProcessor\input\status — копия (2).xml
2025-09-27 20:41:51.872 +03:00 [INF] [Thread:] Processing file: D:\Programming\XMLProcessor\input\status — копия (17).xml
2025-09-27 20:41:51.873 +03:00 [INF] [Thread:] Processing file: D:\Programming\XMLProcessor\input\status — копия (18).xml
2025-09-27 20:41:51.881 +03:00 [INF] [Thread:] Processing file: D:\Programming\XMLProcessor\input\status — копия (20).xml
2025-09-27 20:41:51.883 +03:00 [INF] [Thread:] Processing file: D:\Programming\XMLProcessor\input\status — копия (21).xml
2025-09-27 20:41:51.891 +03:00 [INF] [Thread:] Processing file: D:\Programming\XMLProcessor\input\status — копия (22).xml
2025-09-27 20:41:51.903 +03:00 [INF] [Thread:] Processing file: D:\Programming\XMLProcessor\input\status — копия (9).xml
2025-09-27 20:41:51.907 +03:00 [INF] [Thread:] Processing file: D:\Programming\XMLProcessor\input\status — копия (23).xml
2025-09-27 20:41:51.911 +03:00 [INF] [Thread:] Processing file: D:\Programming\XMLProcessor\input\status — копия (5).xml
2025-09-27 20:41:51.911 +03:00 [INF] [Thread:] Processing file: D:\Programming\XMLProcessor\input\status — копия (7).xml
2025-09-27 20:41:51.911 +03:00 [INF] [Thread:] Processing file: D:\Programming\XMLProcessor\input\status — копия (6).xml
2025-09-27 20:41:51.911 +03:00 [INF] [Thread:] Processing file: D:\Programming\XMLProcessor\input\status — копия (31).xml
2025-09-27 20:41:51.908 +03:00 [INF] [Thread:] Processing file: D:\Programming\XMLProcessor\input\status — копия (25).xml
2025-09-27 20:41:51.908 +03:00 [INF] [Thread:] Processing file: D:\Programming\XMLProcessor\input\status — копия (24).xml
2025-09-27 20:41:51.911 +03:00 [INF] [Thread:] Processing file: D:\Programming\XMLProcessor\input\status — копия (3).xml
2025-09-27 20:41:51.911 +03:00 [INF] [Thread:] Processing file: D:\Programming\XMLProcessor\input\status — копия (33).xml
2025-09-27 20:41:51.908 +03:00 [INF] [Thread:] Processing file: D:\Programming\XMLProcessor\input\status — копия (27).xml
2025-09-27 20:41:51.909 +03:00 [INF] [Thread:] Processing file: D:\Programming\XMLProcessor\input\status — копия (29).xml
2025-09-27 20:41:51.911 +03:00 [INF] [Thread:] Processing file: D:\Programming\XMLProcessor\input\status — копия (30).xml
2025-09-27 20:41:51.908 +03:00 [INF] [Thread:] Processing file: D:\Programming\XMLProcessor\input\status — копия (26).xml
2025-09-27 20:41:51.911 +03:00 [INF] [Thread:] Processing file: D:\Programming\XMLProcessor\input\status — копия (4).xml
2025-09-27 20:41:51.916 +03:00 [INF] [Thread:] Processing file: D:\Programming\XMLProcessor\input\status — копия (8).xml
2025-09-27 20:41:51.908 +03:00 [INF] [Thread:] Processing file: D:\Programming\XMLProcessor\input\status — копия (28).xml
2025-09-27 20:41:51.911 +03:00 [INF] [Thread:] Processing file: D:\Programming\XMLProcessor\input\status — копия (32).xml
2025-09-27 20:42:59.912 +03:00 [INF] [Thread:] FileParserService started. Watching directory: D:\Programming\XMLProcessor\input
2025-09-27 20:43:00.051 +03:00 [INF] [Thread:] Found 33 file(s) to process.
2025-09-27 20:43:00.187 +03:00 [INF] [Thread:] Processing file: D:\Programming\XMLProcessor\input\status — копия (11).xml
2025-09-27 20:43:00.187 +03:00 [INF] [Thread:] Processing file: D:\Programming\XMLProcessor\input\status — копия (14).xml
2025-09-27 20:43:00.187 +03:00 [INF] [Thread:] Processing file: D:\Programming\XMLProcessor\input\status — копия (16).xml
2025-09-27 20:43:00.187 +03:00 [INF] [Thread:] Processing file: D:\Programming\XMLProcessor\input\status — копия (15).xml
2025-09-27 20:43:00.187 +03:00 [INF] [Thread:] Processing file: D:\Programming\XMLProcessor\input\status — копия (12).xml
2025-09-27 20:43:00.187 +03:00 [INF] [Thread:] Processing file: D:\Programming\XMLProcessor\input\status — копия (10).xml
2025-09-27 20:43:00.187 +03:00 [INF] [Thread:] Processing file: D:\Programming\XMLProcessor\input\status — копия (13).xml
2025-09-27 20:43:00.187 +03:00 [INF] [Thread:] Processing file: D:\Programming\XMLProcessor\input\status — копия (17).xml
2025-09-27 20:43:00.187 +03:00 [INF] [Thread:] Processing file: D:\Programming\XMLProcessor\input\status — копия (18).xml
2025-09-27 20:43:00.216 +03:00 [INF] [Thread:] Processing file: D:\Programming\XMLProcessor\input\status — копия (21).xml
2025-09-27 20:43:00.216 +03:00 [INF] [Thread:] Processing file: D:\Programming\XMLProcessor\input\status — копия (22).xml
2025-09-27 20:43:00.216 +03:00 [INF] [Thread:] Processing file: D:\Programming\XMLProcessor\input\status — копия (23).xml
2025-09-27 20:43:00.187 +03:00 [INF] [Thread:] Processing file: D:\Programming\XMLProcessor\input\status — копия (2).xml
2025-09-27 20:43:00.187 +03:00 [INF] [Thread:] Processing file: D:\Programming\XMLProcessor\input\status — копия (20).xml
2025-09-27 20:43:00.449 +03:00 [INF] [Thread:] Processing file: D:\Programming\XMLProcessor\input\status — копия (29).xml
2025-09-27 20:43:00.449 +03:00 [INF] [Thread:] Processing file: D:\Programming\XMLProcessor\input\status — копия (25).xml
2025-09-27 20:43:00.449 +03:00 [INF] [Thread:] Processing file: D:\Programming\XMLProcessor\input\status — копия (26).xml
2025-09-27 20:43:00.449 +03:00 [INF] [Thread:] Processing file: D:\Programming\XMLProcessor\input\status — копия (3).xml
2025-09-27 20:43:00.449 +03:00 [INF] [Thread:] Processing file: D:\Programming\XMLProcessor\input\status — копия (30).xml
2025-09-27 20:43:00.449 +03:00 [INF] [Thread:] Processing file: D:\Programming\XMLProcessor\input\status — копия (24).xml
2025-09-27 20:43:00.449 +03:00 [INF] [Thread:] Processing file: D:\Programming\XMLProcessor\input\status — копия (31).xml
2025-09-27 20:43:00.449 +03:00 [INF] [Thread:] Processing file: D:\Programming\XMLProcessor\input\status — копия (28).xml
2025-09-27 20:43:00.449 +03:00 [INF] [Thread:] Processing file: D:\Programming\XMLProcessor\input\status — копия (27).xml
2025-09-27 20:43:00.478 +03:00 [INF] [Thread:] Processing file: D:\Programming\XMLProcessor\input\status — копия (32).xml
2025-09-27 20:43:00.511 +03:00 [INF] [Thread:] Processing file: D:\Programming\XMLProcessor\input\status — копия (33).xml
2025-09-27 20:43:00.511 +03:00 [INF] [Thread:] Processing file: D:\Programming\XMLProcessor\input\status — копия (6).xml
2025-09-27 20:43:00.511 +03:00 [INF] [Thread:] Processing file: D:\Programming\XMLProcessor\input\status — копия (4).xml
2025-09-27 20:43:00.511 +03:00 [INF] [Thread:] Processing file: D:\Programming\XMLProcessor\input\status — копия (9).xml
2025-09-27 20:43:00.511 +03:00 [INF] [Thread:] Processing file: D:\Programming\XMLProcessor\input\status — копия (7).xml
2025-09-27 20:43:00.511 +03:00 [INF] [Thread:] Processing file: D:\Programming\XMLProcessor\input\status — копия (8).xml
2025-09-27 20:43:00.511 +03:00 [INF] [Thread:] Processing file: D:\Programming\XMLProcessor\input\status.xml
2025-09-27 20:43:00.511 +03:00 [INF] [Thread:] Processing file: D:\Programming\XMLProcessor\input\status — копия (5).xml
2025-09-27 20:43:00.511 +03:00 [INF] [Thread:] Processing file: D:\Programming\XMLProcessor\input\status — копия.xml
2025-09-27 20:43:00.549 +03:00 [INF] [Thread:] Bus started: "rabbitmq://localhost/"
2025-09-27 20:43:00.771 +03:00 [INF] [Thread:] Successfully processed and published data for 3 modules from file: D:\Programming\XMLProcessor\input\status — копия (20).xml
2025-09-27 20:43:00.771 +03:00 [INF] [Thread:] Successfully processed and published data for 3 modules from file: D:\Programming\XMLProcessor\input\status — копия (30).xml
2025-09-27 20:43:00.781 +03:00 [INF] [Thread:] Successfully processed and published data for 3 modules from file: D:\Programming\XMLProcessor\input\status — копия (8).xml
2025-09-27 20:43:00.782 +03:00 [INF] [Thread:] Successfully processed and published data for 3 modules from file: D:\Programming\XMLProcessor\input\status — копия (28).xml
2025-09-27 20:43:00.783 +03:00 [INF] [Thread:] Successfully processed and published data for 3 modules from file: D:\Programming\XMLProcessor\input\status — копия (31).xml
2025-09-27 20:43:00.783 +03:00 [INF] [Thread:] Successfully processed and published data for 3 modules from file: D:\Programming\XMLProcessor\input\status — копия (3).xml
2025-09-27 20:43:00.783 +03:00 [INF] [Thread:] Successfully processed and published data for 3 modules from file: D:\Programming\XMLProcessor\input\status — копия (25).xml
2025-09-27 20:43:00.783 +03:00 [INF] [Thread:] Successfully processed and published data for 3 modules from file: D:\Programming\XMLProcessor\input\status — копия (27).xml
2025-09-27 20:43:00.783 +03:00 [INF] [Thread:] Successfully processed and published data for 3 modules from file: D:\Programming\XMLProcessor\input\status — копия (10).xml
2025-09-27 20:43:00.783 +03:00 [INF] [Thread:] Successfully processed and published data for 3 modules from file: D:\Programming\XMLProcessor\input\status — копия.xml
2025-09-27 20:43:00.783 +03:00 [INF] [Thread:] Successfully processed and published data for 3 modules from file: D:\Programming\XMLProcessor\input\status — копия (33).xml
2025-09-27 20:43:00.783 +03:00 [INF] [Thread:] Successfully processed and published data for 3 modules from file: D:\Programming\XMLProcessor\input\status — копия (2).xml
2025-09-27 20:43:00.783 +03:00 [INF] [Thread:] Successfully processed and published data for 3 modules from file: D:\Programming\XMLProcessor\input\status — копия (32).xml
2025-09-27 20:43:00.783 +03:00 [INF] [Thread:] Successfully processed and published data for 3 modules from file: D:\Programming\XMLProcessor\input\status — копия (11).xml
2025-09-27 20:43:00.783 +03:00 [INF] [Thread:] Successfully processed and published data for 3 modules from file: D:\Programming\XMLProcessor\input\status — копия (7).xml
2025-09-27 20:43:00.784 +03:00 [INF] [Thread:] Successfully processed and published data for 3 modules from file: D:\Programming\XMLProcessor\input\status — копия (29).xml
2025-09-27 20:43:00.785 +03:00 [INF] [Thread:] Successfully processed and published data for 3 modules from file: D:\Programming\XMLProcessor\input\status — копия (24).xml
2025-09-27 20:43:00.787 +03:00 [INF] [Thread:] Successfully processed and published data for 3 modules from file: D:\Programming\XMLProcessor\input\status — копия (26).xml
2025-09-27 20:43:00.788 +03:00 [INF] [Thread:] Successfully processed and published data for 3 modules from file: D:\Programming\XMLProcessor\input\status — копия (6).xml
2025-09-27 20:43:00.790 +03:00 [INF] [Thread:] Successfully processed and published data for 3 modules from file: D:\Programming\XMLProcessor\input\status — копия (14).xml
2025-09-27 20:43:00.792 +03:00 [INF] [Thread:] Successfully processed and published data for 3 modules from file: D:\Programming\XMLProcessor\input\status — копия (9).xml
2025-09-27 20:43:00.793 +03:00 [INF] [Thread:] Successfully processed and published data for 3 modules from file: D:\Programming\XMLProcessor\input\status — копия (23).xml
2025-09-27 20:43:00.794 +03:00 [INF] [Thread:] Successfully processed and published data for 3 modules from file: D:\Programming\XMLProcessor\input\status — копия (21).xml
2025-09-27 20:43:00.795 +03:00 [INF] [Thread:] Successfully processed and published data for 3 modules from file: D:\Programming\XMLProcessor\input\status — копия (18).xml
2025-09-27 20:43:00.797 +03:00 [INF] [Thread:] Successfully processed and published data for 3 modules from file: D:\Programming\XMLProcessor\input\status — копия (4).xml
2025-09-27 20:43:00.799 +03:00 [INF] [Thread:] Successfully processed and published data for 3 modules from file: D:\Programming\XMLProcessor\input\status — копия (16).xml
2025-09-27 20:43:00.801 +03:00 [INF] [Thread:] Successfully processed and published data for 3 modules from file: D:\Programming\XMLProcessor\input\status — копия (5).xml
2025-09-27 20:43:00.802 +03:00 [INF] [Thread:] Successfully processed and published data for 3 modules from file: D:\Programming\XMLProcessor\input\status — копия (17).xml
2025-09-27 20:43:00.803 +03:00 [INF] [Thread:] Successfully processed and published data for 3 modules from file: D:\Programming\XMLProcessor\input\status.xml
2025-09-27 20:43:00.804 +03:00 [INF] [Thread:] Successfully processed and published data for 3 modules from file: D:\Programming\XMLProcessor\input\status — копия (12).xml
2025-09-27 20:43:00.806 +03:00 [INF] [Thread:] Successfully processed and published data for 3 modules from file: D:\Programming\XMLProcessor\input\status — копия (13).xml
2025-09-27 20:43:00.808 +03:00 [INF] [Thread:] Successfully processed and published data for 3 modules from file: D:\Programming\XMLProcessor\input\status — копия (22).xml
2025-09-27 20:43:00.810 +03:00 [INF] [Thread:] Successfully processed and published data for 3 modules from file: D:\Programming\XMLProcessor\input\status — копия (15).xml
2025-09-27 21:09:32.132 +03:00 [INF] [Thread:] File processing mode is set to: TrackLastModified
2025-09-27 21:09:32.247 +03:00 [INF] [Thread:] FileParserService started. Watching directory: D:\Programming\XMLProcessor\input
2025-09-27 21:09:32.250 +03:00 [INF] [Thread:] Found 39 file(s) to process in 'TrackLastModified' mode.
2025-09-27 21:09:32.450 +03:00 [INF] [Thread:] Processing file: D:\Programming\XMLProcessor\input\status — копия (16).xml
2025-09-27 21:09:32.450 +03:00 [INF] [Thread:] Processing file: D:\Programming\XMLProcessor\input\status — копия (11).xml
2025-09-27 21:09:32.450 +03:00 [INF] [Thread:] Processing file: D:\Programming\XMLProcessor\input\status — копия (10).xml
2025-09-27 21:09:32.450 +03:00 [INF] [Thread:] Processing file: D:\Programming\XMLProcessor\input\status — копия (2).xml
2025-09-27 21:09:32.450 +03:00 [INF] [Thread:] Processing file: D:\Programming\XMLProcessor\input\status — копия (12).xml
2025-09-27 21:09:32.450 +03:00 [INF] [Thread:] Processing file: D:\Programming\XMLProcessor\input\status — копия (13).xml
2025-09-27 21:09:32.450 +03:00 [INF] [Thread:] Processing file: D:\Programming\XMLProcessor\input\status — копия (14).xml
2025-09-27 21:09:32.450 +03:00 [INF] [Thread:] Processing file: D:\Programming\XMLProcessor\input\status — копия (15).xml
2025-09-27 21:09:32.450 +03:00 [INF] [Thread:] Processing file: D:\Programming\XMLProcessor\input\status — копия (17).xml
2025-09-27 21:09:32.450 +03:00 [INF] [Thread:] Processing file: D:\Programming\XMLProcessor\input\status — копия (18).xml
2025-09-27 21:09:32.483 +03:00 [INF] [Thread:] Processing file: D:\Programming\XMLProcessor\input\status — копия (21).xml
2025-09-27 21:09:32.483 +03:00 [INF] [Thread:] Processing file: D:\Programming\XMLProcessor\input\status — копия (20).xml
2025-09-27 21:09:32.509 +03:00 [INF] [Thread:] Processing file: D:\Programming\XMLProcessor\input\status — копия (22).xml
2025-09-27 21:09:32.450 +03:00 [INF] [Thread:] Processing file: D:\Programming\XMLProcessor\input\status — копия (19).xml
2025-09-27 21:09:32.735 +03:00 [INF] [Thread:] Processing file: D:\Programming\XMLProcessor\input\status — копия (30).xml
2025-09-27 21:09:32.735 +03:00 [INF] [Thread:] Processing file: D:\Programming\XMLProcessor\input\status — копия (27).xml
2025-09-27 21:09:32.735 +03:00 [INF] [Thread:] Processing file: D:\Programming\XMLProcessor\input\status — копия (29).xml
2025-09-27 21:09:32.735 +03:00 [INF] [Thread:] Processing file: D:\Programming\XMLProcessor\input\status — копия (26).xml
2025-09-27 21:09:32.735 +03:00 [INF] [Thread:] Processing file: D:\Programming\XMLProcessor\input\status — копия (24).xml
2025-09-27 21:09:32.735 +03:00 [INF] [Thread:] Processing file: D:\Programming\XMLProcessor\input\status — копия (23).xml
2025-09-27 21:09:32.735 +03:00 [INF] [Thread:] Processing file: D:\Programming\XMLProcessor\input\status — копия (32).xml
2025-09-27 21:09:32.735 +03:00 [INF] [Thread:] Processing file: D:\Programming\XMLProcessor\input\status — копия (28).xml
2025-09-27 21:09:32.735 +03:00 [INF] [Thread:] Processing file: D:\Programming\XMLProcessor\input\status — копия (25).xml
2025-09-27 21:09:32.735 +03:00 [INF] [Thread:] Processing file: D:\Programming\XMLProcessor\input\status — копия (3).xml
2025-09-27 21:09:32.735 +03:00 [INF] [Thread:] Processing file: D:\Programming\XMLProcessor\input\status — копия (31).xml
2025-09-27 21:09:32.814 +03:00 [ERR] [Thread:] An error occurred while processing file D:\Programming\XMLProcessor\input\status — копия (26).xml.
System.InvalidOperationException: There is an error in XML document (11, 9).
 ---> System.Xml.XmlException: Name cannot begin with the '<' character, hexadecimal value 0x3C. Line 11, position 9.
   at System.Xml.XmlTextReaderImpl.Throw(Exception e)
   at System.Xml.XmlTextReaderImpl.Throw(String res, String[] args)
   at System.Xml.XmlTextReaderImpl.ParseAttributes()
   at System.Xml.XmlTextReaderImpl.ParseElement()
   at System.Xml.XmlTextReaderImpl.ParseElementContent()
   at System.Xml.XmlReader.FinishReadElementContentAsXxx()
   at System.Xml.XmlReader.ReadElementContentAsString()
   at Microsoft.Xml.Serialization.GeneratedAssembly.XmlSerializationReaderInstrumentStatus.Read2_DeviceStatus(Boolean isNullable, Boolean checkType)
   at Microsoft.Xml.Serialization.GeneratedAssembly.XmlSerializationReaderInstrumentStatus.Read3_InstrumentStatus(Boolean isNullable, Boolean checkType)
   at Microsoft.Xml.Serialization.GeneratedAssembly.XmlSerializationReaderInstrumentStatus.Read4_InstrumentStatus()
   at InvokeStub_XmlSerializationReaderInstrumentStatus.Read4_InstrumentStatus(Object, Object, IntPtr*)
   at System.Reflection.MethodBaseInvoker.InvokeWithNoArgs(Object obj, BindingFlags invokeAttr)
   --- End of inner exception stack trace ---
   at System.Xml.Serialization.XmlSerializer.Deserialize(XmlReader xmlReader, String encodingStyle, XmlDeserializationEvents events)
   at System.Xml.Serialization.XmlSerializer.Deserialize(TextReader textReader)
   at FileParserService.Services.FileProcessorService.ProcessFileAsync(String filePath) in D:\Programming\XMLProcessor\FileParserServiceSln\FileParserService\Services\FileProcessorService.cs:line 53
2025-09-27 21:09:32.853 +03:00 [INF] [Thread:] Processing file: D:\Programming\XMLProcessor\input\status — копия (36).xml
2025-09-27 21:09:32.853 +03:00 [INF] [Thread:] Processing file: D:\Programming\XMLProcessor\input\status — копия (35).xml
2025-09-27 21:09:32.853 +03:00 [INF] [Thread:] Processing file: D:\Programming\XMLProcessor\input\status — копия (34).xml
2025-09-27 21:09:32.861 +03:00 [INF] [Thread:] Processing file: D:\Programming\XMLProcessor\input\status — копия (9).xml
2025-09-27 21:09:32.853 +03:00 [INF] [Thread:] Processing file: D:\Programming\XMLProcessor\input\status — копия (7).xml
2025-09-27 21:09:32.868 +03:00 [INF] [Thread:] Processing file: D:\Programming\XMLProcessor\input\status.xml
2025-09-27 21:09:32.853 +03:00 [INF] [Thread:] Processing file: D:\Programming\XMLProcessor\input\status — копия (38).xml
2025-09-27 21:09:32.853 +03:00 [INF] [Thread:] Processing file: D:\Programming\XMLProcessor\input\status — копия (5).xml
2025-09-27 21:09:32.853 +03:00 [INF] [Thread:] Processing file: D:\Programming\XMLProcessor\input\status — копия (4).xml
2025-09-27 21:09:32.853 +03:00 [INF] [Thread:] Processing file: D:\Programming\XMLProcessor\input\status — копия (6).xml
2025-09-27 21:09:32.863 +03:00 [INF] [Thread:] Processing file: D:\Programming\XMLProcessor\input\status — копия.xml
2025-09-27 21:09:32.853 +03:00 [INF] [Thread:] Processing file: D:\Programming\XMLProcessor\input\status — копия (37).xml
2025-09-27 21:09:32.853 +03:00 [INF] [Thread:] Processing file: D:\Programming\XMLProcessor\input\status — копия (33).xml
2025-09-27 21:09:32.853 +03:00 [INF] [Thread:] Processing file: D:\Programming\XMLProcessor\input\status — копия (8).xml
2025-09-27 21:09:33.026 +03:00 [INF] [Thread:] Bus started: "rabbitmq://localhost/"
2025-09-27 21:09:33.385 +03:00 [INF] [Thread:] Successfully processed and published data for 3 modules from file: D:\Programming\XMLProcessor\input\status — копия (8).xml
2025-09-27 21:09:33.385 +03:00 [INF] [Thread:] Successfully processed and published data for 3 modules from file: D:\Programming\XMLProcessor\input\status — копия (31).xml
2025-09-27 21:09:33.408 +03:00 [INF] [Thread:] Successfully processed and published data for 3 modules from file: D:\Programming\XMLProcessor\input\status — копия (32).xml
2025-09-27 21:09:33.408 +03:00 [INF] [Thread:] Successfully processed and published data for 3 modules from file: D:\Programming\XMLProcessor\input\status — копия (29).xml
2025-09-27 21:09:33.409 +03:00 [INF] [Thread:] Successfully processed and published data for 3 modules from file: D:\Programming\XMLProcessor\input\status — копия (23).xml
2025-09-27 21:09:33.408 +03:00 [INF] [Thread:] Successfully processed and published data for 3 modules from file: D:\Programming\XMLProcessor\input\status — копия (19).xml
2025-09-27 21:09:33.408 +03:00 [INF] [Thread:] Successfully processed and published data for 3 modules from file: D:\Programming\XMLProcessor\input\status — копия.xml
2025-09-27 21:09:33.408 +03:00 [INF] [Thread:] Successfully processed and published data for 3 modules from file: D:\Programming\XMLProcessor\input\status — копия (24).xml
2025-09-27 21:09:33.409 +03:00 [INF] [Thread:] Successfully processed and published data for 3 modules from file: D:\Programming\XMLProcessor\input\status — копия (28).xml
2025-09-27 21:09:33.409 +03:00 [INF] [Thread:] Successfully processed and published data for 3 modules from file: D:\Programming\XMLProcessor\input\status — копия (30).xml
2025-09-27 21:09:33.409 +03:00 [INF] [Thread:] Successfully processed and published data for 3 modules from file: D:\Programming\XMLProcessor\input\status — копия (10).xml
2025-09-27 21:09:33.409 +03:00 [INF] [Thread:] Successfully processed and published data for 3 modules from file: D:\Programming\XMLProcessor\input\status — копия (37).xml
2025-09-27 21:09:33.409 +03:00 [INF] [Thread:] Successfully processed and published data for 3 modules from file: D:\Programming\XMLProcessor\input\status — копия (17).xml
2025-09-27 21:09:33.409 +03:00 [INF] [Thread:] Successfully processed and published data for 3 modules from file: D:\Programming\XMLProcessor\input\status — копия (33).xml
2025-09-27 21:09:33.409 +03:00 [INF] [Thread:] Successfully processed and published data for 3 modules from file: D:\Programming\XMLProcessor\input\status — копия (3).xml
2025-09-27 21:09:33.410 +03:00 [INF] [Thread:] Successfully processed and published data for 3 modules from file: D:\Programming\XMLProcessor\input\status — копия (15).xml
2025-09-27 21:09:33.412 +03:00 [INF] [Thread:] Successfully processed and published data for 3 modules from file: D:\Programming\XMLProcessor\input\status — копия (12).xml
2025-09-27 21:09:33.413 +03:00 [INF] [Thread:] Successfully processed and published data for 3 modules from file: D:\Programming\XMLProcessor\input\status — копия (6).xml
2025-09-27 21:09:33.415 +03:00 [INF] [Thread:] Successfully processed and published data for 3 modules from file: D:\Programming\XMLProcessor\input\status — копия (27).xml
2025-09-27 21:09:33.416 +03:00 [INF] [Thread:] Successfully processed and published data for 3 modules from file: D:\Programming\XMLProcessor\input\status — копия (18).xml
2025-09-27 21:09:33.418 +03:00 [INF] [Thread:] Successfully processed and published data for 3 modules from file: D:\Programming\XMLProcessor\input\status — копия (20).xml
2025-09-27 21:09:33.420 +03:00 [INF] [Thread:] Successfully processed and published data for 3 modules from file: D:\Programming\XMLProcessor\input\status — копия (25).xml
2025-09-27 21:09:33.422 +03:00 [INF] [Thread:] Successfully processed and published data for 3 modules from file: D:\Programming\XMLProcessor\input\status — копия (2).xml
2025-09-27 21:09:33.423 +03:00 [INF] [Thread:] Successfully processed and published data for 3 modules from file: D:\Programming\XMLProcessor\input\status — копия (21).xml
2025-09-27 21:09:33.424 +03:00 [INF] [Thread:] Successfully processed and published data for 3 modules from file: D:\Programming\XMLProcessor\input\status — копия (14).xml
2025-09-27 21:09:33.426 +03:00 [INF] [Thread:] Successfully processed and published data for 3 modules from file: D:\Programming\XMLProcessor\input\status — копия (11).xml
2025-09-27 21:09:33.428 +03:00 [INF] [Thread:] Successfully processed and published data for 3 modules from file: D:\Programming\XMLProcessor\input\status — копия (22).xml
2025-09-27 21:09:33.443 +03:00 [INF] [Thread:] Successfully processed and published data for 3 modules from file: D:\Programming\XMLProcessor\input\status — копия (16).xml
2025-09-27 21:09:33.446 +03:00 [INF] [Thread:] Successfully processed and published data for 3 modules from file: D:\Programming\XMLProcessor\input\status — копия (4).xml
2025-09-27 21:09:33.448 +03:00 [INF] [Thread:] Successfully processed and published data for 3 modules from file: D:\Programming\XMLProcessor\input\status — копия (35).xml
2025-09-27 21:09:33.450 +03:00 [INF] [Thread:] Successfully processed and published data for 3 modules from file: D:\Programming\XMLProcessor\input\status — копия (34).xml
2025-09-27 21:09:33.452 +03:00 [INF] [Thread:] Successfully processed and published data for 3 modules from file: D:\Programming\XMLProcessor\input\status — копия (36).xml
2025-09-27 21:09:33.454 +03:00 [INF] [Thread:] Successfully processed and published data for 3 modules from file: D:\Programming\XMLProcessor\input\status — копия (13).xml
2025-09-27 21:09:33.456 +03:00 [INF] [Thread:] Successfully processed and published data for 3 modules from file: D:\Programming\XMLProcessor\input\status — копия (9).xml
2025-09-27 21:09:33.458 +03:00 [INF] [Thread:] Successfully processed and published data for 3 modules from file: D:\Programming\XMLProcessor\input\status — копия (5).xml
2025-09-27 21:09:33.461 +03:00 [INF] [Thread:] Successfully processed and published data for 3 modules from file: D:\Programming\XMLProcessor\input\status — копия (7).xml
2025-09-27 21:09:33.464 +03:00 [INF] [Thread:] Successfully processed and published data for 3 modules from file: D:\Programming\XMLProcessor\input\status.xml
2025-09-27 21:09:33.466 +03:00 [INF] [Thread:] Successfully processed and published data for 3 modules from file: D:\Programming\XMLProcessor\input\status — копия (38).xml
2025-09-27 21:14:49.770 +03:00 [INF] [Thread:] File processing mode is set to: TrackLastModified
2025-09-27 21:14:49.890 +03:00 [INF] [Thread:] FileParserService started. Watching directory: D:\Programming\XMLProcessor\input
2025-09-27 21:14:49.893 +03:00 [INF] [Thread:] Found 53 file(s) to process in 'TrackLastModified' mode.
2025-09-27 21:14:50.011 +03:00 [INF] [Thread:] Processing file: D:\Programming\XMLProcessor\input\status — копия (14).xml
2025-09-27 21:14:50.011 +03:00 [INF] [Thread:] Processing file: D:\Programming\XMLProcessor\input\status — копия (19).xml
2025-09-27 21:14:50.011 +03:00 [INF] [Thread:] Processing file: D:\Programming\XMLProcessor\input\status — копия (17).xml
2025-09-27 21:14:50.011 +03:00 [INF] [Thread:] Processing file: D:\Programming\XMLProcessor\input\status — копия (12).xml
2025-09-27 21:14:50.011 +03:00 [INF] [Thread:] Processing file: D:\Programming\XMLProcessor\input\status — копия (11).xml
2025-09-27 21:14:50.011 +03:00 [INF] [Thread:] Processing file: D:\Programming\XMLProcessor\input\status — копия (2).xml
2025-09-27 21:14:50.011 +03:00 [INF] [Thread:] Processing file: D:\Programming\XMLProcessor\input\status — копия (10).xml
2025-09-27 21:14:50.039 +03:00 [INF] [Thread:] Processing file: D:\Programming\XMLProcessor\input\status — копия (21).xml
2025-09-27 21:14:50.056 +03:00 [INF] [Thread:] Processing file: D:\Programming\XMLProcessor\input\status — копия (22).xml
2025-09-27 21:14:50.056 +03:00 [INF] [Thread:] Processing file: D:\Programming\XMLProcessor\input\status — копия (23).xml
2025-09-27 21:14:50.011 +03:00 [INF] [Thread:] Processing file: D:\Programming\XMLProcessor\input\status — копия (13).xml
2025-09-27 21:14:50.011 +03:00 [INF] [Thread:] Processing file: D:\Programming\XMLProcessor\input\status — копия (15).xml
2025-09-27 21:14:50.011 +03:00 [INF] [Thread:] Processing file: D:\Programming\XMLProcessor\input\status — копия (16).xml
2025-09-27 21:14:50.037 +03:00 [INF] [Thread:] Processing file: D:\Programming\XMLProcessor\input\status — копия (20).xml
2025-09-27 21:14:50.011 +03:00 [INF] [Thread:] Processing file: D:\Programming\XMLProcessor\input\status — копия (18).xml
2025-09-27 21:14:50.294 +03:00 [INF] [Thread:] Processing file: D:\Programming\XMLProcessor\input\status — копия (26).xml
2025-09-27 21:14:50.294 +03:00 [INF] [Thread:] Processing file: D:\Programming\XMLProcessor\input\status — копия (30).xml
2025-09-27 21:14:50.294 +03:00 [INF] [Thread:] Processing file: D:\Programming\XMLProcessor\input\status — копия (28).xml
2025-09-27 21:14:50.294 +03:00 [INF] [Thread:] Processing file: D:\Programming\XMLProcessor\input\status — копия (31).xml
2025-09-27 21:14:50.294 +03:00 [INF] [Thread:] Processing file: D:\Programming\XMLProcessor\input\status — копия (25).xml
2025-09-27 21:14:50.294 +03:00 [INF] [Thread:] Processing file: D:\Programming\XMLProcessor\input\status — копия (27).xml
2025-09-27 21:14:50.294 +03:00 [INF] [Thread:] Processing file: D:\Programming\XMLProcessor\input\status — копия (24).xml
2025-09-27 21:14:50.294 +03:00 [INF] [Thread:] Processing file: D:\Programming\XMLProcessor\input\status — копия (29).xml
2025-09-27 21:14:50.294 +03:00 [INF] [Thread:] Processing file: D:\Programming\XMLProcessor\input\status — копия (3).xml
2025-09-27 21:14:50.344 +03:00 [ERR] [Thread:] An error occurred while processing file D:\Programming\XMLProcessor\input\status — копия (26).xml.
System.InvalidOperationException: There is an error in XML document (11, 9).
 ---> System.Xml.XmlException: Name cannot begin with the '<' character, hexadecimal value 0x3C. Line 11, position 9.
   at System.Xml.XmlTextReaderImpl.Throw(Exception e)
   at System.Xml.XmlTextReaderImpl.Throw(String res, String[] args)
   at System.Xml.XmlTextReaderImpl.ParseAttributes()
   at System.Xml.XmlTextReaderImpl.ParseElement()
   at System.Xml.XmlTextReaderImpl.ParseElementContent()
   at System.Xml.XmlReader.FinishReadElementContentAsXxx()
   at System.Xml.XmlReader.ReadElementContentAsString()
   at Microsoft.Xml.Serialization.GeneratedAssembly.XmlSerializationReaderInstrumentStatus.Read2_DeviceStatus(Boolean isNullable, Boolean checkType)
   at Microsoft.Xml.Serialization.GeneratedAssembly.XmlSerializationReaderInstrumentStatus.Read3_InstrumentStatus(Boolean isNullable, Boolean checkType)
   at Microsoft.Xml.Serialization.GeneratedAssembly.XmlSerializationReaderInstrumentStatus.Read4_InstrumentStatus()
   at InvokeStub_XmlSerializationReaderInstrumentStatus.Read4_InstrumentStatus(Object, Object, IntPtr*)
   at System.Reflection.MethodBaseInvoker.InvokeWithNoArgs(Object obj, BindingFlags invokeAttr)
   --- End of inner exception stack trace ---
   at System.Xml.Serialization.XmlSerializer.Deserialize(XmlReader xmlReader, String encodingStyle, XmlDeserializationEvents events)
   at System.Xml.Serialization.XmlSerializer.Deserialize(TextReader textReader)
   at FileParserService.Services.FileProcessorService.ProcessFileAsync(String filePath) in D:\Programming\XMLProcessor\FileParserServiceSln\FileParserService\Services\FileProcessorService.cs:line 53
2025-09-27 21:14:50.294 +03:00 [INF] [Thread:] Processing file: D:\Programming\XMLProcessor\input\status — копия (32).xml
2025-09-27 21:14:50.391 +03:00 [INF] [Thread:] Processing file: D:\Programming\XMLProcessor\input\status — копия (33).xml
2025-09-27 21:14:50.402 +03:00 [INF] [Thread:] Processing file: D:\Programming\XMLProcessor\input\status — копия (34).xml
2025-09-27 21:14:50.402 +03:00 [INF] [Thread:] Processing file: D:\Programming\XMLProcessor\input\status — копия (39) — копия.xml
2025-09-27 21:14:50.402 +03:00 [INF] [Thread:] Processing file: D:\Programming\XMLProcessor\input\status — копия (40) — копия.xml
2025-09-27 21:14:50.402 +03:00 [INF] [Thread:] Processing file: D:\Programming\XMLProcessor\input\status — копия (42) — копия — копия.xml
2025-09-27 21:14:50.402 +03:00 [INF] [Thread:] Processing file: D:\Programming\XMLProcessor\input\status — копия (4).xml
2025-09-27 21:14:50.411 +03:00 [INF] [Thread:] Processing file: D:\Programming\XMLProcessor\input\status — копия (43) — копия — копия.xml
2025-09-27 21:14:50.413 +03:00 [INF] [Thread:] Processing file: D:\Programming\XMLProcessor\input\status — копия (44) — копия — копия.xml
2025-09-27 21:14:50.414 +03:00 [INF] [Thread:] Processing file: D:\Programming\XMLProcessor\input\status — копия (46) — копия — копия.xml
2025-09-27 21:14:50.416 +03:00 [INF] [Thread:] Processing file: D:\Programming\XMLProcessor\input\status — копия (47) — копия — копия.xml
2025-09-27 21:14:50.422 +03:00 [INF] [Thread:] Processing file: D:\Programming\XMLProcessor\input\status — копия (49) — копия — копия.xml
2025-09-27 21:14:50.422 +03:00 [INF] [Thread:] Processing file: D:\Programming\XMLProcessor\input\status — копия (5).xml
2025-09-27 21:14:50.429 +03:00 [INF] [Thread:] Processing file: D:\Programming\XMLProcessor\input\status — копия (6).xml
2025-09-27 21:14:50.427 +03:00 [INF] [Thread:] Processing file: D:\Programming\XMLProcessor\input\status — копия (50) — копия — копия.xml
2025-09-27 21:14:50.434 +03:00 [INF] [Thread:] Processing file: D:\Programming\XMLProcessor\input\status — копия (7).xml
2025-09-27 21:14:50.436 +03:00 [INF] [Thread:] Processing file: D:\Programming\XMLProcessor\input\status — копия (8).xml
2025-09-27 21:14:50.437 +03:00 [INF] [Thread:] Processing file: D:\Programming\XMLProcessor\input\status — копия (9).xml
2025-09-27 21:14:50.444 +03:00 [INF] [Thread:] Processing file: D:\Programming\XMLProcessor\input\status — копия.xml
2025-09-27 21:14:50.444 +03:00 [INF] [Thread:] Processing file: D:\Programming\XMLProcessor\input\status.xml
2025-09-27 21:14:50.416 +03:00 [INF] [Thread:] Processing file: D:\Programming\XMLProcessor\input\status — копия (48) — копия — копия.xml
2025-09-27 21:14:50.402 +03:00 [INF] [Thread:] Processing file: D:\Programming\XMLProcessor\input\status — копия (37).xml
2025-09-27 21:14:50.402 +03:00 [INF] [Thread:] Processing file: D:\Programming\XMLProcessor\input\status — копия (41) — копия — копия.xml
2025-09-27 21:14:50.413 +03:00 [INF] [Thread:] Processing file: D:\Programming\XMLProcessor\input\status — копия (45) — копия — копия.xml
2025-09-27 21:14:50.402 +03:00 [INF] [Thread:] Processing file: D:\Programming\XMLProcessor\input\status — копия (35).xml
2025-09-27 21:14:50.402 +03:00 [INF] [Thread:] Processing file: D:\Programming\XMLProcessor\input\status — копия (38).xml
2025-09-27 21:14:50.402 +03:00 [INF] [Thread:] Processing file: D:\Programming\XMLProcessor\input\status — копия (36).xml
2025-09-27 21:14:50.402 +03:00 [INF] [Thread:] Processing file: D:\Programming\XMLProcessor\input\status — копия (38) — копия.xml
2025-09-27 21:14:50.402 +03:00 [INF] [Thread:] Processing file: D:\Programming\XMLProcessor\input\status — копия (41) — копия.xml
2025-09-27 21:14:50.603 +03:00 [INF] [Thread:] Bus started: "rabbitmq://localhost/"
2025-09-27 21:14:50.870 +03:00 [INF] [Thread:] Successfully processed and published data for 3 modules from file: D:\Programming\XMLProcessor\input\status — копия (38) — копия.xml
2025-09-27 21:14:50.870 +03:00 [INF] [Thread:] Successfully processed and published data for 3 modules from file: D:\Programming\XMLProcessor\input\status — копия (16).xml
2025-09-27 21:14:50.896 +03:00 [INF] [Thread:] Successfully processed and published data for 3 modules from file: D:\Programming\XMLProcessor\input\status — копия (31).xml
2025-09-27 21:14:50.899 +03:00 [INF] [Thread:] Successfully processed and published data for 3 modules from file: D:\Programming\XMLProcessor\input\status — копия (25).xml
2025-09-27 21:14:50.899 +03:00 [INF] [Thread:] Successfully processed and published data for 3 modules from file: D:\Programming\XMLProcessor\input\status — копия (27).xml
2025-09-27 21:14:50.899 +03:00 [INF] [Thread:] Successfully processed and published data for 3 modules from file: D:\Programming\XMLProcessor\input\status — копия (18).xml
2025-09-27 21:14:50.899 +03:00 [INF] [Thread:] Successfully processed and published data for 3 modules from file: D:\Programming\XMLProcessor\input\status — копия (28).xml
2025-09-27 21:14:50.899 +03:00 [INF] [Thread:] Successfully processed and published data for 3 modules from file: D:\Programming\XMLProcessor\input\status — копия (38).xml
2025-09-27 21:14:50.900 +03:00 [INF] [Thread:] Successfully processed and published data for 3 modules from file: D:\Programming\XMLProcessor\input\status — копия (19).xml
2025-09-27 21:14:50.915 +03:00 [INF] [Thread:] Successfully processed and published data for 3 modules from file: D:\Programming\XMLProcessor\input\status — копия (45) — копия — копия.xml
2025-09-27 21:14:50.900 +03:00 [INF] [Thread:] Successfully processed and published data for 3 modules from file: D:\Programming\XMLProcessor\input\status — копия (29).xml
2025-09-27 21:14:50.902 +03:00 [INF] [Thread:] Successfully processed and published data for 3 modules from file: D:\Programming\XMLProcessor\input\status — копия (14).xml
2025-09-27 21:14:50.900 +03:00 [INF] [Thread:] Successfully processed and published data for 3 modules from file: D:\Programming\XMLProcessor\input\status — копия (24).xml
2025-09-27 21:14:50.905 +03:00 [INF] [Thread:] Successfully processed and published data for 3 modules from file: D:\Programming\XMLProcessor\input\status — копия (3).xml
2025-09-27 21:14:50.900 +03:00 [INF] [Thread:] Successfully processed and published data for 3 modules from file: D:\Programming\XMLProcessor\input\status — копия (33).xml
2025-09-27 21:14:50.907 +03:00 [INF] [Thread:] Successfully processed and published data for 3 modules from file: D:\Programming\XMLProcessor\input\status — копия (32).xml
2025-09-27 21:14:50.900 +03:00 [INF] [Thread:] Successfully processed and published data for 3 modules from file: D:\Programming\XMLProcessor\input\status — копия (20).xml
2025-09-27 21:14:50.900 +03:00 [INF] [Thread:] Successfully processed and published data for 3 modules from file: D:\Programming\XMLProcessor\input\status — копия (50) — копия — копия.xml
2025-09-27 21:14:50.899 +03:00 [INF] [Thread:] Successfully processed and published data for 3 modules from file: D:\Programming\XMLProcessor\input\status — копия (2).xml
2025-09-27 21:14:50.911 +03:00 [INF] [Thread:] Successfully processed and published data for 3 modules from file: D:\Programming\XMLProcessor\input\status — копия (15).xml
2025-09-27 21:14:50.915 +03:00 [INF] [Thread:] Successfully processed and published data for 3 modules from file: D:\Programming\XMLProcessor\input\status — копия.xml
2025-09-27 21:14:50.918 +03:00 [INF] [Thread:] Successfully processed and published data for 3 modules from file: D:\Programming\XMLProcessor\input\status — копия (9).xml
2025-09-27 21:14:50.922 +03:00 [INF] [Thread:] Successfully processed and published data for 3 modules from file: D:\Programming\XMLProcessor\input\status — копия (23).xml
2025-09-27 21:14:50.925 +03:00 [INF] [Thread:] Successfully processed and published data for 3 modules from file: D:\Programming\XMLProcessor\input\status — копия (46) — копия — копия.xml
2025-09-27 21:14:50.928 +03:00 [INF] [Thread:] Successfully processed and published data for 3 modules from file: D:\Programming\XMLProcessor\input\status — копия (30).xml
2025-09-27 21:14:50.931 +03:00 [INF] [Thread:] Successfully processed and published data for 3 modules from file: D:\Programming\XMLProcessor\input\status — копия (11).xml
2025-09-27 21:14:50.936 +03:00 [INF] [Thread:] Successfully processed and published data for 3 modules from file: D:\Programming\XMLProcessor\input\status — копия (17).xml
2025-09-27 21:14:50.938 +03:00 [INF] [Thread:] Successfully processed and published data for 3 modules from file: D:\Programming\XMLProcessor\input\status — копия (39) — копия.xml
2025-09-27 21:14:50.941 +03:00 [INF] [Thread:] Successfully processed and published data for 3 modules from file: D:\Programming\XMLProcessor\input\status — копия (34).xml
2025-09-27 21:14:50.943 +03:00 [INF] [Thread:] Successfully processed and published data for 3 modules from file: D:\Programming\XMLProcessor\input\status — копия (8).xml
2025-09-27 21:14:50.947 +03:00 [INF] [Thread:] Successfully processed and published data for 3 modules from file: D:\Programming\XMLProcessor\input\status — копия (35).xml
2025-09-27 21:14:50.949 +03:00 [INF] [Thread:] Successfully processed and published data for 3 modules from file: D:\Programming\XMLProcessor\input\status — копия (22).xml
2025-09-27 21:14:50.951 +03:00 [INF] [Thread:] Successfully processed and published data for 3 modules from file: D:\Programming\XMLProcessor\input\status — копия (48) — копия — копия.xml
2025-09-27 21:14:50.954 +03:00 [INF] [Thread:] Successfully processed and published data for 3 modules from file: D:\Programming\XMLProcessor\input\status.xml
2025-09-27 21:14:50.956 +03:00 [INF] [Thread:] Successfully processed and published data for 3 modules from file: D:\Programming\XMLProcessor\input\status — копия (41) — копия — копия.xml
2025-09-27 21:14:50.958 +03:00 [INF] [Thread:] Successfully processed and published data for 3 modules from file: D:\Programming\XMLProcessor\input\status — копия (37).xml
2025-09-27 21:14:50.960 +03:00 [INF] [Thread:] Successfully processed and published data for 3 modules from file: D:\Programming\XMLProcessor\input\status — копия (13).xml
2025-09-27 21:14:50.962 +03:00 [INF] [Thread:] Successfully processed and published data for 3 modules from file: D:\Programming\XMLProcessor\input\status — копия (41) — копия.xml
2025-09-27 21:14:50.965 +03:00 [INF] [Thread:] Successfully processed and published data for 3 modules from file: D:\Programming\XMLProcessor\input\status — копия (12).xml
2025-09-27 21:14:50.967 +03:00 [INF] [Thread:] Successfully processed and published data for 3 modules from file: D:\Programming\XMLProcessor\input\status — копия (10).xml
2025-09-27 21:14:50.969 +03:00 [INF] [Thread:] Successfully processed and published data for 3 modules from file: D:\Programming\XMLProcessor\input\status — копия (21).xml
2025-09-27 21:14:50.971 +03:00 [INF] [Thread:] Successfully processed and published data for 3 modules from file: D:\Programming\XMLProcessor\input\status — копия (7).xml
2025-09-27 21:14:50.974 +03:00 [INF] [Thread:] Successfully processed and published data for 3 modules from file: D:\Programming\XMLProcessor\input\status — копия (4).xml
2025-09-27 21:14:50.976 +03:00 [INF] [Thread:] Successfully processed and published data for 3 modules from file: D:\Programming\XMLProcessor\input\status — копия (43) — копия — копия.xml
2025-09-27 21:14:50.978 +03:00 [INF] [Thread:] Successfully processed and published data for 3 modules from file: D:\Programming\XMLProcessor\input\status — копия (36).xml
2025-09-27 21:14:50.978 +03:00 [INF] [Thread:] Successfully processed and published data for 3 modules from file: D:\Programming\XMLProcessor\input\status — копия (44) — копия — копия.xml
2025-09-27 21:14:50.980 +03:00 [INF] [Thread:] Successfully processed and published data for 3 modules from file: D:\Programming\XMLProcessor\input\status — копия (40) — копия.xml
2025-09-27 21:14:50.982 +03:00 [INF] [Thread:] Successfully processed and published data for 3 modules from file: D:\Programming\XMLProcessor\input\status — копия (49) — копия — копия.xml
2025-09-27 21:14:50.984 +03:00 [INF] [Thread:] Successfully processed and published data for 3 modules from file: D:\Programming\XMLProcessor\input\status — копия (47) — копия — копия.xml
2025-09-27 21:14:50.986 +03:00 [INF] [Thread:] Successfully processed and published data for 3 modules from file: D:\Programming\XMLProcessor\input\status — копия (42) — копия — копия.xml
2025-09-27 21:14:50.988 +03:00 [INF] [Thread:] Successfully processed and published data for 3 modules from file: D:\Programming\XMLProcessor\input\status — копия (5).xml
2025-09-27 21:14:50.990 +03:00 [INF] [Thread:] Successfully processed and published data for 3 modules from file: D:\Programming\XMLProcessor\input\status — копия (6).xml
2025-09-27 21:17:43.152 +03:00 [INF] [Thread:] File processing mode is set to: TrackLastModified
2025-09-27 21:17:43.245 +03:00 [INF] [Thread:] FileParserService started. Watching directory: D:\Programming\XMLProcessor\input
2025-09-27 21:17:43.248 +03:00 [INF] [Thread:] Found 78 file(s) to process in 'TrackLastModified' mode.
2025-09-27 21:17:43.371 +03:00 [INF] [Thread:] Processing file: D:\Programming\XMLProcessor\input\status — копия (17).xml
2025-09-27 21:17:43.371 +03:00 [INF] [Thread:] Processing file: D:\Programming\XMLProcessor\input\status — копия (10).xml
2025-09-27 21:17:43.371 +03:00 [INF] [Thread:] Processing file: D:\Programming\XMLProcessor\input\status — копия (18).xml
2025-09-27 21:17:43.371 +03:00 [INF] [Thread:] Processing file: D:\Programming\XMLProcessor\input\status — копия (11).xml
2025-09-27 21:17:43.372 +03:00 [INF] [Thread:] Processing file: D:\Programming\XMLProcessor\input\status — копия (12).xml
2025-09-27 21:17:43.372 +03:00 [INF] [Thread:] Processing file: D:\Programming\XMLProcessor\input\status — копия (13).xml
2025-09-27 21:17:43.371 +03:00 [INF] [Thread:] Processing file: D:\Programming\XMLProcessor\input\status — копия (14).xml
2025-09-27 21:17:43.371 +03:00 [INF] [Thread:] Processing file: D:\Programming\XMLProcessor\input\status — копия (15).xml
2025-09-27 21:17:43.371 +03:00 [INF] [Thread:] Processing file: D:\Programming\XMLProcessor\input\status — копия (16).xml
2025-09-27 21:17:43.371 +03:00 [INF] [Thread:] Processing file: D:\Programming\XMLProcessor\input\status — копия (19).xml
2025-09-27 21:17:43.375 +03:00 [INF] [Thread:] Processing file: D:\Programming\XMLProcessor\input\status — копия (2).xml
2025-09-27 21:17:43.418 +03:00 [INF] [Thread:] Processing file: D:\Programming\XMLProcessor\input\status — копия (20).xml
2025-09-27 21:17:43.488 +03:00 [INF] [Thread:] Processing file: D:\Programming\XMLProcessor\input\status — копия (21).xml
2025-09-27 21:17:43.596 +03:00 [INF] [Thread:] Processing file: D:\Programming\XMLProcessor\input\status — копия (23).xml
2025-09-27 21:17:43.596 +03:00 [INF] [Thread:] Processing file: D:\Programming\XMLProcessor\input\status — копия (25).xml
2025-09-27 21:17:43.596 +03:00 [INF] [Thread:] Processing file: D:\Programming\XMLProcessor\input\status — копия (32).xml
2025-09-27 21:17:43.596 +03:00 [INF] [Thread:] Processing file: D:\Programming\XMLProcessor\input\status — копия (28).xml
2025-09-27 21:17:43.596 +03:00 [INF] [Thread:] Processing file: D:\Programming\XMLProcessor\input\status — копия (24).xml
2025-09-27 21:17:43.596 +03:00 [INF] [Thread:] Processing file: D:\Programming\XMLProcessor\input\status — копия (27).xml
2025-09-27 21:17:43.596 +03:00 [INF] [Thread:] Processing file: D:\Programming\XMLProcessor\input\status — копия (22).xml
2025-09-27 21:17:43.596 +03:00 [INF] [Thread:] Processing file: D:\Programming\XMLProcessor\input\status — копия (26).xml
2025-09-27 21:17:43.596 +03:00 [INF] [Thread:] Processing file: D:\Programming\XMLProcessor\input\status — копия (29).xml
2025-09-27 21:17:43.596 +03:00 [INF] [Thread:] Processing file: D:\Programming\XMLProcessor\input\status — копия (3).xml
2025-09-27 21:17:43.596 +03:00 [INF] [Thread:] Processing file: D:\Programming\XMLProcessor\input\status — копия (30).xml
2025-09-27 21:17:43.596 +03:00 [INF] [Thread:] Processing file: D:\Programming\XMLProcessor\input\status — копия (31).xml
2025-09-27 21:17:43.657 +03:00 [ERR] [Thread:] An error occurred while processing file D:\Programming\XMLProcessor\input\status — копия (26).xml.
System.InvalidOperationException: There is an error in XML document (11, 9).
 ---> System.Xml.XmlException: Name cannot begin with the '<' character, hexadecimal value 0x3C. Line 11, position 9.
   at System.Xml.XmlTextReaderImpl.Throw(Exception e)
   at System.Xml.XmlTextReaderImpl.Throw(String res, String[] args)
   at System.Xml.XmlTextReaderImpl.ParseAttributes()
   at System.Xml.XmlTextReaderImpl.ParseElement()
   at System.Xml.XmlTextReaderImpl.ParseElementContent()
   at System.Xml.XmlReader.FinishReadElementContentAsXxx()
   at System.Xml.XmlReader.ReadElementContentAsString()
   at Microsoft.Xml.Serialization.GeneratedAssembly.XmlSerializationReaderInstrumentStatus.Read2_DeviceStatus(Boolean isNullable, Boolean checkType)
   at Microsoft.Xml.Serialization.GeneratedAssembly.XmlSerializationReaderInstrumentStatus.Read3_InstrumentStatus(Boolean isNullable, Boolean checkType)
   at Microsoft.Xml.Serialization.GeneratedAssembly.XmlSerializationReaderInstrumentStatus.Read4_InstrumentStatus()
   at InvokeStub_XmlSerializationReaderInstrumentStatus.Read4_InstrumentStatus(Object, Object, IntPtr*)
   at System.Reflection.MethodBaseInvoker.InvokeWithNoArgs(Object obj, BindingFlags invokeAttr)
   --- End of inner exception stack trace ---
   at System.Xml.Serialization.XmlSerializer.Deserialize(XmlReader xmlReader, String encodingStyle, XmlDeserializationEvents events)
   at System.Xml.Serialization.XmlSerializer.Deserialize(TextReader textReader)
   at FileParserService.Services.FileProcessorService.ProcessFileAsync(String filePath) in D:\Programming\XMLProcessor\FileParserServiceSln\FileParserService\Services\FileProcessorService.cs:line 53
2025-09-27 21:17:43.719 +03:00 [INF] [Thread:] Processing file: D:\Programming\XMLProcessor\input\status — копия (33).xml
2025-09-27 21:17:43.720 +03:00 [INF] [Thread:] Processing file: D:\Programming\XMLProcessor\input\status — копия (37).xml
2025-09-27 21:17:43.720 +03:00 [INF] [Thread:] Processing file: D:\Programming\XMLProcessor\input\status — копия (4).xml
2025-09-27 21:17:43.719 +03:00 [INF] [Thread:] Processing file: D:\Programming\XMLProcessor\input\status — копия (34).xml
2025-09-27 21:17:43.720 +03:00 [INF] [Thread:] Processing file: D:\Programming\XMLProcessor\input\status — копия (40) — копия.xml
2025-09-27 21:17:43.730 +03:00 [INF] [Thread:] Processing file: D:\Programming\XMLProcessor\input\status — копия (41).xml
2025-09-27 21:17:43.733 +03:00 [INF] [Thread:] Processing file: D:\Programming\XMLProcessor\input\status — копия (42) — копия — копия.xml
2025-09-27 21:17:43.720 +03:00 [INF] [Thread:] Processing file: D:\Programming\XMLProcessor\input\status — копия (38).xml
2025-09-27 21:17:43.735 +03:00 [INF] [Thread:] Processing file: D:\Programming\XMLProcessor\input\status — копия (43) — копия — копия.xml
2025-09-27 21:17:43.724 +03:00 [INF] [Thread:] Processing file: D:\Programming\XMLProcessor\input\status — копия (41) — копия — копия.xml
2025-09-27 21:17:43.740 +03:00 [INF] [Thread:] Processing file: D:\Programming\XMLProcessor\input\status — копия (43).xml
2025-09-27 21:17:43.741 +03:00 [INF] [Thread:] Processing file: D:\Programming\XMLProcessor\input\status — копия (44).xml
2025-09-27 21:17:43.740 +03:00 [INF] [Thread:] Processing file: D:\Programming\XMLProcessor\input\status — копия (44) — копия — копия.xml
2025-09-27 21:17:43.743 +03:00 [INF] [Thread:] Processing file: D:\Programming\XMLProcessor\input\status — копия (45) — копия — копия.xml
2025-09-27 21:17:43.744 +03:00 [INF] [Thread:] Processing file: D:\Programming\XMLProcessor\input\status — копия (45).xml
2025-09-27 21:17:43.749 +03:00 [INF] [Thread:] Processing file: D:\Programming\XMLProcessor\input\status — копия (46) — копия — копия.xml
2025-09-27 21:17:43.751 +03:00 [INF] [Thread:] Processing file: D:\Programming\XMLProcessor\input\status — копия (46).xml
2025-09-27 21:17:43.751 +03:00 [INF] [Thread:] Processing file: D:\Programming\XMLProcessor\input\status — копия (47) — копия — копия.xml
2025-09-27 21:17:43.755 +03:00 [INF] [Thread:] Processing file: D:\Programming\XMLProcessor\input\status — копия (48) — копия — копия.xml
2025-09-27 21:17:43.753 +03:00 [INF] [Thread:] Processing file: D:\Programming\XMLProcessor\input\status — копия (47).xml
2025-09-27 21:17:43.759 +03:00 [INF] [Thread:] Processing file: D:\Programming\XMLProcessor\input\status — копия (48).xml
2025-09-27 21:17:43.761 +03:00 [INF] [Thread:] Processing file: D:\Programming\XMLProcessor\input\status — копия (49).xml
2025-09-27 21:17:43.761 +03:00 [INF] [Thread:] Processing file: D:\Programming\XMLProcessor\input\status — копия (49) — копия — копия.xml
2025-09-27 21:17:43.762 +03:00 [INF] [Thread:] Processing file: D:\Programming\XMLProcessor\input\status — копия (5).xml
2025-09-27 21:17:43.767 +03:00 [INF] [Thread:] Processing file: D:\Programming\XMLProcessor\input\status — копия (50) — копия — копия — копия.xml
2025-09-27 21:17:43.771 +03:00 [INF] [Thread:] Processing file: D:\Programming\XMLProcessor\input\status — копия (50).xml
2025-09-27 21:17:43.771 +03:00 [INF] [Thread:] Processing file: D:\Programming\XMLProcessor\input\status — копия (51) — копия — копия — копия.xml
2025-09-27 21:17:43.772 +03:00 [INF] [Thread:] Processing file: D:\Programming\XMLProcessor\input\status — копия (51).xml
2025-09-27 21:17:43.777 +03:00 [INF] [Thread:] Processing file: D:\Programming\XMLProcessor\input\status — копия (52) — копия — копия — копия.xml
2025-09-27 21:17:43.778 +03:00 [INF] [Thread:] Processing file: D:\Programming\XMLProcessor\input\status — копия (52).xml
2025-09-27 21:17:43.779 +03:00 [INF] [Thread:] Processing file: D:\Programming\XMLProcessor\input\status — копия (53) — копия — копия — копия.xml
2025-09-27 21:17:43.768 +03:00 [INF] [Thread:] Processing file: D:\Programming\XMLProcessor\input\status — копия (50) — копия — копия.xml
2025-09-27 21:17:43.784 +03:00 [INF] [Thread:] Processing file: D:\Programming\XMLProcessor\input\status — копия (54) — копия — копия — копия.xml
2025-09-27 21:17:43.785 +03:00 [INF] [Thread:] Processing file: D:\Programming\XMLProcessor\input\status — копия (54).xml
2025-09-27 21:17:43.788 +03:00 [INF] [Thread:] Processing file: D:\Programming\XMLProcessor\input\status — копия (55) — копия — копия — копия.xml
2025-09-27 21:17:43.784 +03:00 [INF] [Thread:] Processing file: D:\Programming\XMLProcessor\input\status — копия (53).xml
2025-09-27 21:17:43.792 +03:00 [INF] [Thread:] Processing file: D:\Programming\XMLProcessor\input\status — копия (56).xml
2025-09-27 21:17:43.793 +03:00 [INF] [Thread:] Processing file: D:\Programming\XMLProcessor\input\status — копия (57).xml
2025-09-27 21:17:43.796 +03:00 [INF] [Thread:] Processing file: D:\Programming\XMLProcessor\input\status — копия (6).xml
2025-09-27 21:17:43.797 +03:00 [INF] [Thread:] Processing file: D:\Programming\XMLProcessor\input\status — копия (7).xml
2025-09-27 21:17:43.798 +03:00 [INF] [Thread:] Processing file: D:\Programming\XMLProcessor\input\status — копия (8).xml
2025-09-27 21:17:43.803 +03:00 [INF] [Thread:] Processing file: D:\Programming\XMLProcessor\input\status — копия (9).xml
2025-09-27 21:17:43.803 +03:00 [INF] [Thread:] Processing file: D:\Programming\XMLProcessor\input\status — копия.xml
2025-09-27 21:17:43.805 +03:00 [INF] [Thread:] Processing file: D:\Programming\XMLProcessor\input\status.xml
2025-09-27 21:17:43.788 +03:00 [INF] [Thread:] Processing file: D:\Programming\XMLProcessor\input\status — копия (55).xml
2025-09-27 21:17:43.734 +03:00 [INF] [Thread:] Processing file: D:\Programming\XMLProcessor\input\status — копия (42).xml
2025-09-27 21:17:43.720 +03:00 [INF] [Thread:] Processing file: D:\Programming\XMLProcessor\input\status — копия (38) — копия.xml
2025-09-27 21:17:43.720 +03:00 [INF] [Thread:] Processing file: D:\Programming\XMLProcessor\input\status — копия (36).xml
2025-09-27 21:17:43.720 +03:00 [INF] [Thread:] Processing file: D:\Programming\XMLProcessor\input\status — копия (40).xml
2025-09-27 21:17:43.720 +03:00 [INF] [Thread:] Processing file: D:\Programming\XMLProcessor\input\status — копия (39) — копия.xml
2025-09-27 21:17:43.720 +03:00 [INF] [Thread:] Processing file: D:\Programming\XMLProcessor\input\status — копия (35).xml
2025-09-27 21:17:43.720 +03:00 [INF] [Thread:] Processing file: D:\Programming\XMLProcessor\input\status — копия (39).xml
2025-09-27 21:17:43.730 +03:00 [INF] [Thread:] Processing file: D:\Programming\XMLProcessor\input\status — копия (41) — копия.xml
2025-09-27 21:17:43.955 +03:00 [INF] [Thread:] Bus started: "rabbitmq://localhost/"
2025-09-27 21:17:44.252 +03:00 [INF] [Thread:] Successfully processed and published data for 3 modules from file: D:\Programming\XMLProcessor\input\status — копия (5).xml
2025-09-27 21:17:44.252 +03:00 [INF] [Thread:] Successfully processed and published data for 3 modules from file: D:\Programming\XMLProcessor\input\status — копия (49) — копия — копия.xml
2025-09-27 21:17:44.252 +03:00 [INF] [Thread:] Successfully processed and published data for 3 modules from file: D:\Programming\XMLProcessor\input\status — копия (50) — копия — копия — копия.xml
2025-09-27 21:17:44.252 +03:00 [INF] [Thread:] Successfully processed and published data for 3 modules from file: D:\Programming\XMLProcessor\input\status — копия (25).xml
2025-09-27 21:17:44.252 +03:00 [INF] [Thread:] Successfully processed and published data for 3 modules from file: D:\Programming\XMLProcessor\input\status — копия (28).xml
2025-09-27 21:17:44.252 +03:00 [INF] [Thread:] Successfully processed and published data for 3 modules from file: D:\Programming\XMLProcessor\input\status — копия (38) — копия.xml
2025-09-27 21:17:44.252 +03:00 [INF] [Thread:] Successfully processed and published data for 3 modules from file: D:\Programming\XMLProcessor\input\status — копия (49).xml
2025-09-27 21:17:44.252 +03:00 [INF] [Thread:] Successfully processed and published data for 3 modules from file: D:\Programming\XMLProcessor\input\status — копия (27).xml
2025-09-27 21:17:44.252 +03:00 [INF] [Thread:] Successfully processed and published data for 3 modules from file: D:\Programming\XMLProcessor\input\status — копия (48).xml
2025-09-27 21:17:44.252 +03:00 [INF] [Thread:] Successfully processed and published data for 3 modules from file: D:\Programming\XMLProcessor\input\status — копия (36).xml
2025-09-27 21:17:44.269 +03:00 [INF] [Thread:] Successfully processed and published data for 3 modules from file: D:\Programming\XMLProcessor\input\status — копия (3).xml
2025-09-27 21:17:44.270 +03:00 [INF] [Thread:] Successfully processed and published data for 3 modules from file: D:\Programming\XMLProcessor\input\status — копия (30).xml
2025-09-27 21:17:44.270 +03:00 [INF] [Thread:] Successfully processed and published data for 3 modules from file: D:\Programming\XMLProcessor\input\status — копия (53) — копия — копия — копия.xml
2025-09-27 21:17:44.270 +03:00 [INF] [Thread:] Successfully processed and published data for 3 modules from file: D:\Programming\XMLProcessor\input\status — копия (40) — копия.xml
2025-09-27 21:17:44.270 +03:00 [INF] [Thread:] Successfully processed and published data for 3 modules from file: D:\Programming\XMLProcessor\input\status — копия (51).xml
2025-09-27 21:17:44.270 +03:00 [INF] [Thread:] Successfully processed and published data for 3 modules from file: D:\Programming\XMLProcessor\input\status — копия (51) — копия — копия — копия.xml
2025-09-27 21:17:44.270 +03:00 [INF] [Thread:] Successfully processed and published data for 3 modules from file: D:\Programming\XMLProcessor\input\status — копия (50).xml
2025-09-27 21:17:44.270 +03:00 [INF] [Thread:] Successfully processed and published data for 3 modules from file: D:\Programming\XMLProcessor\input\status — копия (52) — копия — копия — копия.xml
2025-09-27 21:17:44.270 +03:00 [INF] [Thread:] Successfully processed and published data for 3 modules from file: D:\Programming\XMLProcessor\input\status — копия (48) — копия — копия.xml
2025-09-27 21:17:44.270 +03:00 [INF] [Thread:] Successfully processed and published data for 3 modules from file: D:\Programming\XMLProcessor\input\status — копия (22).xml
2025-09-27 21:17:44.270 +03:00 [INF] [Thread:] Successfully processed and published data for 3 modules from file: D:\Programming\XMLProcessor\input\status — копия (32).xml
2025-09-27 21:17:44.270 +03:00 [INF] [Thread:] Successfully processed and published data for 3 modules from file: D:\Programming\XMLProcessor\input\status — копия (54) — копия — копия — копия.xml
2025-09-27 21:17:44.272 +03:00 [INF] [Thread:] Successfully processed and published data for 3 modules from file: D:\Programming\XMLProcessor\input\status — копия (47).xml
2025-09-27 21:17:44.275 +03:00 [INF] [Thread:] Successfully processed and published data for 3 modules from file: D:\Programming\XMLProcessor\input\status — копия (54).xml
2025-09-27 21:17:44.277 +03:00 [INF] [Thread:] Successfully processed and published data for 3 modules from file: D:\Programming\XMLProcessor\input\status — копия (55) — копия — копия — копия.xml
2025-09-27 21:17:44.279 +03:00 [INF] [Thread:] Successfully processed and published data for 3 modules from file: D:\Programming\XMLProcessor\input\status — копия (2).xml
2025-09-27 21:17:44.284 +03:00 [INF] [Thread:] Successfully processed and published data for 3 modules from file: D:\Programming\XMLProcessor\input\status — копия (53).xml
2025-09-27 21:17:44.285 +03:00 [INF] [Thread:] Successfully processed and published data for 3 modules from file: D:\Programming\XMLProcessor\input\status — копия (47) — копия — копия.xml
2025-09-27 21:17:44.288 +03:00 [INF] [Thread:] Successfully processed and published data for 3 modules from file: D:\Programming\XMLProcessor\input\status — копия (39).xml
2025-09-27 21:17:44.290 +03:00 [INF] [Thread:] Successfully processed and published data for 3 modules from file: D:\Programming\XMLProcessor\input\status — копия (50) — копия — копия.xml
2025-09-27 21:17:44.292 +03:00 [INF] [Thread:] Successfully processed and published data for 3 modules from file: D:\Programming\XMLProcessor\input\status — копия (56).xml
2025-09-27 21:17:44.294 +03:00 [INF] [Thread:] Successfully processed and published data for 3 modules from file: D:\Programming\XMLProcessor\input\status — копия (57).xml
2025-09-27 21:17:44.296 +03:00 [INF] [Thread:] Successfully processed and published data for 3 modules from file: D:\Programming\XMLProcessor\input\status — копия (29).xml
2025-09-27 21:17:44.298 +03:00 [INF] [Thread:] Successfully processed and published data for 3 modules from file: D:\Programming\XMLProcessor\input\status — копия (46).xml
2025-09-27 21:17:44.300 +03:00 [INF] [Thread:] Successfully processed and published data for 3 modules from file: D:\Programming\XMLProcessor\input\status — копия (6).xml
2025-09-27 21:17:44.301 +03:00 [INF] [Thread:] Successfully processed and published data for 3 modules from file: D:\Programming\XMLProcessor\input\status — копия (31).xml
2025-09-27 21:17:44.302 +03:00 [INF] [Thread:] Successfully processed and published data for 3 modules from file: D:\Programming\XMLProcessor\input\status — копия (19).xml
2025-09-27 21:17:44.304 +03:00 [INF] [Thread:] Successfully processed and published data for 3 modules from file: D:\Programming\XMLProcessor\input\status — копия (34).xml
2025-09-27 21:17:44.305 +03:00 [INF] [Thread:] Successfully processed and published data for 3 modules from file: D:\Programming\XMLProcessor\input\status — копия (7).xml
2025-09-27 21:17:44.307 +03:00 [INF] [Thread:] Successfully processed and published data for 3 modules from file: D:\Programming\XMLProcessor\input\status — копия (45).xml
2025-09-27 21:17:44.309 +03:00 [INF] [Thread:] Successfully processed and published data for 3 modules from file: D:\Programming\XMLProcessor\input\status — копия (33).xml
2025-09-27 21:17:44.311 +03:00 [INF] [Thread:] Successfully processed and published data for 3 modules from file: D:\Programming\XMLProcessor\input\status — копия (17).xml
2025-09-27 21:17:44.312 +03:00 [INF] [Thread:] Successfully processed and published data for 3 modules from file: D:\Programming\XMLProcessor\input\status — копия (10).xml
2025-09-27 21:17:44.314 +03:00 [INF] [Thread:] Successfully processed and published data for 3 modules from file: D:\Programming\XMLProcessor\input\status — копия (20).xml
2025-09-27 21:17:44.315 +03:00 [INF] [Thread:] Successfully processed and published data for 3 modules from file: D:\Programming\XMLProcessor\input\status — копия (46) — копия — копия.xml
2025-09-27 21:17:44.317 +03:00 [INF] [Thread:] Successfully processed and published data for 3 modules from file: D:\Programming\XMLProcessor\input\status — копия (8).xml
2025-09-27 21:17:44.319 +03:00 [INF] [Thread:] Successfully processed and published data for 3 modules from file: D:\Programming\XMLProcessor\input\status — копия (9).xml
2025-09-27 21:17:44.320 +03:00 [INF] [Thread:] Successfully processed and published data for 3 modules from file: D:\Programming\XMLProcessor\input\status — копия.xml
2025-09-27 21:17:44.322 +03:00 [INF] [Thread:] Successfully processed and published data for 3 modules from file: D:\Programming\XMLProcessor\input\status — копия (41) — копия.xml
2025-09-27 21:17:44.324 +03:00 [INF] [Thread:] Successfully processed and published data for 3 modules from file: D:\Programming\XMLProcessor\input\status — копия (41) — копия — копия.xml
2025-09-27 21:17:44.326 +03:00 [INF] [Thread:] Successfully processed and published data for 3 modules from file: D:\Programming\XMLProcessor\input\status — копия (37).xml
2025-09-27 21:17:44.327 +03:00 [INF] [Thread:] Successfully processed and published data for 3 modules from file: D:\Programming\XMLProcessor\input\status.xml
2025-09-27 21:17:44.329 +03:00 [INF] [Thread:] Successfully processed and published data for 3 modules from file: D:\Programming\XMLProcessor\input\status — копия (39) — копия.xml
2025-09-27 21:17:44.330 +03:00 [INF] [Thread:] Successfully processed and published data for 3 modules from file: D:\Programming\XMLProcessor\input\status — копия (42).xml
2025-09-27 21:17:44.332 +03:00 [INF] [Thread:] Successfully processed and published data for 3 modules from file: D:\Programming\XMLProcessor\input\status — копия (18).xml
2025-09-27 21:17:44.333 +03:00 [INF] [Thread:] Successfully processed and published data for 3 modules from file: D:\Programming\XMLProcessor\input\status — копия (13).xml
2025-09-27 21:17:44.335 +03:00 [INF] [Thread:] Successfully processed and published data for 3 modules from file: D:\Programming\XMLProcessor\input\status — копия (15).xml
2025-09-27 21:17:44.337 +03:00 [INF] [Thread:] Successfully processed and published data for 3 modules from file: D:\Programming\XMLProcessor\input\status — копия (45) — копия — копия.xml
2025-09-27 21:17:44.338 +03:00 [INF] [Thread:] Successfully processed and published data for 3 modules from file: D:\Programming\XMLProcessor\input\status — копия (11).xml
2025-09-27 21:17:44.340 +03:00 [INF] [Thread:] Successfully processed and published data for 3 modules from file: D:\Programming\XMLProcessor\input\status — копия (55).xml
2025-09-27 21:17:44.342 +03:00 [INF] [Thread:] Successfully processed and published data for 3 modules from file: D:\Programming\XMLProcessor\input\status — копия (24).xml
2025-09-27 21:17:44.343 +03:00 [INF] [Thread:] Successfully processed and published data for 3 modules from file: D:\Programming\XMLProcessor\input\status — копия (43).xml
2025-09-27 21:17:44.345 +03:00 [INF] [Thread:] Successfully processed and published data for 3 modules from file: D:\Programming\XMLProcessor\input\status — копия (52).xml
2025-09-27 21:17:44.346 +03:00 [INF] [Thread:] Successfully processed and published data for 3 modules from file: D:\Programming\XMLProcessor\input\status — копия (23).xml
2025-09-27 21:17:44.348 +03:00 [INF] [Thread:] Successfully processed and published data for 3 modules from file: D:\Programming\XMLProcessor\input\status — копия (4).xml
2025-09-27 21:17:44.350 +03:00 [INF] [Thread:] Successfully processed and published data for 3 modules from file: D:\Programming\XMLProcessor\input\status — копия (14).xml
2025-09-27 21:17:44.351 +03:00 [INF] [Thread:] Successfully processed and published data for 3 modules from file: D:\Programming\XMLProcessor\input\status — копия (12).xml
2025-09-27 21:17:44.353 +03:00 [INF] [Thread:] Successfully processed and published data for 3 modules from file: D:\Programming\XMLProcessor\input\status — копия (44) — копия — копия.xml
2025-09-27 21:17:44.355 +03:00 [INF] [Thread:] Successfully processed and published data for 3 modules from file: D:\Programming\XMLProcessor\input\status — копия (35).xml
2025-09-27 21:17:44.357 +03:00 [INF] [Thread:] Successfully processed and published data for 3 modules from file: D:\Programming\XMLProcessor\input\status — копия (16).xml
2025-09-27 21:17:44.358 +03:00 [INF] [Thread:] Successfully processed and published data for 3 modules from file: D:\Programming\XMLProcessor\input\status — копия (21).xml
2025-09-27 21:17:44.359 +03:00 [INF] [Thread:] Successfully processed and published data for 3 modules from file: D:\Programming\XMLProcessor\input\status — копия (42) — копия — копия.xml
2025-09-27 21:17:44.361 +03:00 [INF] [Thread:] Successfully processed and published data for 3 modules from file: D:\Programming\XMLProcessor\input\status — копия (44).xml
2025-09-27 21:17:44.362 +03:00 [INF] [Thread:] Successfully processed and published data for 3 modules from file: D:\Programming\XMLProcessor\input\status — копия (40).xml
2025-09-27 21:17:44.364 +03:00 [INF] [Thread:] Successfully processed and published data for 3 modules from file: D:\Programming\XMLProcessor\input\status — копия (38).xml
2025-09-27 21:17:44.366 +03:00 [INF] [Thread:] Successfully processed and published data for 3 modules from file: D:\Programming\XMLProcessor\input\status — копия (43) — копия — копия.xml
2025-09-27 21:17:44.367 +03:00 [INF] [Thread:] Successfully processed and published data for 3 modules from file: D:\Programming\XMLProcessor\input\status — копия (41).xml
2025-09-27 21:18:33.855 +03:00 [INF] [Thread:] Bus stopped: "rabbitmq://localhost/"
2025-09-27 21:21:35.583 +03:00 [INF] [Thread:] File processing mode is set to: TrackLastModified
2025-09-27 21:21:35.736 +03:00 [INF] [Thread:] FileParserService started. Watching directory: D:\Programming\XMLProcessor\input
2025-09-27 21:21:35.741 +03:00 [INF] [Thread:] Found 98 file(s) to process in 'TrackLastModified' mode.
2025-09-27 21:21:35.926 +03:00 [INF] [Thread:] Processing file: D:\Programming\XMLProcessor\input\status — копия (10).xml
2025-09-27 21:21:35.926 +03:00 [INF] [Thread:] Processing file: D:\Programming\XMLProcessor\input\status — копия (11).xml
2025-09-27 21:21:35.926 +03:00 [INF] [Thread:] Processing file: D:\Programming\XMLProcessor\input\status — копия (19).xml
2025-09-27 21:21:35.926 +03:00 [INF] [Thread:] Processing file: D:\Programming\XMLProcessor\input\status — копия (12).xml
2025-09-27 21:21:35.926 +03:00 [INF] [Thread:] Processing file: D:\Programming\XMLProcessor\input\status — копия (13).xml
2025-09-27 21:21:35.926 +03:00 [INF] [Thread:] Processing file: D:\Programming\XMLProcessor\input\status — копия (14).xml
2025-09-27 21:21:35.926 +03:00 [INF] [Thread:] Processing file: D:\Programming\XMLProcessor\input\status — копия (15).xml
2025-09-27 21:21:35.926 +03:00 [INF] [Thread:] Processing file: D:\Programming\XMLProcessor\input\status — копия (16).xml
2025-09-27 21:21:35.926 +03:00 [INF] [Thread:] Processing file: D:\Programming\XMLProcessor\input\status — копия (17).xml
2025-09-27 21:21:35.952 +03:00 [INF] [Thread:] Processing file: D:\Programming\XMLProcessor\input\status — копия (20).xml
2025-09-27 21:21:35.926 +03:00 [INF] [Thread:] Processing file: D:\Programming\XMLProcessor\input\status — копия (18).xml
2025-09-27 21:21:35.926 +03:00 [INF] [Thread:] Processing file: D:\Programming\XMLProcessor\input\status — копия (2).xml
2025-09-27 21:21:35.961 +03:00 [INF] [Thread:] Processing file: D:\Programming\XMLProcessor\input\status — копия (21).xml
2025-09-27 21:21:36.215 +03:00 [INF] [Thread:] Processing file: D:\Programming\XMLProcessor\input\status — копия (24).xml
2025-09-27 21:21:36.215 +03:00 [INF] [Thread:] Processing file: D:\Programming\XMLProcessor\input\status — копия (23).xml
2025-09-27 21:21:36.215 +03:00 [INF] [Thread:] Processing file: D:\Programming\XMLProcessor\input\status — копия (31).xml
2025-09-27 21:21:36.215 +03:00 [INF] [Thread:] Processing file: D:\Programming\XMLProcessor\input\status — копия (32).xml
2025-09-27 21:21:36.215 +03:00 [INF] [Thread:] Processing file: D:\Programming\XMLProcessor\input\status — копия (25).xml
2025-09-27 21:21:36.215 +03:00 [INF] [Thread:] Processing file: D:\Programming\XMLProcessor\input\status — копия (3).xml
2025-09-27 21:21:36.215 +03:00 [INF] [Thread:] Processing file: D:\Programming\XMLProcessor\input\status — копия (26).xml
2025-09-27 21:21:36.215 +03:00 [INF] [Thread:] Processing file: D:\Programming\XMLProcessor\input\status — копия (22).xml
2025-09-27 21:21:36.215 +03:00 [INF] [Thread:] Processing file: D:\Programming\XMLProcessor\input\status — копия (28).xml
2025-09-27 21:21:36.215 +03:00 [INF] [Thread:] Processing file: D:\Programming\XMLProcessor\input\status — копия (30).xml
2025-09-27 21:21:36.215 +03:00 [INF] [Thread:] Processing file: D:\Programming\XMLProcessor\input\status — копия (29).xml
2025-09-27 21:21:36.215 +03:00 [INF] [Thread:] Processing file: D:\Programming\XMLProcessor\input\status — копия (27).xml
2025-09-27 21:21:36.267 +03:00 [ERR] [Thread:] An error occurred while processing file D:\Programming\XMLProcessor\input\status — копия (26).xml.
System.InvalidOperationException: There is an error in XML document (11, 9).
 ---> System.Xml.XmlException: Name cannot begin with the '<' character, hexadecimal value 0x3C. Line 11, position 9.
   at System.Xml.XmlTextReaderImpl.Throw(Exception e)
   at System.Xml.XmlTextReaderImpl.Throw(String res, String[] args)
   at System.Xml.XmlTextReaderImpl.ParseAttributes()
   at System.Xml.XmlTextReaderImpl.ParseElement()
   at System.Xml.XmlTextReaderImpl.ParseElementContent()
   at System.Xml.XmlReader.FinishReadElementContentAsXxx()
   at System.Xml.XmlReader.ReadElementContentAsString()
   at Microsoft.Xml.Serialization.GeneratedAssembly.XmlSerializationReaderInstrumentStatus.Read2_DeviceStatus(Boolean isNullable, Boolean checkType)
   at Microsoft.Xml.Serialization.GeneratedAssembly.XmlSerializationReaderInstrumentStatus.Read3_InstrumentStatus(Boolean isNullable, Boolean checkType)
   at Microsoft.Xml.Serialization.GeneratedAssembly.XmlSerializationReaderInstrumentStatus.Read4_InstrumentStatus()
   at InvokeStub_XmlSerializationReaderInstrumentStatus.Read4_InstrumentStatus(Object, Object, IntPtr*)
   at System.Reflection.MethodBaseInvoker.InvokeWithNoArgs(Object obj, BindingFlags invokeAttr)
   --- End of inner exception stack trace ---
   at System.Xml.Serialization.XmlSerializer.Deserialize(XmlReader xmlReader, String encodingStyle, XmlDeserializationEvents events)
   at System.Xml.Serialization.XmlSerializer.Deserialize(TextReader textReader)
   at FileParserService.Services.FileProcessorService.ProcessFileAsync(String filePath) in D:\Programming\XMLProcessor\FileParserServiceSln\FileParserService\Services\FileProcessorService.cs:line 53
2025-09-27 21:21:36.300 +03:00 [INF] [Thread:] Processing file: D:\Programming\XMLProcessor\input\status — копия (33).xml
2025-09-27 21:21:36.307 +03:00 [INF] [Thread:] Processing file: D:\Programming\XMLProcessor\input\status — копия (38) — копия.xml
2025-09-27 21:21:36.307 +03:00 [INF] [Thread:] Processing file: D:\Programming\XMLProcessor\input\status — копия (40).xml
2025-09-27 21:21:36.307 +03:00 [INF] [Thread:] Processing file: D:\Programming\XMLProcessor\input\status — копия (36).xml
2025-09-27 21:21:36.311 +03:00 [INF] [Thread:] Processing file: D:\Programming\XMLProcessor\input\status — копия (41) — копия.xml
2025-09-27 21:21:36.314 +03:00 [INF] [Thread:] Processing file: D:\Programming\XMLProcessor\input\status — копия (41).xml
2025-09-27 21:21:36.307 +03:00 [INF] [Thread:] Processing file: D:\Programming\XMLProcessor\input\status — копия (39).xml
2025-09-27 21:21:36.316 +03:00 [INF] [Thread:] Processing file: D:\Programming\XMLProcessor\input\status — копия (42) — копия — копия.xml
2025-09-27 21:21:36.318 +03:00 [INF] [Thread:] Processing file: D:\Programming\XMLProcessor\input\status — копия (43) — копия — копия.xml
2025-09-27 21:21:36.319 +03:00 [INF] [Thread:] Processing file: D:\Programming\XMLProcessor\input\status — копия (43).xml
2025-09-27 21:21:36.323 +03:00 [INF] [Thread:] Processing file: D:\Programming\XMLProcessor\input\status — копия (44) — копия — копия.xml
2025-09-27 21:21:36.324 +03:00 [INF] [Thread:] Processing file: D:\Programming\XMLProcessor\input\status — копия (44).xml
2025-09-27 21:21:36.326 +03:00 [INF] [Thread:] Processing file: D:\Programming\XMLProcessor\input\status — копия (45) — копия — копия.xml
2025-09-27 21:21:36.328 +03:00 [INF] [Thread:] Processing file: D:\Programming\XMLProcessor\input\status — копия (45).xml
2025-09-27 21:21:36.317 +03:00 [INF] [Thread:] Processing file: D:\Programming\XMLProcessor\input\status — копия (42).xml
2025-09-27 21:21:36.330 +03:00 [INF] [Thread:] Processing file: D:\Programming\XMLProcessor\input\status — копия (46) — копия — копия.xml
2025-09-27 21:21:36.333 +03:00 [INF] [Thread:] Processing file: D:\Programming\XMLProcessor\input\status — копия (47) — копия — копия.xml
2025-09-27 21:21:36.332 +03:00 [INF] [Thread:] Processing file: D:\Programming\XMLProcessor\input\status — копия (46).xml
2025-09-27 21:21:36.336 +03:00 [INF] [Thread:] Processing file: D:\Programming\XMLProcessor\input\status — копия (48) — копия — копия.xml
2025-09-27 21:21:36.336 +03:00 [INF] [Thread:] Processing file: D:\Programming\XMLProcessor\input\status — копия (47).xml
2025-09-27 21:21:36.340 +03:00 [INF] [Thread:] Processing file: D:\Programming\XMLProcessor\input\status — копия (49) — копия — копия.xml
2025-09-27 21:21:36.342 +03:00 [INF] [Thread:] Processing file: D:\Programming\XMLProcessor\input\status — копия (49).xml
2025-09-27 21:21:36.339 +03:00 [INF] [Thread:] Processing file: D:\Programming\XMLProcessor\input\status — копия (48).xml
2025-09-27 21:21:36.346 +03:00 [INF] [Thread:] Processing file: D:\Programming\XMLProcessor\input\status — копия (50) — копия — копия — копия.xml
2025-09-27 21:21:36.348 +03:00 [INF] [Thread:] Processing file: D:\Programming\XMLProcessor\input\status — копия (50) — копия — копия.xml
2025-09-27 21:21:36.350 +03:00 [INF] [Thread:] Processing file: D:\Programming\XMLProcessor\input\status — копия (50).xml
2025-09-27 21:21:36.351 +03:00 [INF] [Thread:] Processing file: D:\Programming\XMLProcessor\input\status — копия (51) — копия — копия — копия.xml
2025-09-27 21:21:36.354 +03:00 [INF] [Thread:] Processing file: D:\Programming\XMLProcessor\input\status — копия (51).xml
2025-09-27 21:21:36.356 +03:00 [INF] [Thread:] Processing file: D:\Programming\XMLProcessor\input\status — копия (52) — копия — копия — копия.xml
2025-09-27 21:21:36.344 +03:00 [INF] [Thread:] Processing file: D:\Programming\XMLProcessor\input\status — копия (5).xml
2025-09-27 21:21:36.360 +03:00 [INF] [Thread:] Processing file: D:\Programming\XMLProcessor\input\status — копия (53) — копия — копия — копия.xml
2025-09-27 21:21:36.358 +03:00 [INF] [Thread:] Processing file: D:\Programming\XMLProcessor\input\status — копия (52).xml
2025-09-27 21:21:36.364 +03:00 [INF] [Thread:] Processing file: D:\Programming\XMLProcessor\input\status — копия (53).xml
2025-09-27 21:21:36.366 +03:00 [INF] [Thread:] Processing file: D:\Programming\XMLProcessor\input\status — копия (54) — копия — копия — копия.xml
2025-09-27 21:21:36.369 +03:00 [INF] [Thread:] Processing file: D:\Programming\XMLProcessor\input\status — копия (55) — копия — копия — копия.xml
2025-09-27 21:21:36.371 +03:00 [INF] [Thread:] Processing file: D:\Programming\XMLProcessor\input\status — копия (55).xml
2025-09-27 21:21:36.372 +03:00 [INF] [Thread:] Processing file: D:\Programming\XMLProcessor\input\status — копия (56).xml
2025-09-27 21:21:36.367 +03:00 [INF] [Thread:] Processing file: D:\Programming\XMLProcessor\input\status — копия (54).xml
2025-09-27 21:21:36.375 +03:00 [INF] [Thread:] Processing file: D:\Programming\XMLProcessor\input\status — копия (57) — копия.xml
2025-09-27 21:21:36.377 +03:00 [INF] [Thread:] Processing file: D:\Programming\XMLProcessor\input\status — копия (57).xml
2025-09-27 21:21:36.380 +03:00 [INF] [Thread:] Processing file: D:\Programming\XMLProcessor\input\status — копия (58) — копия.xml
2025-09-27 21:21:36.307 +03:00 [INF] [Thread:] Processing file: D:\Programming\XMLProcessor\input\status — копия (40) — копия.xml
2025-09-27 21:21:36.380 +03:00 [INF] [Thread:] Processing file: D:\Programming\XMLProcessor\input\status — копия (59) — копия.xml
2025-09-27 21:21:36.385 +03:00 [INF] [Thread:] Processing file: D:\Programming\XMLProcessor\input\status — копия (6).xml
2025-09-27 21:21:36.385 +03:00 [INF] [Thread:] Processing file: D:\Programming\XMLProcessor\input\status — копия (60) — копия.xml
2025-09-27 21:21:36.391 +03:00 [INF] [Thread:] Processing file: D:\Programming\XMLProcessor\input\status — копия (62) — копия — копия.xml
2025-09-27 21:21:36.388 +03:00 [INF] [Thread:] Processing file: D:\Programming\XMLProcessor\input\status — копия (61) — копия.xml
2025-09-27 21:21:36.394 +03:00 [INF] [Thread:] Processing file: D:\Programming\XMLProcessor\input\status — копия (63) — копия — копия.xml
2025-09-27 21:21:36.394 +03:00 [INF] [Thread:] Processing file: D:\Programming\XMLProcessor\input\status — копия (62) — копия.xml
2025-09-27 21:21:36.398 +03:00 [INF] [Thread:] Processing file: D:\Programming\XMLProcessor\input\status — копия (64) — копия — копия.xml
2025-09-27 21:21:36.400 +03:00 [INF] [Thread:] Processing file: D:\Programming\XMLProcessor\input\status — копия (65) — копия — копия.xml
2025-09-27 21:21:36.403 +03:00 [INF] [Thread:] Processing file: D:\Programming\XMLProcessor\input\status — копия (66) — копия — копия.xml
2025-09-27 21:21:36.404 +03:00 [INF] [Thread:] Processing file: D:\Programming\XMLProcessor\input\status — копия (67) — копия — копия.xml
2025-09-27 21:21:36.404 +03:00 [INF] [Thread:] Processing file: D:\Programming\XMLProcessor\input\status — копия (68) — копия — копия.xml
2025-09-27 21:21:36.409 +03:00 [INF] [Thread:] Processing file: D:\Programming\XMLProcessor\input\status — копия (69) — копия — копия.xml
2025-09-27 21:21:36.410 +03:00 [INF] [Thread:] Processing file: D:\Programming\XMLProcessor\input\status — копия (70) — копия — копия.xml
2025-09-27 21:21:36.413 +03:00 [INF] [Thread:] Processing file: D:\Programming\XMLProcessor\input\status — копия (71) — копия — копия.xml
2025-09-27 21:21:36.414 +03:00 [INF] [Thread:] Processing file: D:\Programming\XMLProcessor\input\status — копия (72) — копия — копия.xml
2025-09-27 21:21:36.410 +03:00 [INF] [Thread:] Processing file: D:\Programming\XMLProcessor\input\status — копия (7).xml
2025-09-27 21:21:36.419 +03:00 [INF] [Thread:] Processing file: D:\Programming\XMLProcessor\input\status — копия (74) — копия — копия.xml
2025-09-27 21:21:36.421 +03:00 [INF] [Thread:] Processing file: D:\Programming\XMLProcessor\input\status — копия (75) — копия — копия.xml
2025-09-27 21:21:36.423 +03:00 [INF] [Thread:] Processing file: D:\Programming\XMLProcessor\input\status — копия (8).xml
2025-09-27 21:21:36.424 +03:00 [INF] [Thread:] Processing file: D:\Programming\XMLProcessor\input\status — копия (9).xml
2025-09-27 21:21:36.416 +03:00 [INF] [Thread:] Processing file: D:\Programming\XMLProcessor\input\status — копия (73) — копия — копия.xml
2025-09-27 21:21:36.428 +03:00 [INF] [Thread:] Processing file: D:\Programming\XMLProcessor\input\status — копия.xml
2025-09-27 21:21:36.428 +03:00 [INF] [Thread:] Processing file: D:\Programming\XMLProcessor\input\status.xml
2025-09-27 21:21:36.307 +03:00 [INF] [Thread:] Processing file: D:\Programming\XMLProcessor\input\status — копия (34).xml
2025-09-27 21:21:36.307 +03:00 [INF] [Thread:] Processing file: D:\Programming\XMLProcessor\input\status — копия (39) — копия.xml
2025-09-27 21:21:36.307 +03:00 [INF] [Thread:] Processing file: D:\Programming\XMLProcessor\input\status — копия (35).xml
2025-09-27 21:21:36.307 +03:00 [INF] [Thread:] Processing file: D:\Programming\XMLProcessor\input\status — копия (38).xml
2025-09-27 21:21:36.307 +03:00 [INF] [Thread:] Processing file: D:\Programming\XMLProcessor\input\status — копия (37).xml
2025-09-27 21:21:36.307 +03:00 [INF] [Thread:] Processing file: D:\Programming\XMLProcessor\input\status — копия (41) — копия — копия.xml
2025-09-27 21:21:36.307 +03:00 [INF] [Thread:] Processing file: D:\Programming\XMLProcessor\input\status — копия (4).xml
2025-09-27 21:21:36.563 +03:00 [INF] [Thread:] Bus started: "rabbitmq://localhost/"
2025-09-27 21:21:36.873 +03:00 [INF] [Thread:] Successfully processed and published data for 3 modules from file: D:\Programming\XMLProcessor\input\status — копия (31).xml
2025-09-27 21:21:36.873 +03:00 [INF] [Thread:] Successfully processed and published data for 3 modules from file: D:\Programming\XMLProcessor\input\status — копия (27).xml
2025-09-27 21:21:36.873 +03:00 [INF] [Thread:] Successfully processed and published data for 3 modules from file: D:\Programming\XMLProcessor\input\status — копия (24).xml
2025-09-27 21:21:36.873 +03:00 [INF] [Thread:] Successfully processed and published data for 3 modules from file: D:\Programming\XMLProcessor\input\status — копия (25).xml
2025-09-27 21:21:36.873 +03:00 [INF] [Thread:] Successfully processed and published data for 3 modules from file: D:\Programming\XMLProcessor\input\status — копия (52).xml
2025-09-27 21:21:36.873 +03:00 [INF] [Thread:] Successfully processed and published data for 3 modules from file: D:\Programming\XMLProcessor\input\status — копия (30).xml
2025-09-27 21:21:36.873 +03:00 [INF] [Thread:] Successfully processed and published data for 3 modules from file: D:\Programming\XMLProcessor\input\status — копия (22).xml
2025-09-27 21:21:36.873 +03:00 [INF] [Thread:] Successfully processed and published data for 3 modules from file: D:\Programming\XMLProcessor\input\status — копия (70) — копия — копия.xml
2025-09-27 21:21:36.873 +03:00 [INF] [Thread:] Successfully processed and published data for 3 modules from file: D:\Programming\XMLProcessor\input\status — копия (39) — копия.xml
2025-09-27 21:21:36.873 +03:00 [INF] [Thread:] Successfully processed and published data for 3 modules from file: D:\Programming\XMLProcessor\input\status — копия (53).xml
2025-09-27 21:21:36.873 +03:00 [INF] [Thread:] Successfully processed and published data for 3 modules from file: D:\Programming\XMLProcessor\input\status — копия (23).xml
2025-09-27 21:21:36.873 +03:00 [INF] [Thread:] Successfully processed and published data for 3 modules from file: D:\Programming\XMLProcessor\input\status — копия (53) — копия — копия — копия.xml
2025-09-27 21:21:36.877 +03:00 [INF] [Thread:] Successfully processed and published data for 3 modules from file: D:\Programming\XMLProcessor\input\status — копия (54) — копия — копия — копия.xml
2025-09-27 21:21:36.877 +03:00 [INF] [Thread:] Successfully processed and published data for 3 modules from file: D:\Programming\XMLProcessor\input\status — копия (28).xml
2025-09-27 21:21:36.883 +03:00 [INF] [Thread:] Successfully processed and published data for 3 modules from file: D:\Programming\XMLProcessor\input\status — копия (56).xml
2025-09-27 21:21:36.880 +03:00 [INF] [Thread:] Successfully processed and published data for 3 modules from file: D:\Programming\XMLProcessor\input\status — копия (3).xml
2025-09-27 21:21:36.886 +03:00 [INF] [Thread:] Successfully processed and published data for 3 modules from file: D:\Programming\XMLProcessor\input\status — копия (54).xml
2025-09-27 21:21:36.888 +03:00 [INF] [Thread:] Successfully processed and published data for 3 modules from file: D:\Programming\XMLProcessor\input\status — копия (55) — копия — копия — копия.xml
2025-09-27 21:21:36.884 +03:00 [INF] [Thread:] Successfully processed and published data for 3 modules from file: D:\Programming\XMLProcessor\input\status — копия (5).xml
2025-09-27 21:21:36.889 +03:00 [INF] [Thread:] Successfully processed and published data for 3 modules from file: D:\Programming\XMLProcessor\input\status — копия (32).xml
2025-09-27 21:21:36.878 +03:00 [INF] [Thread:] Successfully processed and published data for 3 modules from file: D:\Programming\XMLProcessor\input\status — копия (34).xml
2025-09-27 21:21:36.881 +03:00 [INF] [Thread:] Successfully processed and published data for 3 modules from file: D:\Programming\XMLProcessor\input\status — копия (33).xml
2025-09-27 21:21:36.885 +03:00 [INF] [Thread:] Successfully processed and published data for 3 modules from file: D:\Programming\XMLProcessor\input\status — копия (67) — копия — копия.xml
2025-09-27 21:21:36.890 +03:00 [INF] [Thread:] Successfully processed and published data for 3 modules from file: D:\Programming\XMLProcessor\input\status.xml
2025-09-27 21:21:36.893 +03:00 [INF] [Thread:] Successfully processed and published data for 3 modules from file: D:\Programming\XMLProcessor\input\status — копия (72) — копия — копия.xml
2025-09-27 21:21:36.895 +03:00 [INF] [Thread:] Successfully processed and published data for 3 modules from file: D:\Programming\XMLProcessor\input\status — копия (46).xml
2025-09-27 21:21:36.896 +03:00 [INF] [Thread:] Successfully processed and published data for 3 modules from file: D:\Programming\XMLProcessor\input\status — копия (13).xml
2025-09-27 21:21:36.898 +03:00 [INF] [Thread:] Successfully processed and published data for 3 modules from file: D:\Programming\XMLProcessor\input\status — копия (4).xml
2025-09-27 21:21:36.899 +03:00 [INF] [Thread:] Successfully processed and published data for 3 modules from file: D:\Programming\XMLProcessor\input\status — копия (46) — копия — копия.xml
2025-09-27 21:21:36.900 +03:00 [INF] [Thread:] Successfully processed and published data for 3 modules from file: D:\Programming\XMLProcessor\input\status — копия (29).xml
2025-09-27 21:21:36.902 +03:00 [INF] [Thread:] Successfully processed and published data for 3 modules from file: D:\Programming\XMLProcessor\input\status — копия (57).xml
2025-09-27 21:21:36.903 +03:00 [INF] [Thread:] Successfully processed and published data for 3 modules from file: D:\Programming\XMLProcessor\input\status — копия (52) — копия — копия — копия.xml
2025-09-27 21:21:36.904 +03:00 [INF] [Thread:] Successfully processed and published data for 3 modules from file: D:\Programming\XMLProcessor\input\status — копия (58) — копия.xml
2025-09-27 21:21:36.905 +03:00 [INF] [Thread:] Successfully processed and published data for 3 modules from file: D:\Programming\XMLProcessor\input\status — копия (16).xml
2025-09-27 21:21:36.907 +03:00 [INF] [Thread:] Successfully processed and published data for 3 modules from file: D:\Programming\XMLProcessor\input\status — копия (66) — копия — копия.xml
2025-09-27 21:21:36.908 +03:00 [INF] [Thread:] Successfully processed and published data for 3 modules from file: D:\Programming\XMLProcessor\input\status — копия (42).xml
2025-09-27 21:21:36.910 +03:00 [INF] [Thread:] Successfully processed and published data for 3 modules from file: D:\Programming\XMLProcessor\input\status — копия (74) — копия — копия.xml
2025-09-27 21:21:36.911 +03:00 [INF] [Thread:] Successfully processed and published data for 3 modules from file: D:\Programming\XMLProcessor\input\status — копия (47) — копия — копия.xml
2025-09-27 21:21:36.913 +03:00 [INF] [Thread:] Successfully processed and published data for 3 modules from file: D:\Programming\XMLProcessor\input\status — копия (7).xml
2025-09-27 21:21:36.914 +03:00 [INF] [Thread:] Successfully processed and published data for 3 modules from file: D:\Programming\XMLProcessor\input\status — копия (75) — копия — копия.xml
2025-09-27 21:21:36.916 +03:00 [INF] [Thread:] Successfully processed and published data for 3 modules from file: D:\Programming\XMLProcessor\input\status — копия (6).xml
2025-09-27 21:21:36.917 +03:00 [INF] [Thread:] Successfully processed and published data for 3 modules from file: D:\Programming\XMLProcessor\input\status — копия (69) — копия — копия.xml
2025-09-27 21:21:36.918 +03:00 [INF] [Thread:] Successfully processed and published data for 3 modules from file: D:\Programming\XMLProcessor\input\status — копия (35).xml
2025-09-27 21:21:36.920 +03:00 [INF] [Thread:] Successfully processed and published data for 3 modules from file: D:\Programming\XMLProcessor\input\status — копия (40) — копия.xml
2025-09-27 21:21:36.921 +03:00 [INF] [Thread:] Successfully processed and published data for 3 modules from file: D:\Programming\XMLProcessor\input\status — копия (71) — копия — копия.xml
2025-09-27 21:21:36.922 +03:00 [INF] [Thread:] Successfully processed and published data for 3 modules from file: D:\Programming\XMLProcessor\input\status — копия (8).xml
2025-09-27 21:21:36.924 +03:00 [INF] [Thread:] Successfully processed and published data for 3 modules from file: D:\Programming\XMLProcessor\input\status — копия (45) — копия — копия.xml
2025-09-27 21:21:36.926 +03:00 [INF] [Thread:] Successfully processed and published data for 3 modules from file: D:\Programming\XMLProcessor\input\status — копия (18).xml
2025-09-27 21:21:36.927 +03:00 [INF] [Thread:] Successfully processed and published data for 3 modules from file: D:\Programming\XMLProcessor\input\status — копия (41) — копия — копия.xml
2025-09-27 21:21:36.928 +03:00 [INF] [Thread:] Successfully processed and published data for 3 modules from file: D:\Programming\XMLProcessor\input\status — копия (51) — копия — копия — копия.xml
2025-09-27 21:21:36.930 +03:00 [INF] [Thread:] Successfully processed and published data for 3 modules from file: D:\Programming\XMLProcessor\input\status — копия (20).xml
2025-09-27 21:21:36.931 +03:00 [INF] [Thread:] Successfully processed and published data for 3 modules from file: D:\Programming\XMLProcessor\input\status — копия (40).xml
2025-09-27 21:21:36.932 +03:00 [INF] [Thread:] Successfully processed and published data for 3 modules from file: D:\Programming\XMLProcessor\input\status — копия (59) — копия.xml
2025-09-27 21:21:36.934 +03:00 [INF] [Thread:] Successfully processed and published data for 3 modules from file: D:\Programming\XMLProcessor\input\status — копия (12).xml
2025-09-27 21:21:36.936 +03:00 [INF] [Thread:] Successfully processed and published data for 3 modules from file: D:\Programming\XMLProcessor\input\status — копия (60) — копия.xml
2025-09-27 21:21:36.938 +03:00 [INF] [Thread:] Successfully processed and published data for 3 modules from file: D:\Programming\XMLProcessor\input\status — копия (51).xml
2025-09-27 21:21:36.940 +03:00 [INF] [Thread:] Successfully processed and published data for 3 modules from file: D:\Programming\XMLProcessor\input\status — копия (38) — копия.xml
2025-09-27 21:21:36.942 +03:00 [INF] [Thread:] Successfully processed and published data for 3 modules from file: D:\Programming\XMLProcessor\input\status — копия (10).xml
2025-09-27 21:21:36.943 +03:00 [INF] [Thread:] Successfully processed and published data for 3 modules from file: D:\Programming\XMLProcessor\input\status — копия (68) — копия — копия.xml
2025-09-27 21:21:36.945 +03:00 [INF] [Thread:] Successfully processed and published data for 3 modules from file: D:\Programming\XMLProcessor\input\status — копия (11).xml
2025-09-27 21:21:36.946 +03:00 [INF] [Thread:] Successfully processed and published data for 3 modules from file: D:\Programming\XMLProcessor\input\status — копия (19).xml
2025-09-27 21:21:36.948 +03:00 [INF] [Thread:] Successfully processed and published data for 3 modules from file: D:\Programming\XMLProcessor\input\status — копия (50).xml
2025-09-27 21:21:36.950 +03:00 [INF] [Thread:] Successfully processed and published data for 3 modules from file: D:\Programming\XMLProcessor\input\status — копия (62) — копия — копия.xml
2025-09-27 21:21:36.951 +03:00 [INF] [Thread:] Successfully processed and published data for 3 modules from file: D:\Programming\XMLProcessor\input\status — копия (15).xml
2025-09-27 21:21:36.953 +03:00 [INF] [Thread:] Successfully processed and published data for 3 modules from file: D:\Programming\XMLProcessor\input\status — копия (61) — копия.xml
2025-09-27 21:21:36.954 +03:00 [INF] [Thread:] Successfully processed and published data for 3 modules from file: D:\Programming\XMLProcessor\input\status — копия (2).xml
2025-09-27 21:21:36.956 +03:00 [INF] [Thread:] Successfully processed and published data for 3 modules from file: D:\Programming\XMLProcessor\input\status — копия (50) — копия — копия.xml
2025-09-27 21:21:36.957 +03:00 [INF] [Thread:] Successfully processed and published data for 3 modules from file: D:\Programming\XMLProcessor\input\status — копия (36).xml
2025-09-27 21:21:36.958 +03:00 [INF] [Thread:] Successfully processed and published data for 3 modules from file: D:\Programming\XMLProcessor\input\status — копия (14).xml
2025-09-27 21:21:36.960 +03:00 [INF] [Thread:] Successfully processed and published data for 3 modules from file: D:\Programming\XMLProcessor\input\status — копия (37).xml
2025-09-27 21:21:36.961 +03:00 [INF] [Thread:] Successfully processed and published data for 3 modules from file: D:\Programming\XMLProcessor\input\status — копия (45).xml
2025-09-27 21:21:36.963 +03:00 [INF] [Thread:] Successfully processed and published data for 3 modules from file: D:\Programming\XMLProcessor\input\status — копия (41) — копия.xml
2025-09-27 21:21:36.965 +03:00 [INF] [Thread:] Successfully processed and published data for 3 modules from file: D:\Programming\XMLProcessor\input\status — копия (50) — копия — копия — копия.xml
2025-09-27 21:21:36.966 +03:00 [INF] [Thread:] Successfully processed and published data for 3 modules from file: D:\Programming\XMLProcessor\input\status — копия (17).xml
2025-09-27 21:21:36.968 +03:00 [INF] [Thread:] Successfully processed and published data for 3 modules from file: D:\Programming\XMLProcessor\input\status — копия (63) — копия — копия.xml
2025-09-27 21:21:36.970 +03:00 [INF] [Thread:] Successfully processed and published data for 3 modules from file: D:\Programming\XMLProcessor\input\status — копия.xml
2025-09-27 21:21:36.971 +03:00 [INF] [Thread:] Successfully processed and published data for 3 modules from file: D:\Programming\XMLProcessor\input\status — копия (48).xml
2025-09-27 21:21:36.973 +03:00 [INF] [Thread:] Successfully processed and published data for 3 modules from file: D:\Programming\XMLProcessor\input\status — копия (39).xml
2025-09-27 21:21:36.974 +03:00 [INF] [Thread:] Successfully processed and published data for 3 modules from file: D:\Programming\XMLProcessor\input\status — копия (42) — копия — копия.xml
2025-09-27 21:21:36.975 +03:00 [INF] [Thread:] Successfully processed and published data for 3 modules from file: D:\Programming\XMLProcessor\input\status — копия (41).xml
2025-09-27 21:21:36.976 +03:00 [INF] [Thread:] Successfully processed and published data for 3 modules from file: D:\Programming\XMLProcessor\input\status — копия (38).xml
2025-09-27 21:21:36.978 +03:00 [INF] [Thread:] Successfully processed and published data for 3 modules from file: D:\Programming\XMLProcessor\input\status — копия (49).xml
2025-09-27 21:21:36.979 +03:00 [INF] [Thread:] Successfully processed and published data for 3 modules from file: D:\Programming\XMLProcessor\input\status — копия (48) — копия — копия.xml
2025-09-27 21:21:36.981 +03:00 [INF] [Thread:] Successfully processed and published data for 3 modules from file: D:\Programming\XMLProcessor\input\status — копия (43) — копия — копия.xml
2025-09-27 21:21:36.982 +03:00 [INF] [Thread:] Successfully processed and published data for 3 modules from file: D:\Programming\XMLProcessor\input\status — копия (43).xml
2025-09-27 21:21:36.984 +03:00 [INF] [Thread:] Successfully processed and published data for 3 modules from file: D:\Programming\XMLProcessor\input\status — копия (49) — копия — копия.xml
2025-09-27 21:21:36.985 +03:00 [INF] [Thread:] Successfully processed and published data for 3 modules from file: D:\Programming\XMLProcessor\input\status — копия (62) — копия.xml
2025-09-27 21:21:36.987 +03:00 [INF] [Thread:] Successfully processed and published data for 3 modules from file: D:\Programming\XMLProcessor\input\status — копия (64) — копия — копия.xml
2025-09-27 21:21:36.988 +03:00 [INF] [Thread:] Successfully processed and published data for 3 modules from file: D:\Programming\XMLProcessor\input\status — копия (73) — копия — копия.xml
2025-09-27 21:21:36.990 +03:00 [INF] [Thread:] Successfully processed and published data for 3 modules from file: D:\Programming\XMLProcessor\input\status — копия (21).xml
2025-09-27 21:21:36.992 +03:00 [INF] [Thread:] Successfully processed and published data for 3 modules from file: D:\Programming\XMLProcessor\input\status — копия (47).xml
2025-09-27 21:21:36.993 +03:00 [INF] [Thread:] Successfully processed and published data for 3 modules from file: D:\Programming\XMLProcessor\input\status — копия (44) — копия — копия.xml
2025-09-27 21:21:36.994 +03:00 [INF] [Thread:] Successfully processed and published data for 3 modules from file: D:\Programming\XMLProcessor\input\status — копия (57) — копия.xml
2025-09-27 21:21:36.996 +03:00 [INF] [Thread:] Successfully processed and published data for 3 modules from file: D:\Programming\XMLProcessor\input\status — копия (65) — копия — копия.xml
2025-09-27 21:21:36.997 +03:00 [INF] [Thread:] Successfully processed and published data for 3 modules from file: D:\Programming\XMLProcessor\input\status — копия (44).xml
2025-09-27 21:21:36.999 +03:00 [INF] [Thread:] Successfully processed and published data for 3 modules from file: D:\Programming\XMLProcessor\input\status — копия (55).xml
2025-09-27 21:21:37.001 +03:00 [INF] [Thread:] Successfully processed and published data for 3 modules from file: D:\Programming\XMLProcessor\input\status — копия (9).xml
2025-09-27 21:21:42.877 +03:00 [INF] [Thread:] Found 2 file(s) to process in 'TrackLastModified' mode.
2025-09-27 21:21:42.882 +03:00 [INF] [Thread:] Processing file: D:\Programming\XMLProcessor\input\status — копия (75) — копия — копия — копия.xml
2025-09-27 21:21:42.882 +03:00 [INF] [Thread:] Processing file: D:\Programming\XMLProcessor\input\status — копия (76) — копия — копия — копия.xml
2025-09-27 21:21:42.893 +03:00 [INF] [Thread:] Successfully processed and published data for 3 modules from file: D:\Programming\XMLProcessor\input\status — копия (76) — копия — копия — копия.xml
2025-09-27 21:21:42.893 +03:00 [INF] [Thread:] Successfully processed and published data for 3 modules from file: D:\Programming\XMLProcessor\input\status — копия (75) — копия — копия — копия.xml
2025-09-27 21:21:43.887 +03:00 [INF] [Thread:] Found 2 file(s) to process in 'TrackLastModified' mode.
2025-09-27 21:21:43.889 +03:00 [INF] [Thread:] Processing file: D:\Programming\XMLProcessor\input\status — копия (77) — копия — копия — копия.xml
2025-09-27 21:21:43.889 +03:00 [INF] [Thread:] Processing file: D:\Programming\XMLProcessor\input\status — копия (78) — копия — копия — копия.xml
2025-09-27 21:21:43.910 +03:00 [INF] [Thread:] Successfully processed and published data for 3 modules from file: D:\Programming\XMLProcessor\input\status — копия (78) — копия — копия — копия.xml
2025-09-27 21:21:43.923 +03:00 [INF] [Thread:] Successfully processed and published data for 3 modules from file: D:\Programming\XMLProcessor\input\status — копия (77) — копия — копия — копия.xml
2025-09-27 21:21:45.913 +03:00 [INF] [Thread:] Found 1 file(s) to process in 'TrackLastModified' mode.
2025-09-27 21:21:45.916 +03:00 [INF] [Thread:] Processing file: D:\Programming\XMLProcessor\input\status — копия (79) — копия — копия — копия.xml
2025-09-27 21:21:45.931 +03:00 [INF] [Thread:] Successfully processed and published data for 3 modules from file: D:\Programming\XMLProcessor\input\status — копия (79) — копия — копия — копия.xml
2025-09-27 21:22:28.345 +03:00 [INF] [Thread:] Found 1 file(s) to process in 'TrackLastModified' mode.
2025-09-27 21:22:28.349 +03:00 [INF] [Thread:] Processing file: D:\Programming\XMLProcessor\input\status — копия (58).xml
2025-09-27 21:22:28.365 +03:00 [INF] [Thread:] Successfully processed and published data for 3 modules from file: D:\Programming\XMLProcessor\input\status — копия (58).xml
2025-09-27 21:22:31.366 +03:00 [INF] [Thread:] Found 1 file(s) to process in 'TrackLastModified' mode.
2025-09-27 21:22:31.370 +03:00 [INF] [Thread:] Processing file: D:\Programming\XMLProcessor\input\status — копия (59).xml
2025-09-27 21:22:31.402 +03:00 [INF] [Thread:] Successfully processed and published data for 3 modules from file: D:\Programming\XMLProcessor\input\status — копия (59).xml
2025-09-27 21:22:37.437 +03:00 [INF] [Thread:] Found 1 file(s) to process in 'TrackLastModified' mode.
2025-09-27 21:22:37.440 +03:00 [INF] [Thread:] Processing file: D:\Programming\XMLProcessor\input\status — копия (60).xml
2025-09-27 21:22:37.449 +03:00 [INF] [Thread:] Successfully processed and published data for 3 modules from file: D:\Programming\XMLProcessor\input\status — копия (60).xml
2025-09-27 21:51:42.799 +03:00 [INF] [Thread:] File processing mode is set to: TrackLastModified
2025-09-27 21:51:42.899 +03:00 [INF] [Thread:] FileParserService started. Watching directory: D:\Programming\XMLProcessor\input
2025-09-27 21:51:42.903 +03:00 [INF] [Thread:] Found 70 file(s) to process in 'TrackLastModified' mode.
2025-09-27 21:51:43.012 +03:00 [INF] [Thread:] Processing file: D:\Programming\XMLProcessor\input\generated_status_215113_3.xml
2025-09-27 21:51:43.012 +03:00 [INF] [Thread:] Processing file: D:\Programming\XMLProcessor\input\generated_status_215113_2.xml
2025-09-27 21:51:43.012 +03:00 [INF] [Thread:] Processing file: D:\Programming\XMLProcessor\input\generated_status_215117_2.xml
2025-09-27 21:51:43.012 +03:00 [INF] [Thread:] Processing file: D:\Programming\XMLProcessor\input\generated_status_215117_3.xml
2025-09-27 21:51:43.012 +03:00 [INF] [Thread:] Processing file: D:\Programming\XMLProcessor\input\generated_status_215117_1.xml
2025-09-27 21:51:43.012 +03:00 [INF] [Thread:] Processing file: D:\Programming\XMLProcessor\input\generated_status_215113_5.xml
2025-09-27 21:51:43.012 +03:00 [INF] [Thread:] Processing file: D:\Programming\XMLProcessor\input\generated_status_215113_1.xml
2025-09-27 21:51:43.012 +03:00 [INF] [Thread:] Processing file: D:\Programming\XMLProcessor\input\generated_status_215119_1.xml
2025-09-27 21:51:43.012 +03:00 [INF] [Thread:] Processing file: D:\Programming\XMLProcessor\input\generated_status_215113_4.xml
2025-09-27 21:51:43.012 +03:00 [INF] [Thread:] Processing file: D:\Programming\XMLProcessor\input\generated_status_215117_4.xml
2025-09-27 21:51:43.012 +03:00 [INF] [Thread:] Processing file: D:\Programming\XMLProcessor\input\generated_status_215117_5.xml
2025-09-27 21:51:43.079 +03:00 [INF] [Thread:] Processing file: D:\Programming\XMLProcessor\input\generated_status_215119_2.xml
2025-09-27 21:51:43.079 +03:00 [INF] [Thread:] Processing file: D:\Programming\XMLProcessor\input\generated_status_215119_3.xml
2025-09-27 21:51:43.260 +03:00 [INF] [Thread:] Processing file: D:\Programming\XMLProcessor\input\generated_status_215127_3.xml
2025-09-27 21:51:43.260 +03:00 [INF] [Thread:] Processing file: D:\Programming\XMLProcessor\input\generated_status_215133_10.xml
2025-09-27 21:51:43.260 +03:00 [INF] [Thread:] Processing file: D:\Programming\XMLProcessor\input\generated_status_215119_4.xml
2025-09-27 21:51:43.260 +03:00 [INF] [Thread:] Processing file: D:\Programming\XMLProcessor\input\generated_status_215127_4.xml
2025-09-27 21:51:43.260 +03:00 [INF] [Thread:] Processing file: D:\Programming\XMLProcessor\input\generated_status_215133_2.xml
2025-09-27 21:51:43.260 +03:00 [INF] [Thread:] Processing file: D:\Programming\XMLProcessor\input\generated_status_215133_3.xml
2025-09-27 21:51:43.260 +03:00 [INF] [Thread:] Processing file: D:\Programming\XMLProcessor\input\generated_status_215127_1.xml
2025-09-27 21:51:43.260 +03:00 [INF] [Thread:] Processing file: D:\Programming\XMLProcessor\input\generated_status_215127_5.xml
2025-09-27 21:51:43.260 +03:00 [INF] [Thread:] Processing file: D:\Programming\XMLProcessor\input\generated_status_215133_4.xml
2025-09-27 21:51:43.260 +03:00 [INF] [Thread:] Processing file: D:\Programming\XMLProcessor\input\generated_status_215133_1.xml
2025-09-27 21:51:43.260 +03:00 [INF] [Thread:] Processing file: D:\Programming\XMLProcessor\input\generated_status_215119_5.xml
2025-09-27 21:51:43.260 +03:00 [INF] [Thread:] Processing file: D:\Programming\XMLProcessor\input\generated_status_215127_2.xml
2025-09-27 21:51:43.324 +03:00 [INF] [Thread:] Processing file: D:\Programming\XMLProcessor\input\generated_status_215133_7.xml
2025-09-27 21:51:43.324 +03:00 [INF] [Thread:] Processing file: D:\Programming\XMLProcessor\input\generated_status_215133_6.xml
2025-09-27 21:51:43.324 +03:00 [INF] [Thread:] Processing file: D:\Programming\XMLProcessor\input\generated_status_215134_13.xml
2025-09-27 21:51:43.324 +03:00 [INF] [Thread:] Processing file: D:\Programming\XMLProcessor\input\generated_status_215134_11.xml
2025-09-27 21:51:43.324 +03:00 [INF] [Thread:] Processing file: D:\Programming\XMLProcessor\input\generated_status_215133_9.xml
2025-09-27 21:51:43.324 +03:00 [INF] [Thread:] Processing file: D:\Programming\XMLProcessor\input\generated_status_215133_5.xml
2025-09-27 21:51:43.324 +03:00 [INF] [Thread:] Processing file: D:\Programming\XMLProcessor\input\generated_status_215134_15.xml
2025-09-27 21:51:43.324 +03:00 [INF] [Thread:] Processing file: D:\Programming\XMLProcessor\input\generated_status_215134_17.xml
2025-09-27 21:51:43.324 +03:00 [INF] [Thread:] Processing file: D:\Programming\XMLProcessor\input\generated_status_215134_16.xml
2025-09-27 21:51:43.324 +03:00 [INF] [Thread:] Processing file: D:\Programming\XMLProcessor\input\generated_status_215134_14.xml
2025-09-27 21:51:43.324 +03:00 [INF] [Thread:] Processing file: D:\Programming\XMLProcessor\input\generated_status_215134_12.xml
2025-09-27 21:51:43.324 +03:00 [INF] [Thread:] Processing file: D:\Programming\XMLProcessor\input\generated_status_215133_8.xml
2025-09-27 21:51:43.330 +03:00 [INF] [Thread:] Processing file: D:\Programming\XMLProcessor\input\generated_status_215134_18.xml
2025-09-27 21:51:43.356 +03:00 [INF] [Thread:] Processing file: D:\Programming\XMLProcessor\input\generated_status_215134_21.xml
2025-09-27 21:51:43.357 +03:00 [INF] [Thread:] Processing file: D:\Programming\XMLProcessor\input\generated_status_215134_22.xml
2025-09-27 21:51:43.356 +03:00 [INF] [Thread:] Processing file: D:\Programming\XMLProcessor\input\generated_status_215134_20.xml
2025-09-27 21:51:43.366 +03:00 [INF] [Thread:] Processing file: D:\Programming\XMLProcessor\input\generated_status_215134_23.xml
2025-09-27 21:51:43.351 +03:00 [INF] [Thread:] Processing file: D:\Programming\XMLProcessor\input\generated_status_215134_19.xml
2025-09-27 21:51:43.370 +03:00 [INF] [Thread:] Processing file: D:\Programming\XMLProcessor\input\generated_status_215134_29.xml
2025-09-27 21:51:43.367 +03:00 [INF] [Thread:] Processing file: D:\Programming\XMLProcessor\input\generated_status_215134_25.xml
2025-09-27 21:51:43.369 +03:00 [INF] [Thread:] Processing file: D:\Programming\XMLProcessor\input\generated_status_215134_27.xml
2025-09-27 21:51:43.368 +03:00 [INF] [Thread:] Processing file: D:\Programming\XMLProcessor\input\generated_status_215134_26.xml
2025-09-27 21:51:43.370 +03:00 [INF] [Thread:] Processing file: D:\Programming\XMLProcessor\input\generated_status_215134_28.xml
2025-09-27 21:51:43.367 +03:00 [INF] [Thread:] Processing file: D:\Programming\XMLProcessor\input\generated_status_215134_24.xml
2025-09-27 21:51:43.371 +03:00 [INF] [Thread:] Processing file: D:\Programming\XMLProcessor\input\generated_status_215134_30.xml
2025-09-27 21:51:43.398 +03:00 [INF] [Thread:] Processing file: D:\Programming\XMLProcessor\input\generated_status_215134_31.xml
2025-09-27 21:51:43.400 +03:00 [INF] [Thread:] Processing file: D:\Programming\XMLProcessor\input\generated_status_215134_32.xml
2025-09-27 21:51:43.405 +03:00 [INF] [Thread:] Processing file: D:\Programming\XMLProcessor\input\generated_status_215134_36.xml
2025-09-27 21:51:43.400 +03:00 [INF] [Thread:] Processing file: D:\Programming\XMLProcessor\input\generated_status_215134_33.xml
2025-09-27 21:51:43.402 +03:00 [INF] [Thread:] Processing file: D:\Programming\XMLProcessor\input\generated_status_215134_34.xml
2025-09-27 21:51:43.405 +03:00 [INF] [Thread:] Processing file: D:\Programming\XMLProcessor\input\generated_status_215134_37.xml
2025-09-27 21:51:43.403 +03:00 [INF] [Thread:] Processing file: D:\Programming\XMLProcessor\input\generated_status_215134_35.xml
2025-09-27 21:51:43.407 +03:00 [INF] [Thread:] Processing file: D:\Programming\XMLProcessor\input\generated_status_215134_38.xml
2025-09-27 21:51:43.408 +03:00 [INF] [Thread:] Processing file: D:\Programming\XMLProcessor\input\generated_status_215134_39.xml
2025-09-27 21:51:43.410 +03:00 [INF] [Thread:] Processing file: D:\Programming\XMLProcessor\input\generated_status_215134_41.xml
2025-09-27 21:51:43.410 +03:00 [INF] [Thread:] Processing file: D:\Programming\XMLProcessor\input\generated_status_215134_40.xml
2025-09-27 21:51:43.410 +03:00 [INF] [Thread:] Processing file: D:\Programming\XMLProcessor\input\generated_status_215134_42.xml
2025-09-27 21:51:43.428 +03:00 [INF] [Thread:] Processing file: D:\Programming\XMLProcessor\input\generated_status_215134_43.xml
2025-09-27 21:51:43.441 +03:00 [INF] [Thread:] Processing file: D:\Programming\XMLProcessor\input\generated_status_215134_44.xml
2025-09-27 21:51:43.445 +03:00 [INF] [Thread:] Processing file: D:\Programming\XMLProcessor\input\generated_status_215134_45.xml
2025-09-27 21:51:43.449 +03:00 [INF] [Thread:] Processing file: D:\Programming\XMLProcessor\input\generated_status_215134_48.xml
2025-09-27 21:51:43.449 +03:00 [INF] [Thread:] Processing file: D:\Programming\XMLProcessor\input\generated_status_215134_47.xml
2025-09-27 21:51:43.450 +03:00 [INF] [Thread:] Processing file: D:\Programming\XMLProcessor\input\generated_status_215134_49.xml
2025-09-27 21:51:43.448 +03:00 [INF] [Thread:] Processing file: D:\Programming\XMLProcessor\input\generated_status_215134_46.xml
2025-09-27 21:51:43.453 +03:00 [INF] [Thread:] Processing file: D:\Programming\XMLProcessor\input\generated_status_215134_50.xml
2025-09-27 21:51:43.608 +03:00 [INF] [Thread:] Bus started: "rabbitmq://localhost/"
2025-09-27 21:51:43.857 +03:00 [INF] [Thread:] Successfully processed and published data for 2 modules from file: D:\Programming\XMLProcessor\input\generated_status_215134_41.xml
2025-09-27 21:51:43.857 +03:00 [INF] [Thread:] Successfully processed and published data for 4 modules from file: D:\Programming\XMLProcessor\input\generated_status_215134_50.xml
2025-09-27 21:51:43.863 +03:00 [INF] [Thread:] Successfully processed and published data for 3 modules from file: D:\Programming\XMLProcessor\input\generated_status_215134_35.xml
2025-09-27 21:51:43.864 +03:00 [INF] [Thread:] Successfully processed and published data for 4 modules from file: D:\Programming\XMLProcessor\input\generated_status_215127_5.xml
2025-09-27 21:51:43.864 +03:00 [INF] [Thread:] Successfully processed and published data for 5 modules from file: D:\Programming\XMLProcessor\input\generated_status_215127_2.xml
2025-09-27 21:51:43.864 +03:00 [INF] [Thread:] Successfully processed and published data for 2 modules from file: D:\Programming\XMLProcessor\input\generated_status_215127_1.xml
2025-09-27 21:51:43.864 +03:00 [INF] [Thread:] Successfully processed and published data for 5 modules from file: D:\Programming\XMLProcessor\input\generated_status_215134_48.xml
2025-09-27 21:51:43.864 +03:00 [INF] [Thread:] Successfully processed and published data for 2 modules from file: D:\Programming\XMLProcessor\input\generated_status_215134_44.xml
2025-09-27 21:51:43.864 +03:00 [INF] [Thread:] Successfully processed and published data for 2 modules from file: D:\Programming\XMLProcessor\input\generated_status_215127_3.xml
2025-09-27 21:51:43.864 +03:00 [INF] [Thread:] Successfully processed and published data for 2 modules from file: D:\Programming\XMLProcessor\input\generated_status_215133_3.xml
2025-09-27 21:51:43.864 +03:00 [INF] [Thread:] Successfully processed and published data for 2 modules from file: D:\Programming\XMLProcessor\input\generated_status_215134_42.xml
2025-09-27 21:51:43.864 +03:00 [INF] [Thread:] Successfully processed and published data for 3 modules from file: D:\Programming\XMLProcessor\input\generated_status_215134_43.xml
2025-09-27 21:51:43.868 +03:00 [INF] [Thread:] Successfully processed and published data for 3 modules from file: D:\Programming\XMLProcessor\input\generated_status_215133_2.xml
2025-09-27 21:51:43.880 +03:00 [INF] [Thread:] Successfully processed and published data for 4 modules from file: D:\Programming\XMLProcessor\input\generated_status_215113_1.xml
2025-09-27 21:51:43.871 +03:00 [INF] [Thread:] Successfully processed and published data for 5 modules from file: D:\Programming\XMLProcessor\input\generated_status_215134_39.xml
2025-09-27 21:51:43.865 +03:00 [INF] [Thread:] Successfully processed and published data for 2 modules from file: D:\Programming\XMLProcessor\input\generated_status_215117_2.xml
2025-09-27 21:51:43.864 +03:00 [INF] [Thread:] Successfully processed and published data for 5 modules from file: D:\Programming\XMLProcessor\input\generated_status_215119_2.xml
2025-09-27 21:51:43.873 +03:00 [INF] [Thread:] Successfully processed and published data for 2 modules from file: D:\Programming\XMLProcessor\input\generated_status_215133_10.xml
2025-09-27 21:51:43.876 +03:00 [INF] [Thread:] Successfully processed and published data for 5 modules from file: D:\Programming\XMLProcessor\input\generated_status_215117_1.xml
2025-09-27 21:51:43.877 +03:00 [INF] [Thread:] Successfully processed and published data for 2 modules from file: D:\Programming\XMLProcessor\input\generated_status_215134_40.xml
2025-09-27 21:51:43.864 +03:00 [INF] [Thread:] Successfully processed and published data for 2 modules from file: D:\Programming\XMLProcessor\input\generated_status_215133_6.xml
2025-09-27 21:51:43.879 +03:00 [INF] [Thread:] Successfully processed and published data for 5 modules from file: D:\Programming\XMLProcessor\input\generated_status_215134_46.xml
2025-09-27 21:51:43.883 +03:00 [INF] [Thread:] Successfully processed and published data for 5 modules from file: D:\Programming\XMLProcessor\input\generated_status_215127_4.xml
2025-09-27 21:51:43.884 +03:00 [INF] [Thread:] Successfully processed and published data for 5 modules from file: D:\Programming\XMLProcessor\input\generated_status_215134_18.xml
2025-09-27 21:51:43.886 +03:00 [INF] [Thread:] Successfully processed and published data for 3 modules from file: D:\Programming\XMLProcessor\input\generated_status_215119_5.xml
2025-09-27 21:51:43.887 +03:00 [INF] [Thread:] Successfully processed and published data for 4 modules from file: D:\Programming\XMLProcessor\input\generated_status_215119_4.xml
2025-09-27 21:51:43.888 +03:00 [INF] [Thread:] Successfully processed and published data for 4 modules from file: D:\Programming\XMLProcessor\input\generated_status_215117_3.xml
2025-09-27 21:51:43.890 +03:00 [INF] [Thread:] Successfully processed and published data for 3 modules from file: D:\Programming\XMLProcessor\input\generated_status_215119_1.xml
2025-09-27 21:51:43.892 +03:00 [INF] [Thread:] Successfully processed and published data for 5 modules from file: D:\Programming\XMLProcessor\input\generated_status_215113_5.xml
2025-09-27 21:51:43.893 +03:00 [INF] [Thread:] Successfully processed and published data for 4 modules from file: D:\Programming\XMLProcessor\input\generated_status_215134_37.xml
2025-09-27 21:51:43.895 +03:00 [INF] [Thread:] Successfully processed and published data for 2 modules from file: D:\Programming\XMLProcessor\input\generated_status_215113_2.xml
2025-09-27 21:51:43.898 +03:00 [INF] [Thread:] Successfully processed and published data for 5 modules from file: D:\Programming\XMLProcessor\input\generated_status_215134_31.xml
2025-09-27 21:51:43.900 +03:00 [INF] [Thread:] Successfully processed and published data for 5 modules from file: D:\Programming\XMLProcessor\input\generated_status_215134_47.xml
2025-09-27 21:51:43.901 +03:00 [INF] [Thread:] Successfully processed and published data for 5 modules from file: D:\Programming\XMLProcessor\input\generated_status_215133_7.xml
2025-09-27 21:51:43.903 +03:00 [INF] [Thread:] Successfully processed and published data for 3 modules from file: D:\Programming\XMLProcessor\input\generated_status_215133_9.xml
2025-09-27 21:51:43.905 +03:00 [INF] [Thread:] Successfully processed and published data for 5 modules from file: D:\Programming\XMLProcessor\input\generated_status_215134_21.xml
2025-09-27 21:51:43.906 +03:00 [INF] [Thread:] Successfully processed and published data for 4 modules from file: D:\Programming\XMLProcessor\input\generated_status_215134_22.xml
2025-09-27 21:51:43.908 +03:00 [INF] [Thread:] Successfully processed and published data for 3 modules from file: D:\Programming\XMLProcessor\input\generated_status_215117_4.xml
2025-09-27 21:51:43.910 +03:00 [INF] [Thread:] Successfully processed and published data for 4 modules from file: D:\Programming\XMLProcessor\input\generated_status_215113_4.xml
2025-09-27 21:51:43.913 +03:00 [INF] [Thread:] Successfully processed and published data for 2 modules from file: D:\Programming\XMLProcessor\input\generated_status_215133_1.xml
2025-09-27 21:51:43.913 +03:00 [INF] [Thread:] Successfully processed and published data for 5 modules from file: D:\Programming\XMLProcessor\input\generated_status_215134_33.xml
2025-09-27 21:51:43.914 +03:00 [INF] [Thread:] Successfully processed and published data for 2 modules from file: D:\Programming\XMLProcessor\input\generated_status_215119_3.xml
2025-09-27 21:51:43.915 +03:00 [INF] [Thread:] Successfully processed and published data for 2 modules from file: D:\Programming\XMLProcessor\input\generated_status_215113_3.xml
2025-09-27 21:51:43.916 +03:00 [INF] [Thread:] Successfully processed and published data for 3 modules from file: D:\Programming\XMLProcessor\input\generated_status_215134_34.xml
2025-09-27 21:51:43.917 +03:00 [INF] [Thread:] Successfully processed and published data for 4 modules from file: D:\Programming\XMLProcessor\input\generated_status_215133_8.xml
2025-09-27 21:51:43.918 +03:00 [INF] [Thread:] Successfully processed and published data for 5 modules from file: D:\Programming\XMLProcessor\input\generated_status_215134_29.xml
2025-09-27 21:51:43.920 +03:00 [INF] [Thread:] Successfully processed and published data for 5 modules from file: D:\Programming\XMLProcessor\input\generated_status_215134_30.xml
2025-09-27 21:51:43.922 +03:00 [INF] [Thread:] Successfully processed and published data for 5 modules from file: D:\Programming\XMLProcessor\input\generated_status_215134_13.xml
2025-09-27 21:51:43.923 +03:00 [INF] [Thread:] Successfully processed and published data for 3 modules from file: D:\Programming\XMLProcessor\input\generated_status_215134_11.xml
2025-09-27 21:51:43.924 +03:00 [INF] [Thread:] Successfully processed and published data for 5 modules from file: D:\Programming\XMLProcessor\input\generated_status_215133_5.xml
2025-09-27 21:51:43.925 +03:00 [INF] [Thread:] Successfully processed and published data for 2 modules from file: D:\Programming\XMLProcessor\input\generated_status_215134_16.xml
2025-09-27 21:51:43.929 +03:00 [INF] [Thread:] Successfully processed and published data for 4 modules from file: D:\Programming\XMLProcessor\input\generated_status_215117_5.xml
2025-09-27 21:51:43.929 +03:00 [INF] [Thread:] Successfully processed and published data for 2 modules from file: D:\Programming\XMLProcessor\input\generated_status_215134_17.xml
2025-09-27 21:51:43.931 +03:00 [INF] [Thread:] Successfully processed and published data for 4 modules from file: D:\Programming\XMLProcessor\input\generated_status_215134_20.xml
2025-09-27 21:51:43.932 +03:00 [INF] [Thread:] Successfully processed and published data for 3 modules from file: D:\Programming\XMLProcessor\input\generated_status_215134_19.xml
2025-09-27 21:51:43.934 +03:00 [INF] [Thread:] Successfully processed and published data for 2 modules from file: D:\Programming\XMLProcessor\input\generated_status_215134_38.xml
2025-09-27 21:51:43.935 +03:00 [INF] [Thread:] Successfully processed and published data for 5 modules from file: D:\Programming\XMLProcessor\input\generated_status_215134_36.xml
2025-09-27 21:51:43.937 +03:00 [INF] [Thread:] Successfully processed and published data for 4 modules from file: D:\Programming\XMLProcessor\input\generated_status_215134_27.xml
2025-09-27 21:51:43.938 +03:00 [INF] [Thread:] Successfully processed and published data for 4 modules from file: D:\Programming\XMLProcessor\input\generated_status_215134_28.xml
2025-09-27 21:51:43.940 +03:00 [INF] [Thread:] Successfully processed and published data for 3 modules from file: D:\Programming\XMLProcessor\input\generated_status_215134_23.xml
2025-09-27 21:51:43.941 +03:00 [INF] [Thread:] Successfully processed and published data for 4 modules from file: D:\Programming\XMLProcessor\input\generated_status_215133_4.xml
2025-09-27 21:51:43.943 +03:00 [INF] [Thread:] Successfully processed and published data for 4 modules from file: D:\Programming\XMLProcessor\input\generated_status_215134_25.xml
2025-09-27 21:51:43.944 +03:00 [INF] [Thread:] Successfully processed and published data for 5 modules from file: D:\Programming\XMLProcessor\input\generated_status_215134_12.xml
2025-09-27 21:51:43.946 +03:00 [INF] [Thread:] Successfully processed and published data for 5 modules from file: D:\Programming\XMLProcessor\input\generated_status_215134_32.xml
2025-09-27 21:51:43.947 +03:00 [INF] [Thread:] Successfully processed and published data for 5 modules from file: D:\Programming\XMLProcessor\input\generated_status_215134_26.xml
2025-09-27 21:51:43.949 +03:00 [INF] [Thread:] Successfully processed and published data for 3 modules from file: D:\Programming\XMLProcessor\input\generated_status_215134_24.xml
2025-09-27 21:51:43.950 +03:00 [INF] [Thread:] Successfully processed and published data for 4 modules from file: D:\Programming\XMLProcessor\input\generated_status_215134_45.xml
2025-09-27 21:51:43.952 +03:00 [INF] [Thread:] Successfully processed and published data for 5 modules from file: D:\Programming\XMLProcessor\input\generated_status_215134_15.xml
2025-09-27 21:51:43.953 +03:00 [INF] [Thread:] Successfully processed and published data for 5 modules from file: D:\Programming\XMLProcessor\input\generated_status_215134_14.xml
2025-09-27 21:51:43.955 +03:00 [INF] [Thread:] Successfully processed and published data for 5 modules from file: D:\Programming\XMLProcessor\input\generated_status_215134_49.xml
2025-09-27 21:51:48.997 +03:00 [INF] [Thread:] Found 22 file(s) to process in 'TrackLastModified' mode.
2025-09-27 21:51:49.004 +03:00 [INF] [Thread:] Processing file: D:\Programming\XMLProcessor\input\generated_status_215148_13.xml
2025-09-27 21:51:49.004 +03:00 [INF] [Thread:] Processing file: D:\Programming\XMLProcessor\input\generated_status_215148_19.xml
2025-09-27 21:51:49.004 +03:00 [INF] [Thread:] Processing file: D:\Programming\XMLProcessor\input\generated_status_215148_11.xml
2025-09-27 21:51:49.004 +03:00 [INF] [Thread:] Processing file: D:\Programming\XMLProcessor\input\generated_status_215148_15.xml
2025-09-27 21:51:49.004 +03:00 [INF] [Thread:] Processing file: D:\Programming\XMLProcessor\input\generated_status_215148_17.xml
2025-09-27 21:51:49.004 +03:00 [INF] [Thread:] Processing file: D:\Programming\XMLProcessor\input\generated_status_215148_1.xml
2025-09-27 21:51:49.004 +03:00 [INF] [Thread:] Processing file: D:\Programming\XMLProcessor\input\generated_status_215148_14.xml
2025-09-27 21:51:49.004 +03:00 [INF] [Thread:] Processing file: D:\Programming\XMLProcessor\input\generated_status_215148_10.xml
2025-09-27 21:51:49.004 +03:00 [INF] [Thread:] Processing file: D:\Programming\XMLProcessor\input\generated_status_215148_18.xml
2025-09-27 21:51:49.004 +03:00 [INF] [Thread:] Processing file: D:\Programming\XMLProcessor\input\generated_status_215148_9.xml
2025-09-27 21:51:49.004 +03:00 [INF] [Thread:] Processing file: D:\Programming\XMLProcessor\input\generated_status_215148_16.xml
2025-09-27 21:51:49.051 +03:00 [INF] [Thread:] Processing file: D:\Programming\XMLProcessor\input\generated_status_215148_20.xml
2025-09-27 21:51:49.067 +03:00 [INF] [Thread:] Processing file: D:\Programming\XMLProcessor\input\generated_status_215148_4.xml
2025-09-27 21:51:49.066 +03:00 [INF] [Thread:] Processing file: D:\Programming\XMLProcessor\input\generated_status_215148_5.xml
2025-09-27 21:51:49.108 +03:00 [INF] [Thread:] Successfully processed and published data for 4 modules from file: D:\Programming\XMLProcessor\input\generated_status_215148_11.xml
2025-09-27 21:51:49.065 +03:00 [INF] [Thread:] Processing file: D:\Programming\XMLProcessor\input\generated_status_215148_3.xml
2025-09-27 21:51:49.058 +03:00 [INF] [Thread:] Processing file: D:\Programming\XMLProcessor\input\generated_status_215148_21.xml
2025-09-27 21:51:49.150 +03:00 [INF] [Thread:] Successfully processed and published data for 4 modules from file: D:\Programming\XMLProcessor\input\generated_status_215148_13.xml
2025-09-27 21:51:49.156 +03:00 [INF] [Thread:] Successfully processed and published data for 4 modules from file: D:\Programming\XMLProcessor\input\generated_status_215148_14.xml
2025-09-27 21:51:49.206 +03:00 [INF] [Thread:] Successfully processed and published data for 5 modules from file: D:\Programming\XMLProcessor\input\generated_status_215148_1.xml
2025-09-27 21:51:49.150 +03:00 [INF] [Thread:] Successfully processed and published data for 4 modules from file: D:\Programming\XMLProcessor\input\generated_status_215148_19.xml
2025-09-27 21:51:49.143 +03:00 [INF] [Thread:] Successfully processed and published data for 5 modules from file: D:\Programming\XMLProcessor\input\generated_status_215148_9.xml
2025-09-27 21:51:49.152 +03:00 [INF] [Thread:] Successfully processed and published data for 5 modules from file: D:\Programming\XMLProcessor\input\generated_status_215148_18.xml
2025-09-27 21:51:49.058 +03:00 [INF] [Thread:] Processing file: D:\Programming\XMLProcessor\input\generated_status_215148_22.xml
2025-09-27 21:51:49.004 +03:00 [INF] [Thread:] Processing file: D:\Programming\XMLProcessor\input\generated_status_215148_12.xml
2025-09-27 21:51:49.051 +03:00 [INF] [Thread:] Processing file: D:\Programming\XMLProcessor\input\generated_status_215148_2.xml
2025-09-27 21:51:49.073 +03:00 [INF] [Thread:] Processing file: D:\Programming\XMLProcessor\input\generated_status_215148_6.xml
2025-09-27 21:51:49.075 +03:00 [INF] [Thread:] Processing file: D:\Programming\XMLProcessor\input\generated_status_215148_7.xml
2025-09-27 21:51:49.075 +03:00 [INF] [Thread:] Processing file: D:\Programming\XMLProcessor\input\generated_status_215148_8.xml
2025-09-27 21:51:49.115 +03:00 [INF] [Thread:] Successfully processed and published data for 3 modules from file: D:\Programming\XMLProcessor\input\generated_status_215148_10.xml
2025-09-27 21:51:49.123 +03:00 [INF] [Thread:] Successfully processed and published data for 4 modules from file: D:\Programming\XMLProcessor\input\generated_status_215148_15.xml
2025-09-27 21:51:49.159 +03:00 [INF] [Thread:] Successfully processed and published data for 2 modules from file: D:\Programming\XMLProcessor\input\generated_status_215148_17.xml
2025-09-27 21:51:49.171 +03:00 [INF] [Thread:] Successfully processed and published data for 2 modules from file: D:\Programming\XMLProcessor\input\generated_status_215148_16.xml
2025-09-27 21:51:49.196 +03:00 [INF] [Thread:] Successfully processed and published data for 2 modules from file: D:\Programming\XMLProcessor\input\generated_status_215148_4.xml
2025-09-27 21:51:49.224 +03:00 [INF] [Thread:] Successfully processed and published data for 5 modules from file: D:\Programming\XMLProcessor\input\generated_status_215148_5.xml
2025-09-27 21:51:49.203 +03:00 [INF] [Thread:] Successfully processed and published data for 5 modules from file: D:\Programming\XMLProcessor\input\generated_status_215148_20.xml
2025-09-27 21:51:49.228 +03:00 [INF] [Thread:] Successfully processed and published data for 4 modules from file: D:\Programming\XMLProcessor\input\generated_status_215148_3.xml
2025-09-27 21:51:49.265 +03:00 [INF] [Thread:] Successfully processed and published data for 3 modules from file: D:\Programming\XMLProcessor\input\generated_status_215148_21.xml
2025-09-27 21:51:49.310 +03:00 [INF] [Thread:] Successfully processed and published data for 3 modules from file: D:\Programming\XMLProcessor\input\generated_status_215148_6.xml
2025-09-27 21:51:49.321 +03:00 [INF] [Thread:] Successfully processed and published data for 5 modules from file: D:\Programming\XMLProcessor\input\generated_status_215148_22.xml
2025-09-27 21:51:49.333 +03:00 [INF] [Thread:] Successfully processed and published data for 4 modules from file: D:\Programming\XMLProcessor\input\generated_status_215148_7.xml
2025-09-27 21:51:49.333 +03:00 [INF] [Thread:] Successfully processed and published data for 5 modules from file: D:\Programming\XMLProcessor\input\generated_status_215148_12.xml
2025-09-27 21:51:49.333 +03:00 [INF] [Thread:] Successfully processed and published data for 5 modules from file: D:\Programming\XMLProcessor\input\generated_status_215148_2.xml
2025-09-27 21:51:49.333 +03:00 [INF] [Thread:] Successfully processed and published data for 4 modules from file: D:\Programming\XMLProcessor\input\generated_status_215148_8.xml
2025-09-27 21:51:50.024 +03:00 [INF] [Thread:] Found 28 file(s) to process in 'TrackLastModified' mode.
2025-09-27 21:51:50.028 +03:00 [INF] [Thread:] Processing file: D:\Programming\XMLProcessor\input\generated_status_215148_23.xml
2025-09-27 21:51:50.028 +03:00 [INF] [Thread:] Processing file: D:\Programming\XMLProcessor\input\generated_status_215149_34.xml
2025-09-27 21:51:50.038 +03:00 [INF] [Thread:] Processing file: D:\Programming\XMLProcessor\input\generated_status_215149_49.xml
2025-09-27 21:51:50.028 +03:00 [INF] [Thread:] Processing file: D:\Programming\XMLProcessor\input\generated_status_215149_45.xml
2025-09-27 21:51:50.028 +03:00 [INF] [Thread:] Processing file: D:\Programming\XMLProcessor\input\generated_status_215149_38.xml
2025-09-27 21:51:50.029 +03:00 [INF] [Thread:] Processing file: D:\Programming\XMLProcessor\input\generated_status_215149_48.xml
2025-09-27 21:51:50.028 +03:00 [INF] [Thread:] Processing file: D:\Programming\XMLProcessor\input\generated_status_215149_47.xml
2025-09-27 21:51:50.028 +03:00 [INF] [Thread:] Processing file: D:\Programming\XMLProcessor\input\generated_status_215149_46.xml
2025-09-27 21:51:50.028 +03:00 [INF] [Thread:] Processing file: D:\Programming\XMLProcessor\input\generated_status_215149_44.xml
2025-09-27 21:51:50.028 +03:00 [INF] [Thread:] Processing file: D:\Programming\XMLProcessor\input\generated_status_215149_43.xml
2025-09-27 21:51:50.028 +03:00 [INF] [Thread:] Processing file: D:\Programming\XMLProcessor\input\generated_status_215149_41.xml
2025-09-27 21:51:50.028 +03:00 [INF] [Thread:] Processing file: D:\Programming\XMLProcessor\input\generated_status_215149_42.xml
2025-09-27 21:51:50.028 +03:00 [INF] [Thread:] Processing file: D:\Programming\XMLProcessor\input\generated_status_215149_40.xml
2025-09-27 21:51:50.028 +03:00 [INF] [Thread:] Processing file: D:\Programming\XMLProcessor\input\generated_status_215149_37.xml
2025-09-27 21:51:50.101 +03:00 [INF] [Thread:] Successfully processed and published data for 3 modules from file: D:\Programming\XMLProcessor\input\generated_status_215149_34.xml
2025-09-27 21:51:50.028 +03:00 [INF] [Thread:] Processing file: D:\Programming\XMLProcessor\input\generated_status_215149_39.xml
2025-09-27 21:51:50.028 +03:00 [INF] [Thread:] Processing file: D:\Programming\XMLProcessor\input\generated_status_215149_25.xml
2025-09-27 21:51:50.028 +03:00 [INF] [Thread:] Processing file: D:\Programming\XMLProcessor\input\generated_status_215149_36.xml
2025-09-27 21:51:50.028 +03:00 [INF] [Thread:] Processing file: D:\Programming\XMLProcessor\input\generated_status_215149_35.xml
2025-09-27 21:51:50.028 +03:00 [INF] [Thread:] Processing file: D:\Programming\XMLProcessor\input\generated_status_215149_33.xml
2025-09-27 21:51:50.028 +03:00 [INF] [Thread:] Processing file: D:\Programming\XMLProcessor\input\generated_status_215149_32.xml
2025-09-27 21:51:50.028 +03:00 [INF] [Thread:] Processing file: D:\Programming\XMLProcessor\input\generated_status_215149_31.xml
2025-09-27 21:51:50.028 +03:00 [INF] [Thread:] Processing file: D:\Programming\XMLProcessor\input\generated_status_215149_28.xml
2025-09-27 21:51:50.028 +03:00 [INF] [Thread:] Processing file: D:\Programming\XMLProcessor\input\generated_status_215149_29.xml
2025-09-27 21:51:50.028 +03:00 [INF] [Thread:] Processing file: D:\Programming\XMLProcessor\input\generated_status_215149_30.xml
2025-09-27 21:51:50.028 +03:00 [INF] [Thread:] Processing file: D:\Programming\XMLProcessor\input\generated_status_215149_26.xml
2025-09-27 21:51:50.160 +03:00 [INF] [Thread:] Successfully processed and published data for 2 modules from file: D:\Programming\XMLProcessor\input\generated_status_215148_23.xml
2025-09-27 21:51:50.167 +03:00 [INF] [Thread:] Successfully processed and published data for 2 modules from file: D:\Programming\XMLProcessor\input\generated_status_215149_43.xml
2025-09-27 21:51:50.028 +03:00 [INF] [Thread:] Processing file: D:\Programming\XMLProcessor\input\generated_status_215148_24.xml
2025-09-27 21:51:50.177 +03:00 [INF] [Thread:] Successfully processed and published data for 4 modules from file: D:\Programming\XMLProcessor\input\generated_status_215149_46.xml
2025-09-27 21:51:50.028 +03:00 [INF] [Thread:] Processing file: D:\Programming\XMLProcessor\input\generated_status_215149_27.xml
2025-09-27 21:51:50.191 +03:00 [INF] [Thread:] Successfully processed and published data for 2 modules from file: D:\Programming\XMLProcessor\input\generated_status_215149_48.xml
2025-09-27 21:51:50.198 +03:00 [INF] [Thread:] Successfully processed and published data for 2 modules from file: D:\Programming\XMLProcessor\input\generated_status_215149_42.xml
2025-09-27 21:51:50.194 +03:00 [INF] [Thread:] Successfully processed and published data for 5 modules from file: D:\Programming\XMLProcessor\input\generated_status_215149_38.xml
2025-09-27 21:51:50.191 +03:00 [INF] [Thread:] Successfully processed and published data for 3 modules from file: D:\Programming\XMLProcessor\input\generated_status_215149_44.xml
2025-09-27 21:51:50.197 +03:00 [INF] [Thread:] Successfully processed and published data for 5 modules from file: D:\Programming\XMLProcessor\input\generated_status_215149_41.xml
2025-09-27 21:51:50.195 +03:00 [INF] [Thread:] Successfully processed and published data for 4 modules from file: D:\Programming\XMLProcessor\input\generated_status_215149_47.xml
2025-09-27 21:51:50.198 +03:00 [INF] [Thread:] Successfully processed and published data for 4 modules from file: D:\Programming\XMLProcessor\input\generated_status_215149_49.xml
2025-09-27 21:51:50.218 +03:00 [INF] [Thread:] Successfully processed and published data for 3 modules from file: D:\Programming\XMLProcessor\input\generated_status_215149_37.xml
2025-09-27 21:51:50.218 +03:00 [INF] [Thread:] Successfully processed and published data for 2 modules from file: D:\Programming\XMLProcessor\input\generated_status_215149_25.xml
2025-09-27 21:51:50.218 +03:00 [INF] [Thread:] Successfully processed and published data for 5 modules from file: D:\Programming\XMLProcessor\input\generated_status_215149_39.xml
2025-09-27 21:51:50.028 +03:00 [INF] [Thread:] Processing file: D:\Programming\XMLProcessor\input\generated_status_215149_50.xml
2025-09-27 21:51:50.218 +03:00 [INF] [Thread:] Successfully processed and published data for 2 modules from file: D:\Programming\XMLProcessor\input\generated_status_215149_33.xml
2025-09-27 21:51:50.096 +03:00 [INF] [Thread:] Successfully processed and published data for 2 modules from file: D:\Programming\XMLProcessor\input\generated_status_215149_45.xml
2025-09-27 21:51:50.218 +03:00 [INF] [Thread:] Successfully processed and published data for 5 modules from file: D:\Programming\XMLProcessor\input\generated_status_215149_40.xml
2025-09-27 21:51:50.239 +03:00 [INF] [Thread:] Successfully processed and published data for 2 modules from file: D:\Programming\XMLProcessor\input\generated_status_215149_28.xml
2025-09-27 21:51:50.239 +03:00 [INF] [Thread:] Successfully processed and published data for 3 modules from file: D:\Programming\XMLProcessor\input\generated_status_215149_31.xml
2025-09-27 21:51:50.239 +03:00 [INF] [Thread:] Successfully processed and published data for 5 modules from file: D:\Programming\XMLProcessor\input\generated_status_215149_35.xml
2025-09-27 21:51:50.239 +03:00 [INF] [Thread:] Successfully processed and published data for 4 modules from file: D:\Programming\XMLProcessor\input\generated_status_215149_29.xml
2025-09-27 21:51:50.239 +03:00 [INF] [Thread:] Successfully processed and published data for 3 modules from file: D:\Programming\XMLProcessor\input\generated_status_215149_36.xml
2025-09-27 21:51:50.239 +03:00 [INF] [Thread:] Successfully processed and published data for 5 modules from file: D:\Programming\XMLProcessor\input\generated_status_215149_26.xml
2025-09-27 21:51:50.239 +03:00 [INF] [Thread:] Successfully processed and published data for 2 modules from file: D:\Programming\XMLProcessor\input\generated_status_215149_32.xml
2025-09-27 21:51:50.239 +03:00 [INF] [Thread:] Successfully processed and published data for 2 modules from file: D:\Programming\XMLProcessor\input\generated_status_215149_30.xml
2025-09-27 21:51:50.255 +03:00 [INF] [Thread:] Successfully processed and published data for 3 modules from file: D:\Programming\XMLProcessor\input\generated_status_215148_24.xml
2025-09-27 21:51:50.255 +03:00 [INF] [Thread:] Successfully processed and published data for 4 modules from file: D:\Programming\XMLProcessor\input\generated_status_215149_27.xml
2025-09-27 21:51:50.273 +03:00 [INF] [Thread:] Successfully processed and published data for 2 modules from file: D:\Programming\XMLProcessor\input\generated_status_215149_50.xml
2025-09-27 21:51:53.114 +03:00 [INF] [Thread:] Found 50 file(s) to process in 'TrackLastModified' mode.
2025-09-27 21:51:53.116 +03:00 [INF] [Thread:] Processing file: D:\Programming\XMLProcessor\input\generated_status_215152_1.xml
2025-09-27 21:51:53.116 +03:00 [INF] [Thread:] Processing file: D:\Programming\XMLProcessor\input\generated_status_215152_11.xml
2025-09-27 21:51:53.116 +03:00 [INF] [Thread:] Processing file: D:\Programming\XMLProcessor\input\generated_status_215152_10.xml
2025-09-27 21:51:53.116 +03:00 [INF] [Thread:] Processing file: D:\Programming\XMLProcessor\input\generated_status_215152_12.xml
2025-09-27 21:51:53.116 +03:00 [INF] [Thread:] Processing file: D:\Programming\XMLProcessor\input\generated_status_215152_15.xml
2025-09-27 21:51:53.116 +03:00 [INF] [Thread:] Processing file: D:\Programming\XMLProcessor\input\generated_status_215152_14.xml
2025-09-27 21:51:53.116 +03:00 [INF] [Thread:] Processing file: D:\Programming\XMLProcessor\input\generated_status_215152_13.xml
2025-09-27 21:51:53.116 +03:00 [INF] [Thread:] Processing file: D:\Programming\XMLProcessor\input\generated_status_215152_16.xml
2025-09-27 21:51:53.116 +03:00 [INF] [Thread:] Processing file: D:\Programming\XMLProcessor\input\generated_status_215152_17.xml
2025-09-27 21:51:53.116 +03:00 [INF] [Thread:] Processing file: D:\Programming\XMLProcessor\input\generated_status_215152_18.xml
2025-09-27 21:51:53.116 +03:00 [INF] [Thread:] Processing file: D:\Programming\XMLProcessor\input\generated_status_215152_19.xml
2025-09-27 21:51:53.116 +03:00 [INF] [Thread:] Processing file: D:\Programming\XMLProcessor\input\generated_status_215153_50.xml
2025-09-27 21:51:53.168 +03:00 [INF] [Thread:] Processing file: D:\Programming\XMLProcessor\input\generated_status_215152_2.xml
2025-09-27 21:51:53.182 +03:00 [INF] [Thread:] Processing file: D:\Programming\XMLProcessor\input\generated_status_215152_20.xml
2025-09-27 21:51:53.191 +03:00 [INF] [Thread:] Processing file: D:\Programming\XMLProcessor\input\generated_status_215152_27.xml
2025-09-27 21:51:53.184 +03:00 [INF] [Thread:] Processing file: D:\Programming\XMLProcessor\input\generated_status_215152_23.xml
2025-09-27 21:51:53.186 +03:00 [INF] [Thread:] Processing file: D:\Programming\XMLProcessor\input\generated_status_215152_26.xml
2025-09-27 21:51:53.183 +03:00 [INF] [Thread:] Processing file: D:\Programming\XMLProcessor\input\generated_status_215152_22.xml
2025-09-27 21:51:53.182 +03:00 [INF] [Thread:] Processing file: D:\Programming\XMLProcessor\input\generated_status_215152_21.xml
2025-09-27 21:51:53.186 +03:00 [INF] [Thread:] Processing file: D:\Programming\XMLProcessor\input\generated_status_215152_24.xml
2025-09-27 21:51:53.202 +03:00 [INF] [Thread:] Processing file: D:\Programming\XMLProcessor\input\generated_status_215152_29.xml
2025-09-27 21:51:53.224 +03:00 [INF] [Thread:] Successfully processed and published data for 5 modules from file: D:\Programming\XMLProcessor\input\generated_status_215152_13.xml
2025-09-27 21:51:53.240 +03:00 [INF] [Thread:] Successfully processed and published data for 4 modules from file: D:\Programming\XMLProcessor\input\generated_status_215152_16.xml
2025-09-27 21:51:53.250 +03:00 [INF] [Thread:] Successfully processed and published data for 2 modules from file: D:\Programming\XMLProcessor\input\generated_status_215153_50.xml
2025-09-27 21:51:53.254 +03:00 [INF] [Thread:] Processing file: D:\Programming\XMLProcessor\input\generated_status_215153_35.xml
2025-09-27 21:51:53.224 +03:00 [INF] [Thread:] Successfully processed and published data for 2 modules from file: D:\Programming\XMLProcessor\input\generated_status_215152_17.xml
2025-09-27 21:51:53.224 +03:00 [INF] [Thread:] Processing file: D:\Programming\XMLProcessor\input\generated_status_215152_31.xml
2025-09-27 21:51:53.240 +03:00 [INF] [Thread:] Processing file: D:\Programming\XMLProcessor\input\generated_status_215152_33.xml
2025-09-27 21:51:53.224 +03:00 [INF] [Thread:] Successfully processed and published data for 3 modules from file: D:\Programming\XMLProcessor\input\generated_status_215152_11.xml
2025-09-27 21:51:53.258 +03:00 [INF] [Thread:] Processing file: D:\Programming\XMLProcessor\input\generated_status_215153_41.xml
2025-09-27 21:51:53.261 +03:00 [INF] [Thread:] Processing file: D:\Programming\XMLProcessor\input\generated_status_215153_42.xml
2025-09-27 21:51:53.238 +03:00 [INF] [Thread:] Successfully processed and published data for 4 modules from file: D:\Programming\XMLProcessor\input\generated_status_215152_18.xml
2025-09-27 21:51:53.245 +03:00 [INF] [Thread:] Successfully processed and published data for 3 modules from file: D:\Programming\XMLProcessor\input\generated_status_215152_19.xml
2025-09-27 21:51:53.241 +03:00 [INF] [Thread:] Processing file: D:\Programming\XMLProcessor\input\generated_status_215152_5.xml
2025-09-27 21:51:53.254 +03:00 [INF] [Thread:] Processing file: D:\Programming\XMLProcessor\input\generated_status_215152_9.xml
2025-09-27 21:51:53.238 +03:00 [INF] [Thread:] Successfully processed and published data for 2 modules from file: D:\Programming\XMLProcessor\input\generated_status_215152_10.xml
2025-09-27 21:51:53.238 +03:00 [INF] [Thread:] Successfully processed and published data for 2 modules from file: D:\Programming\XMLProcessor\input\generated_status_215152_15.xml
2025-09-27 21:51:53.270 +03:00 [INF] [Thread:] Processing file: D:\Programming\XMLProcessor\input\generated_status_215153_43.xml
2025-09-27 21:51:53.290 +03:00 [INF] [Thread:] Successfully processed and published data for 3 modules from file: D:\Programming\XMLProcessor\input\generated_status_215152_24.xml
2025-09-27 21:51:53.293 +03:00 [INF] [Thread:] Processing file: D:\Programming\XMLProcessor\input\generated_status_215153_47.xml
2025-09-27 21:51:53.297 +03:00 [INF] [Thread:] Successfully processed and published data for 4 modules from file: D:\Programming\XMLProcessor\input\generated_status_215152_21.xml
2025-09-27 21:51:53.304 +03:00 [INF] [Thread:] Successfully processed and published data for 2 modules from file: D:\Programming\XMLProcessor\input\generated_status_215152_23.xml
2025-09-27 21:51:53.311 +03:00 [INF] [Thread:] Successfully processed and published data for 4 modules from file: D:\Programming\XMLProcessor\input\generated_status_215152_22.xml
2025-09-27 21:51:53.317 +03:00 [INF] [Thread:] Successfully processed and published data for 4 modules from file: D:\Programming\XMLProcessor\input\generated_status_215152_27.xml
2025-09-27 21:51:53.301 +03:00 [INF] [Thread:] Successfully processed and published data for 5 modules from file: D:\Programming\XMLProcessor\input\generated_status_215152_26.xml
2025-09-27 21:51:53.294 +03:00 [INF] [Thread:] Successfully processed and published data for 2 modules from file: D:\Programming\XMLProcessor\input\generated_status_215152_20.xml
2025-09-27 21:51:53.275 +03:00 [INF] [Thread:] Processing file: D:\Programming\XMLProcessor\input\generated_status_215153_44.xml
2025-09-27 21:51:53.327 +03:00 [INF] [Thread:] Successfully processed and published data for 5 modules from file: D:\Programming\XMLProcessor\input\generated_status_215152_33.xml
2025-09-27 21:51:53.328 +03:00 [INF] [Thread:] Successfully processed and published data for 2 modules from file: D:\Programming\XMLProcessor\input\generated_status_215152_31.xml
2025-09-27 21:51:53.328 +03:00 [INF] [Thread:] Successfully processed and published data for 2 modules from file: D:\Programming\XMLProcessor\input\generated_status_215153_41.xml
2025-09-27 21:51:53.328 +03:00 [INF] [Thread:] Successfully processed and published data for 5 modules from file: D:\Programming\XMLProcessor\input\generated_status_215153_42.xml
2025-09-27 21:51:53.277 +03:00 [INF] [Thread:] Processing file: D:\Programming\XMLProcessor\input\generated_status_215153_45.xml
2025-09-27 21:51:53.311 +03:00 [INF] [Thread:] Successfully processed and published data for 4 modules from file: D:\Programming\XMLProcessor\input\generated_status_215152_29.xml
2025-09-27 21:51:53.327 +03:00 [INF] [Thread:] Successfully processed and published data for 3 modules from file: D:\Programming\XMLProcessor\input\generated_status_215153_35.xml
2025-09-27 21:51:53.283 +03:00 [INF] [Thread:] Processing file: D:\Programming\XMLProcessor\input\generated_status_215153_46.xml
2025-09-27 21:51:53.294 +03:00 [INF] [Thread:] Processing file: D:\Programming\XMLProcessor\input\generated_status_215153_48.xml
2025-09-27 21:51:53.241 +03:00 [INF] [Thread:] Processing file: D:\Programming\XMLProcessor\input\generated_status_215152_4.xml
2025-09-27 21:51:53.238 +03:00 [INF] [Thread:] Successfully processed and published data for 5 modules from file: D:\Programming\XMLProcessor\input\generated_status_215152_14.xml
2025-09-27 21:51:53.350 +03:00 [INF] [Thread:] Successfully processed and published data for 2 modules from file: D:\Programming\XMLProcessor\input\generated_status_215153_43.xml
2025-09-27 21:51:53.350 +03:00 [INF] [Thread:] Successfully processed and published data for 2 modules from file: D:\Programming\XMLProcessor\input\generated_status_215152_9.xml
2025-09-27 21:51:53.350 +03:00 [INF] [Thread:] Successfully processed and published data for 5 modules from file: D:\Programming\XMLProcessor\input\generated_status_215152_5.xml
2025-09-27 21:51:53.241 +03:00 [INF] [Thread:] Processing file: D:\Programming\XMLProcessor\input\generated_status_215152_32.xml
2025-09-27 21:51:53.372 +03:00 [INF] [Thread:] Successfully processed and published data for 5 modules from file: D:\Programming\XMLProcessor\input\generated_status_215153_47.xml
2025-09-27 21:51:53.224 +03:00 [INF] [Thread:] Processing file: D:\Programming\XMLProcessor\input\generated_status_215152_3.xml
2025-09-27 21:51:53.223 +03:00 [INF] [Thread:] Processing file: D:\Programming\XMLProcessor\input\generated_status_215152_30.xml
2025-09-27 21:51:53.241 +03:00 [INF] [Thread:] Processing file: D:\Programming\XMLProcessor\input\generated_status_215152_34.xml
2025-09-27 21:51:53.242 +03:00 [INF] [Thread:] Processing file: D:\Programming\XMLProcessor\input\generated_status_215152_6.xml
2025-09-27 21:51:53.238 +03:00 [INF] [Thread:] Successfully processed and published data for 2 modules from file: D:\Programming\XMLProcessor\input\generated_status_215152_12.xml
2025-09-27 21:51:53.243 +03:00 [INF] [Thread:] Processing file: D:\Programming\XMLProcessor\input\generated_status_215152_7.xml
2025-09-27 21:51:53.254 +03:00 [INF] [Thread:] Processing file: D:\Programming\XMLProcessor\input\generated_status_215152_8.xml
2025-09-27 21:51:53.268 +03:00 [INF] [Thread:] Successfully processed and published data for 4 modules from file: D:\Programming\XMLProcessor\input\generated_status_215152_2.xml
2025-09-27 21:51:53.257 +03:00 [INF] [Thread:] Processing file: D:\Programming\XMLProcessor\input\generated_status_215153_38.xml
2025-09-27 21:51:53.413 +03:00 [INF] [Thread:] Successfully processed and published data for 3 modules from file: D:\Programming\XMLProcessor\input\generated_status_215153_44.xml
2025-09-27 21:51:53.430 +03:00 [INF] [Thread:] Successfully processed and published data for 2 modules from file: D:\Programming\XMLProcessor\input\generated_status_215152_4.xml
2025-09-27 21:51:53.258 +03:00 [INF] [Thread:] Processing file: D:\Programming\XMLProcessor\input\generated_status_215153_39.xml
2025-09-27 21:51:53.437 +03:00 [INF] [Thread:] Successfully processed and published data for 3 modules from file: D:\Programming\XMLProcessor\input\generated_status_215153_46.xml
2025-09-27 21:51:53.439 +03:00 [INF] [Thread:] Successfully processed and published data for 4 modules from file: D:\Programming\XMLProcessor\input\generated_status_215153_45.xml
2025-09-27 21:51:53.446 +03:00 [INF] [Thread:] Successfully processed and published data for 4 modules from file: D:\Programming\XMLProcessor\input\generated_status_215153_48.xml
2025-09-27 21:51:53.446 +03:00 [INF] [Thread:] Successfully processed and published data for 5 modules from file: D:\Programming\XMLProcessor\input\generated_status_215152_32.xml
2025-09-27 21:51:53.224 +03:00 [INF] [Thread:] Successfully processed and published data for 4 modules from file: D:\Programming\XMLProcessor\input\generated_status_215152_1.xml
2025-09-27 21:51:53.255 +03:00 [INF] [Thread:] Processing file: D:\Programming\XMLProcessor\input\generated_status_215153_36.xml
2025-09-27 21:51:53.256 +03:00 [INF] [Thread:] Processing file: D:\Programming\XMLProcessor\input\generated_status_215153_37.xml
2025-09-27 21:51:53.258 +03:00 [INF] [Thread:] Processing file: D:\Programming\XMLProcessor\input\generated_status_215153_40.xml
2025-09-27 21:51:53.188 +03:00 [INF] [Thread:] Processing file: D:\Programming\XMLProcessor\input\generated_status_215153_49.xml
2025-09-27 21:51:53.186 +03:00 [INF] [Thread:] Processing file: D:\Programming\XMLProcessor\input\generated_status_215152_25.xml
2025-09-27 21:51:53.192 +03:00 [INF] [Thread:] Processing file: D:\Programming\XMLProcessor\input\generated_status_215152_28.xml
2025-09-27 21:51:53.468 +03:00 [INF] [Thread:] Successfully processed and published data for 3 modules from file: D:\Programming\XMLProcessor\input\generated_status_215152_8.xml
2025-09-27 21:51:53.468 +03:00 [INF] [Thread:] Successfully processed and published data for 4 modules from file: D:\Programming\XMLProcessor\input\generated_status_215152_7.xml
2025-09-27 21:51:53.468 +03:00 [INF] [Thread:] Successfully processed and published data for 5 modules from file: D:\Programming\XMLProcessor\input\generated_status_215152_34.xml
2025-09-27 21:51:53.468 +03:00 [INF] [Thread:] Successfully processed and published data for 5 modules from file: D:\Programming\XMLProcessor\input\generated_status_215152_30.xml
2025-09-27 21:51:53.489 +03:00 [INF] [Thread:] Successfully processed and published data for 3 modules from file: D:\Programming\XMLProcessor\input\generated_status_215152_6.xml
2025-09-27 21:51:53.468 +03:00 [INF] [Thread:] Successfully processed and published data for 3 modules from file: D:\Programming\XMLProcessor\input\generated_status_215152_3.xml
2025-09-27 21:51:53.489 +03:00 [INF] [Thread:] Successfully processed and published data for 3 modules from file: D:\Programming\XMLProcessor\input\generated_status_215153_38.xml
2025-09-27 21:51:53.507 +03:00 [INF] [Thread:] Successfully processed and published data for 2 modules from file: D:\Programming\XMLProcessor\input\generated_status_215153_39.xml
2025-09-27 21:51:53.523 +03:00 [INF] [Thread:] Successfully processed and published data for 4 modules from file: D:\Programming\XMLProcessor\input\generated_status_215153_49.xml
2025-09-27 21:51:53.523 +03:00 [INF] [Thread:] Successfully processed and published data for 2 modules from file: D:\Programming\XMLProcessor\input\generated_status_215153_36.xml
2025-09-27 21:51:53.523 +03:00 [INF] [Thread:] Successfully processed and published data for 2 modules from file: D:\Programming\XMLProcessor\input\generated_status_215153_40.xml
2025-09-27 21:51:53.523 +03:00 [INF] [Thread:] Successfully processed and published data for 4 modules from file: D:\Programming\XMLProcessor\input\generated_status_215152_28.xml
2025-09-27 21:51:53.524 +03:00 [INF] [Thread:] Successfully processed and published data for 4 modules from file: D:\Programming\XMLProcessor\input\generated_status_215152_25.xml
2025-09-27 21:51:53.524 +03:00 [INF] [Thread:] Successfully processed and published data for 4 modules from file: D:\Programming\XMLProcessor\input\generated_status_215153_37.xml
2025-09-27 21:55:00.803 +03:00 [INF] [Thread:] File processing mode is set to: DeleteAfterProcessing
2025-09-27 21:55:00.913 +03:00 [INF] [Thread:] FileParserService started. Watching directory: D:\Programming\XMLProcessor\input
2025-09-27 21:55:00.914 +03:00 [INF] [Thread:] Found 170 file(s) to process in 'DeleteAfterProcessing' mode.
2025-09-27 21:55:01.004 +03:00 [INF] [Thread:] Processing file: D:\Programming\XMLProcessor\input\generated_status_215117_2.xml
2025-09-27 21:55:01.004 +03:00 [INF] [Thread:] Processing file: D:\Programming\XMLProcessor\input\generated_status_215119_1.xml
2025-09-27 21:55:01.004 +03:00 [INF] [Thread:] Processing file: D:\Programming\XMLProcessor\input\generated_status_215117_5.xml
2025-09-27 21:55:01.004 +03:00 [INF] [Thread:] Processing file: D:\Programming\XMLProcessor\input\generated_status_215113_1.xml
2025-09-27 21:55:01.004 +03:00 [INF] [Thread:] Processing file: D:\Programming\XMLProcessor\input\generated_status_215113_2.xml
2025-09-27 21:55:01.004 +03:00 [INF] [Thread:] Processing file: D:\Programming\XMLProcessor\input\generated_status_215113_3.xml
2025-09-27 21:55:01.004 +03:00 [INF] [Thread:] Processing file: D:\Programming\XMLProcessor\input\generated_status_215113_4.xml
2025-09-27 21:55:01.004 +03:00 [INF] [Thread:] Processing file: D:\Programming\XMLProcessor\input\generated_status_215113_5.xml
2025-09-27 21:55:01.004 +03:00 [INF] [Thread:] Processing file: D:\Programming\XMLProcessor\input\generated_status_215117_1.xml
2025-09-27 21:55:01.024 +03:00 [INF] [Thread:] Processing file: D:\Programming\XMLProcessor\input\generated_status_215119_2.xml
2025-09-27 21:55:01.030 +03:00 [INF] [Thread:] Processing file: D:\Programming\XMLProcessor\input\generated_status_215119_3.xml
2025-09-27 21:55:01.004 +03:00 [INF] [Thread:] Processing file: D:\Programming\XMLProcessor\input\generated_status_215117_3.xml
2025-09-27 21:55:01.004 +03:00 [INF] [Thread:] Processing file: D:\Programming\XMLProcessor\input\generated_status_215117_4.xml
2025-09-27 21:55:01.211 +03:00 [INF] [Thread:] Processing file: D:\Programming\XMLProcessor\input\generated_status_215127_3.xml
2025-09-27 21:55:01.211 +03:00 [INF] [Thread:] Processing file: D:\Programming\XMLProcessor\input\generated_status_215119_4.xml
2025-09-27 21:55:01.211 +03:00 [INF] [Thread:] Processing file: D:\Programming\XMLProcessor\input\generated_status_215127_2.xml
2025-09-27 21:55:01.211 +03:00 [INF] [Thread:] Processing file: D:\Programming\XMLProcessor\input\generated_status_215127_4.xml
2025-09-27 21:55:01.211 +03:00 [INF] [Thread:] Processing file: D:\Programming\XMLProcessor\input\generated_status_215133_10.xml
2025-09-27 21:55:01.211 +03:00 [INF] [Thread:] Processing file: D:\Programming\XMLProcessor\input\generated_status_215133_2.xml
2025-09-27 21:55:01.211 +03:00 [INF] [Thread:] Processing file: D:\Programming\XMLProcessor\input\generated_status_215127_1.xml
2025-09-27 21:55:01.211 +03:00 [INF] [Thread:] Processing file: D:\Programming\XMLProcessor\input\generated_status_215127_5.xml
2025-09-27 21:55:01.211 +03:00 [INF] [Thread:] Processing file: D:\Programming\XMLProcessor\input\generated_status_215133_1.xml
2025-09-27 21:55:01.211 +03:00 [INF] [Thread:] Processing file: D:\Programming\XMLProcessor\input\generated_status_215133_4.xml
2025-09-27 21:55:01.211 +03:00 [INF] [Thread:] Processing file: D:\Programming\XMLProcessor\input\generated_status_215119_5.xml
2025-09-27 21:55:01.211 +03:00 [INF] [Thread:] Processing file: D:\Programming\XMLProcessor\input\generated_status_215133_3.xml
2025-09-27 21:55:01.286 +03:00 [INF] [Thread:] Processing file: D:\Programming\XMLProcessor\input\generated_status_215133_7.xml
2025-09-27 21:55:01.286 +03:00 [INF] [Thread:] Processing file: D:\Programming\XMLProcessor\input\generated_status_215133_9.xml
2025-09-27 21:55:01.287 +03:00 [INF] [Thread:] Processing file: D:\Programming\XMLProcessor\input\generated_status_215133_6.xml
2025-09-27 21:55:01.292 +03:00 [INF] [Thread:] Processing file: D:\Programming\XMLProcessor\input\generated_status_215134_18.xml
2025-09-27 21:55:01.287 +03:00 [INF] [Thread:] Processing file: D:\Programming\XMLProcessor\input\generated_status_215133_8.xml
2025-09-27 21:55:01.298 +03:00 [INF] [Thread:] Processing file: D:\Programming\XMLProcessor\input\generated_status_215134_20.xml
2025-09-27 21:55:01.287 +03:00 [INF] [Thread:] Processing file: D:\Programming\XMLProcessor\input\generated_status_215134_12.xml
2025-09-27 21:55:01.301 +03:00 [INF] [Thread:] Processing file: D:\Programming\XMLProcessor\input\generated_status_215134_21.xml
2025-09-27 21:55:01.305 +03:00 [INF] [Thread:] Processing file: D:\Programming\XMLProcessor\input\generated_status_215134_24.xml
2025-09-27 21:55:01.303 +03:00 [INF] [Thread:] Processing file: D:\Programming\XMLProcessor\input\generated_status_215134_23.xml
2025-09-27 21:55:01.307 +03:00 [INF] [Thread:] Processing file: D:\Programming\XMLProcessor\input\generated_status_215134_25.xml
2025-09-27 21:55:01.308 +03:00 [INF] [Thread:] Processing file: D:\Programming\XMLProcessor\input\generated_status_215134_26.xml
2025-09-27 21:55:01.311 +03:00 [INF] [Thread:] Processing file: D:\Programming\XMLProcessor\input\generated_status_215134_27.xml
2025-09-27 21:55:01.313 +03:00 [INF] [Thread:] Processing file: D:\Programming\XMLProcessor\input\generated_status_215134_28.xml
2025-09-27 21:55:01.317 +03:00 [INF] [Thread:] Processing file: D:\Programming\XMLProcessor\input\generated_status_215134_30.xml
2025-09-27 21:55:01.319 +03:00 [INF] [Thread:] Processing file: D:\Programming\XMLProcessor\input\generated_status_215134_31.xml
2025-09-27 21:55:01.315 +03:00 [INF] [Thread:] Processing file: D:\Programming\XMLProcessor\input\generated_status_215134_29.xml
2025-09-27 21:55:01.321 +03:00 [INF] [Thread:] Processing file: D:\Programming\XMLProcessor\input\generated_status_215134_32.xml
2025-09-27 21:55:01.287 +03:00 [INF] [Thread:] Processing file: D:\Programming\XMLProcessor\input\generated_status_215134_11.xml
2025-09-27 21:55:01.341 +03:00 [INF] [Thread:] Processing file: D:\Programming\XMLProcessor\input\generated_status_215134_33.xml
2025-09-27 21:55:01.343 +03:00 [INF] [Thread:] Processing file: D:\Programming\XMLProcessor\input\generated_status_215134_34.xml
2025-09-27 21:55:01.344 +03:00 [INF] [Thread:] Processing file: D:\Programming\XMLProcessor\input\generated_status_215134_36.xml
2025-09-27 21:55:01.349 +03:00 [INF] [Thread:] Processing file: D:\Programming\XMLProcessor\input\generated_status_215134_38.xml
2025-09-27 21:55:01.351 +03:00 [INF] [Thread:] Processing file: D:\Programming\XMLProcessor\input\generated_status_215134_39.xml
2025-09-27 21:55:01.354 +03:00 [INF] [Thread:] Processing file: D:\Programming\XMLProcessor\input\generated_status_215134_40.xml
2025-09-27 21:55:01.355 +03:00 [INF] [Thread:] Processing file: D:\Programming\XMLProcessor\input\generated_status_215134_41.xml
2025-09-27 21:55:01.343 +03:00 [INF] [Thread:] Processing file: D:\Programming\XMLProcessor\input\generated_status_215134_35.xml
2025-09-27 21:55:01.358 +03:00 [INF] [Thread:] Processing file: D:\Programming\XMLProcessor\input\generated_status_215134_42.xml
2025-09-27 21:55:01.360 +03:00 [INF] [Thread:] Processing file: D:\Programming\XMLProcessor\input\generated_status_215134_43.xml
2025-09-27 21:55:01.362 +03:00 [INF] [Thread:] Processing file: D:\Programming\XMLProcessor\input\generated_status_215134_44.xml
2025-09-27 21:55:01.365 +03:00 [INF] [Thread:] Processing file: D:\Programming\XMLProcessor\input\generated_status_215134_45.xml
2025-09-27 21:55:01.368 +03:00 [INF] [Thread:] Processing file: D:\Programming\XMLProcessor\input\generated_status_215134_46.xml
2025-09-27 21:55:01.372 +03:00 [INF] [Thread:] Processing file: D:\Programming\XMLProcessor\input\generated_status_215134_47.xml
2025-09-27 21:55:01.346 +03:00 [INF] [Thread:] Processing file: D:\Programming\XMLProcessor\input\generated_status_215134_37.xml
2025-09-27 21:55:01.376 +03:00 [INF] [Thread:] Processing file: D:\Programming\XMLProcessor\input\generated_status_215134_49.xml
2025-09-27 21:55:01.380 +03:00 [INF] [Thread:] Processing file: D:\Programming\XMLProcessor\input\generated_status_215134_50.xml
2025-09-27 21:55:01.375 +03:00 [INF] [Thread:] Processing file: D:\Programming\XMLProcessor\input\generated_status_215134_48.xml
2025-09-27 21:55:01.387 +03:00 [INF] [Thread:] Processing file: D:\Programming\XMLProcessor\input\generated_status_215148_10.xml
2025-09-27 21:55:01.388 +03:00 [INF] [Thread:] Processing file: D:\Programming\XMLProcessor\input\generated_status_215148_11.xml
2025-09-27 21:55:01.392 +03:00 [INF] [Thread:] Processing file: D:\Programming\XMLProcessor\input\generated_status_215148_12.xml
2025-09-27 21:55:01.395 +03:00 [INF] [Thread:] Processing file: D:\Programming\XMLProcessor\input\generated_status_215148_13.xml
2025-09-27 21:55:01.397 +03:00 [INF] [Thread:] Processing file: D:\Programming\XMLProcessor\input\generated_status_215148_14.xml
2025-09-27 21:55:01.402 +03:00 [INF] [Thread:] Processing file: D:\Programming\XMLProcessor\input\generated_status_215148_15.xml
2025-09-27 21:55:01.405 +03:00 [INF] [Thread:] Processing file: D:\Programming\XMLProcessor\input\generated_status_215148_16.xml
2025-09-27 21:55:01.410 +03:00 [INF] [Thread:] Processing file: D:\Programming\XMLProcessor\input\generated_status_215148_17.xml
2025-09-27 21:55:01.415 +03:00 [INF] [Thread:] Processing file: D:\Programming\XMLProcessor\input\generated_status_215148_18.xml
2025-09-27 21:55:01.416 +03:00 [INF] [Thread:] Processing file: D:\Programming\XMLProcessor\input\generated_status_215148_19.xml
2025-09-27 21:55:01.422 +03:00 [INF] [Thread:] Processing file: D:\Programming\XMLProcessor\input\generated_status_215148_2.xml
2025-09-27 21:55:01.426 +03:00 [INF] [Thread:] Processing file: D:\Programming\XMLProcessor\input\generated_status_215148_20.xml
2025-09-27 21:55:01.430 +03:00 [INF] [Thread:] Processing file: D:\Programming\XMLProcessor\input\generated_status_215148_21.xml
2025-09-27 21:55:01.437 +03:00 [INF] [Thread:] Processing file: D:\Programming\XMLProcessor\input\generated_status_215148_22.xml
2025-09-27 21:55:01.439 +03:00 [INF] [Thread:] Processing file: D:\Programming\XMLProcessor\input\generated_status_215148_23.xml
2025-09-27 21:55:01.445 +03:00 [INF] [Thread:] Processing file: D:\Programming\XMLProcessor\input\generated_status_215148_24.xml
2025-09-27 21:55:01.449 +03:00 [INF] [Thread:] Processing file: D:\Programming\XMLProcessor\input\generated_status_215148_3.xml
2025-09-27 21:55:01.452 +03:00 [INF] [Thread:] Processing file: D:\Programming\XMLProcessor\input\generated_status_215148_4.xml
2025-09-27 21:55:01.458 +03:00 [INF] [Thread:] Processing file: D:\Programming\XMLProcessor\input\generated_status_215148_5.xml
2025-09-27 21:55:01.461 +03:00 [INF] [Thread:] Processing file: D:\Programming\XMLProcessor\input\generated_status_215148_6.xml
2025-09-27 21:55:01.464 +03:00 [INF] [Thread:] Processing file: D:\Programming\XMLProcessor\input\generated_status_215148_7.xml
2025-09-27 21:55:01.468 +03:00 [INF] [Thread:] Processing file: D:\Programming\XMLProcessor\input\generated_status_215148_8.xml
2025-09-27 21:55:01.470 +03:00 [INF] [Thread:] Processing file: D:\Programming\XMLProcessor\input\generated_status_215148_9.xml
2025-09-27 21:55:01.473 +03:00 [INF] [Thread:] Processing file: D:\Programming\XMLProcessor\input\generated_status_215149_25.xml
2025-09-27 21:55:01.479 +03:00 [INF] [Thread:] Processing file: D:\Programming\XMLProcessor\input\generated_status_215149_26.xml
2025-09-27 21:55:01.480 +03:00 [INF] [Thread:] Processing file: D:\Programming\XMLProcessor\input\generated_status_215149_27.xml
2025-09-27 21:55:01.485 +03:00 [INF] [Thread:] Processing file: D:\Programming\XMLProcessor\input\generated_status_215149_28.xml
2025-09-27 21:55:01.487 +03:00 [INF] [Thread:] Processing file: D:\Programming\XMLProcessor\input\generated_status_215149_29.xml
2025-09-27 21:55:01.490 +03:00 [INF] [Thread:] Processing file: D:\Programming\XMLProcessor\input\generated_status_215149_30.xml
2025-09-27 21:55:01.492 +03:00 [INF] [Thread:] Processing file: D:\Programming\XMLProcessor\input\generated_status_215149_31.xml
2025-09-27 21:55:01.384 +03:00 [INF] [Thread:] Processing file: D:\Programming\XMLProcessor\input\generated_status_215148_1.xml
2025-09-27 21:55:01.497 +03:00 [INF] [Thread:] Processing file: D:\Programming\XMLProcessor\input\generated_status_215149_32.xml
2025-09-27 21:55:01.499 +03:00 [INF] [Thread:] Processing file: D:\Programming\XMLProcessor\input\generated_status_215149_33.xml
2025-09-27 21:55:01.502 +03:00 [INF] [Thread:] Processing file: D:\Programming\XMLProcessor\input\generated_status_215149_34.xml
2025-09-27 21:55:01.507 +03:00 [INF] [Thread:] Processing file: D:\Programming\XMLProcessor\input\generated_status_215149_36.xml
2025-09-27 21:55:01.508 +03:00 [INF] [Thread:] Processing file: D:\Programming\XMLProcessor\input\generated_status_215149_37.xml
2025-09-27 21:55:01.518 +03:00 [INF] [Thread:] Processing file: D:\Programming\XMLProcessor\input\generated_status_215149_38.xml
2025-09-27 21:55:01.524 +03:00 [INF] [Thread:] Processing file: D:\Programming\XMLProcessor\input\generated_status_215149_39.xml
2025-09-27 21:55:01.528 +03:00 [INF] [Thread:] Processing file: D:\Programming\XMLProcessor\input\generated_status_215149_40.xml
2025-09-27 21:55:01.529 +03:00 [INF] [Thread:] Processing file: D:\Programming\XMLProcessor\input\generated_status_215149_41.xml
2025-09-27 21:55:01.536 +03:00 [INF] [Thread:] Processing file: D:\Programming\XMLProcessor\input\generated_status_215149_42.xml
2025-09-27 21:55:01.540 +03:00 [INF] [Thread:] Processing file: D:\Programming\XMLProcessor\input\generated_status_215149_43.xml
2025-09-27 21:55:01.541 +03:00 [INF] [Thread:] Processing file: D:\Programming\XMLProcessor\input\generated_status_215149_44.xml
2025-09-27 21:55:01.546 +03:00 [INF] [Thread:] Processing file: D:\Programming\XMLProcessor\input\generated_status_215149_45.xml
2025-09-27 21:55:01.547 +03:00 [INF] [Thread:] Processing file: D:\Programming\XMLProcessor\input\generated_status_215149_46.xml
2025-09-27 21:55:01.550 +03:00 [INF] [Thread:] Processing file: D:\Programming\XMLProcessor\input\generated_status_215149_47.xml
2025-09-27 21:55:01.504 +03:00 [INF] [Thread:] Processing file: D:\Programming\XMLProcessor\input\generated_status_215149_35.xml
2025-09-27 21:55:01.557 +03:00 [INF] [Thread:] Processing file: D:\Programming\XMLProcessor\input\generated_status_215149_48.xml
2025-09-27 21:55:01.562 +03:00 [INF] [Thread:] Processing file: D:\Programming\XMLProcessor\input\generated_status_215149_50.xml
2025-09-27 21:55:01.560 +03:00 [INF] [Thread:] Processing file: D:\Programming\XMLProcessor\input\generated_status_215149_49.xml
2025-09-27 21:55:01.565 +03:00 [INF] [Thread:] Processing file: D:\Programming\XMLProcessor\input\generated_status_215152_1.xml
2025-09-27 21:55:01.571 +03:00 [INF] [Thread:] Processing file: D:\Programming\XMLProcessor\input\generated_status_215152_11.xml
2025-09-27 21:55:01.570 +03:00 [INF] [Thread:] Processing file: D:\Programming\XMLProcessor\input\generated_status_215152_10.xml
2025-09-27 21:55:01.578 +03:00 [INF] [Thread:] Processing file: D:\Programming\XMLProcessor\input\generated_status_215152_12.xml
2025-09-27 21:55:01.585 +03:00 [INF] [Thread:] Processing file: D:\Programming\XMLProcessor\input\generated_status_215152_14.xml
2025-09-27 21:55:01.595 +03:00 [INF] [Thread:] Processing file: D:\Programming\XMLProcessor\input\generated_status_215152_16.xml
2025-09-27 21:55:01.588 +03:00 [INF] [Thread:] Processing file: D:\Programming\XMLProcessor\input\generated_status_215152_15.xml
2025-09-27 21:55:01.602 +03:00 [INF] [Thread:] Processing file: D:\Programming\XMLProcessor\input\generated_status_215152_17.xml
2025-09-27 21:55:01.608 +03:00 [INF] [Thread:] Processing file: D:\Programming\XMLProcessor\input\generated_status_215152_18.xml
2025-09-27 21:55:01.612 +03:00 [INF] [Thread:] Processing file: D:\Programming\XMLProcessor\input\generated_status_215152_2.xml
2025-09-27 21:55:01.611 +03:00 [INF] [Thread:] Processing file: D:\Programming\XMLProcessor\input\generated_status_215152_19.xml
2025-09-27 21:55:01.616 +03:00 [INF] [Thread:] Processing file: D:\Programming\XMLProcessor\input\generated_status_215152_20.xml
2025-09-27 21:55:01.622 +03:00 [INF] [Thread:] Processing file: D:\Programming\XMLProcessor\input\generated_status_215152_21.xml
2025-09-27 21:55:01.624 +03:00 [INF] [Thread:] Processing file: D:\Programming\XMLProcessor\input\generated_status_215152_22.xml
2025-09-27 21:55:01.626 +03:00 [INF] [Thread:] Processing file: D:\Programming\XMLProcessor\input\generated_status_215152_23.xml
2025-09-27 21:55:01.629 +03:00 [INF] [Thread:] Processing file: D:\Programming\XMLProcessor\input\generated_status_215152_24.xml
2025-09-27 21:55:01.578 +03:00 [INF] [Thread:] Processing file: D:\Programming\XMLProcessor\input\generated_status_215152_13.xml
2025-09-27 21:55:01.648 +03:00 [INF] [Thread:] Processing file: D:\Programming\XMLProcessor\input\generated_status_215152_26.xml
2025-09-27 21:55:01.635 +03:00 [INF] [Thread:] Processing file: D:\Programming\XMLProcessor\input\generated_status_215152_25.xml
2025-09-27 21:55:01.655 +03:00 [INF] [Thread:] Processing file: D:\Programming\XMLProcessor\input\generated_status_215152_29.xml
2025-09-27 21:55:01.659 +03:00 [INF] [Thread:] Processing file: D:\Programming\XMLProcessor\input\generated_status_215152_3.xml
2025-09-27 21:55:01.662 +03:00 [INF] [Thread:] Processing file: D:\Programming\XMLProcessor\input\generated_status_215152_30.xml
2025-09-27 21:55:01.653 +03:00 [INF] [Thread:] Processing file: D:\Programming\XMLProcessor\input\generated_status_215152_28.xml
2025-09-27 21:55:01.667 +03:00 [INF] [Thread:] Processing file: D:\Programming\XMLProcessor\input\generated_status_215152_32.xml
2025-09-27 21:55:01.665 +03:00 [INF] [Thread:] Processing file: D:\Programming\XMLProcessor\input\generated_status_215152_31.xml
2025-09-27 21:55:01.652 +03:00 [INF] [Thread:] Processing file: D:\Programming\XMLProcessor\input\generated_status_215152_27.xml
2025-09-27 21:55:01.670 +03:00 [INF] [Thread:] Processing file: D:\Programming\XMLProcessor\input\generated_status_215152_33.xml
2025-09-27 21:55:01.675 +03:00 [INF] [Thread:] Processing file: D:\Programming\XMLProcessor\input\generated_status_215152_4.xml
2025-09-27 21:55:01.675 +03:00 [INF] [Thread:] Processing file: D:\Programming\XMLProcessor\input\generated_status_215152_34.xml
2025-09-27 21:55:01.680 +03:00 [INF] [Thread:] Processing file: D:\Programming\XMLProcessor\input\generated_status_215152_6.xml
2025-09-27 21:55:01.682 +03:00 [INF] [Thread:] Processing file: D:\Programming\XMLProcessor\input\generated_status_215152_7.xml
2025-09-27 21:55:01.685 +03:00 [INF] [Thread:] Processing file: D:\Programming\XMLProcessor\input\generated_status_215152_8.xml
2025-09-27 21:55:01.688 +03:00 [INF] [Thread:] Processing file: D:\Programming\XMLProcessor\input\generated_status_215152_9.xml
2025-09-27 21:55:01.691 +03:00 [INF] [Thread:] Processing file: D:\Programming\XMLProcessor\input\generated_status_215153_35.xml
2025-09-27 21:55:01.694 +03:00 [INF] [Thread:] Processing file: D:\Programming\XMLProcessor\input\generated_status_215153_36.xml
2025-09-27 21:55:01.696 +03:00 [INF] [Thread:] Processing file: D:\Programming\XMLProcessor\input\generated_status_215153_37.xml
2025-09-27 21:55:01.698 +03:00 [INF] [Thread:] Processing file: D:\Programming\XMLProcessor\input\generated_status_215153_38.xml
2025-09-27 21:55:01.699 +03:00 [INF] [Thread:] Processing file: D:\Programming\XMLProcessor\input\generated_status_215153_39.xml
2025-09-27 21:55:01.701 +03:00 [INF] [Thread:] Processing file: D:\Programming\XMLProcessor\input\generated_status_215153_40.xml
2025-09-27 21:55:01.703 +03:00 [INF] [Thread:] Processing file: D:\Programming\XMLProcessor\input\generated_status_215153_41.xml
2025-09-27 21:55:01.705 +03:00 [INF] [Thread:] Processing file: D:\Programming\XMLProcessor\input\generated_status_215153_42.xml
2025-09-27 21:55:01.708 +03:00 [INF] [Thread:] Processing file: D:\Programming\XMLProcessor\input\generated_status_215153_44.xml
2025-09-27 21:55:01.707 +03:00 [INF] [Thread:] Processing file: D:\Programming\XMLProcessor\input\generated_status_215153_43.xml
2025-09-27 21:55:01.711 +03:00 [INF] [Thread:] Processing file: D:\Programming\XMLProcessor\input\generated_status_215153_45.xml
2025-09-27 21:55:01.678 +03:00 [INF] [Thread:] Processing file: D:\Programming\XMLProcessor\input\generated_status_215152_5.xml
2025-09-27 21:55:01.301 +03:00 [INF] [Thread:] Processing file: D:\Programming\XMLProcessor\input\generated_status_215134_22.xml
2025-09-27 21:55:01.717 +03:00 [INF] [Thread:] Processing file: D:\Programming\XMLProcessor\input\generated_status_215153_47.xml
2025-09-27 21:55:01.717 +03:00 [INF] [Thread:] Processing file: D:\Programming\XMLProcessor\input\generated_status_215153_46.xml
2025-09-27 21:55:01.723 +03:00 [INF] [Thread:] Processing file: D:\Programming\XMLProcessor\input\generated_status_215153_50.xml
2025-09-27 21:55:01.719 +03:00 [INF] [Thread:] Processing file: D:\Programming\XMLProcessor\input\generated_status_215153_48.xml
2025-09-27 21:55:01.721 +03:00 [INF] [Thread:] Processing file: D:\Programming\XMLProcessor\input\generated_status_215153_49.xml
2025-09-27 21:55:01.287 +03:00 [INF] [Thread:] Processing file: D:\Programming\XMLProcessor\input\generated_status_215134_17.xml
2025-09-27 21:55:01.287 +03:00 [INF] [Thread:] Processing file: D:\Programming\XMLProcessor\input\generated_status_215134_16.xml
2025-09-27 21:55:01.287 +03:00 [INF] [Thread:] Processing file: D:\Programming\XMLProcessor\input\generated_status_215134_14.xml
2025-09-27 21:55:01.287 +03:00 [INF] [Thread:] Processing file: D:\Programming\XMLProcessor\input\generated_status_215134_15.xml
2025-09-27 21:55:01.295 +03:00 [INF] [Thread:] Processing file: D:\Programming\XMLProcessor\input\generated_status_215134_19.xml
2025-09-27 21:55:01.287 +03:00 [INF] [Thread:] Processing file: D:\Programming\XMLProcessor\input\generated_status_215133_5.xml
2025-09-27 21:55:01.287 +03:00 [INF] [Thread:] Processing file: D:\Programming\XMLProcessor\input\generated_status_215134_13.xml
2025-09-27 21:55:01.873 +03:00 [INF] [Thread:] Bus started: "rabbitmq://localhost/"
2025-09-27 21:55:01.938 +03:00 [INF] [Thread:] Found 170 file(s) to process in 'DeleteAfterProcessing' mode.
2025-09-27 21:55:01.970 +03:00 [INF] [Thread:] Processing file: D:\Programming\XMLProcessor\input\generated_status_215153_50.xml
2025-09-27 21:55:01.970 +03:00 [INF] [Thread:] Processing file: D:\Programming\XMLProcessor\input\generated_status_215113_2.xml
2025-09-27 21:55:01.971 +03:00 [INF] [Thread:] Processing file: D:\Programming\XMLProcessor\input\generated_status_215113_1.xml
2025-09-27 21:55:01.988 +03:00 [INF] [Thread:] Processing file: D:\Programming\XMLProcessor\input\generated_status_215153_49.xml
2025-09-27 21:55:01.999 +03:00 [INF] [Thread:] Processing file: D:\Programming\XMLProcessor\input\generated_status_215113_3.xml
2025-09-27 21:55:02.002 +03:00 [INF] [Thread:] Processing file: D:\Programming\XMLProcessor\input\generated_status_215113_4.xml
2025-09-27 21:55:02.018 +03:00 [INF] [Thread:] Processing file: D:\Programming\XMLProcessor\input\generated_status_215153_48.xml
2025-09-27 21:55:02.034 +03:00 [INF] [Thread:] Processing file: D:\Programming\XMLProcessor\input\generated_status_215153_47.xml
2025-09-27 21:55:02.036 +03:00 [INF] [Thread:] Processing file: D:\Programming\XMLProcessor\input\generated_status_215153_46.xml
2025-09-27 21:55:02.038 +03:00 [INF] [Thread:] Processing file: D:\Programming\XMLProcessor\input\generated_status_215153_45.xml
2025-09-27 21:55:02.040 +03:00 [INF] [Thread:] Processing file: D:\Programming\XMLProcessor\input\generated_status_215153_44.xml
2025-09-27 21:55:02.043 +03:00 [INF] [Thread:] Processing file: D:\Programming\XMLProcessor\input\generated_status_215153_43.xml
2025-09-27 21:55:02.045 +03:00 [INF] [Thread:] Processing file: D:\Programming\XMLProcessor\input\generated_status_215153_42.xml
2025-09-27 21:55:02.048 +03:00 [INF] [Thread:] Processing file: D:\Programming\XMLProcessor\input\generated_status_215153_41.xml
2025-09-27 21:55:02.050 +03:00 [INF] [Thread:] Processing file: D:\Programming\XMLProcessor\input\generated_status_215153_40.xml
2025-09-27 21:55:02.052 +03:00 [INF] [Thread:] Processing file: D:\Programming\XMLProcessor\input\generated_status_215153_39.xml
2025-09-27 21:55:02.053 +03:00 [INF] [Thread:] Processing file: D:\Programming\XMLProcessor\input\generated_status_215153_38.xml
2025-09-27 21:55:02.056 +03:00 [INF] [Thread:] Processing file: D:\Programming\XMLProcessor\input\generated_status_215153_37.xml
2025-09-27 21:55:02.059 +03:00 [INF] [Thread:] Processing file: D:\Programming\XMLProcessor\input\generated_status_215153_36.xml
2025-09-27 21:55:02.062 +03:00 [INF] [Thread:] Processing file: D:\Programming\XMLProcessor\input\generated_status_215153_35.xml
2025-09-27 21:55:02.064 +03:00 [INF] [Thread:] Processing file: D:\Programming\XMLProcessor\input\generated_status_215152_9.xml
2025-09-27 21:55:02.066 +03:00 [INF] [Thread:] Processing file: D:\Programming\XMLProcessor\input\generated_status_215152_8.xml
2025-09-27 21:55:02.070 +03:00 [INF] [Thread:] Processing file: D:\Programming\XMLProcessor\input\generated_status_215152_7.xml
2025-09-27 21:55:02.074 +03:00 [INF] [Thread:] Processing file: D:\Programming\XMLProcessor\input\generated_status_215152_6.xml
2025-09-27 21:55:02.076 +03:00 [INF] [Thread:] Processing file: D:\Programming\XMLProcessor\input\generated_status_215152_5.xml
2025-09-27 21:55:02.078 +03:00 [INF] [Thread:] Processing file: D:\Programming\XMLProcessor\input\generated_status_215152_4.xml
2025-09-27 21:55:02.080 +03:00 [INF] [Thread:] Processing file: D:\Programming\XMLProcessor\input\generated_status_215152_34.xml
2025-09-27 21:55:02.082 +03:00 [INF] [Thread:] Processing file: D:\Programming\XMLProcessor\input\generated_status_215152_33.xml
2025-09-27 21:55:02.084 +03:00 [INF] [Thread:] Processing file: D:\Programming\XMLProcessor\input\generated_status_215152_32.xml
2025-09-27 21:55:02.086 +03:00 [INF] [Thread:] Processing file: D:\Programming\XMLProcessor\input\generated_status_215152_31.xml
2025-09-27 21:55:02.088 +03:00 [INF] [Thread:] Processing file: D:\Programming\XMLProcessor\input\generated_status_215152_30.xml
2025-09-27 21:55:02.089 +03:00 [INF] [Thread:] Processing file: D:\Programming\XMLProcessor\input\generated_status_215152_3.xml
2025-09-27 21:55:02.091 +03:00 [INF] [Thread:] Processing file: D:\Programming\XMLProcessor\input\generated_status_215152_29.xml
2025-09-27 21:55:02.093 +03:00 [INF] [Thread:] Processing file: D:\Programming\XMLProcessor\input\generated_status_215152_28.xml
2025-09-27 21:55:02.094 +03:00 [INF] [Thread:] Processing file: D:\Programming\XMLProcessor\input\generated_status_215152_27.xml
2025-09-27 21:55:02.097 +03:00 [INF] [Thread:] Processing file: D:\Programming\XMLProcessor\input\generated_status_215152_26.xml
2025-09-27 21:55:02.099 +03:00 [INF] [Thread:] Processing file: D:\Programming\XMLProcessor\input\generated_status_215152_25.xml
2025-09-27 21:55:02.101 +03:00 [INF] [Thread:] Processing file: D:\Programming\XMLProcessor\input\generated_status_215152_24.xml
2025-09-27 21:55:02.103 +03:00 [INF] [Thread:] Processing file: D:\Programming\XMLProcessor\input\generated_status_215152_23.xml
2025-09-27 21:55:02.105 +03:00 [INF] [Thread:] Processing file: D:\Programming\XMLProcessor\input\generated_status_215152_22.xml
2025-09-27 21:55:02.107 +03:00 [INF] [Thread:] Processing file: D:\Programming\XMLProcessor\input\generated_status_215152_21.xml
2025-09-27 21:55:02.110 +03:00 [INF] [Thread:] Processing file: D:\Programming\XMLProcessor\input\generated_status_215152_20.xml
2025-09-27 21:55:02.113 +03:00 [INF] [Thread:] Processing file: D:\Programming\XMLProcessor\input\generated_status_215152_2.xml
2025-09-27 21:55:02.115 +03:00 [INF] [Thread:] Processing file: D:\Programming\XMLProcessor\input\generated_status_215152_19.xml
2025-09-27 21:55:02.117 +03:00 [INF] [Thread:] Processing file: D:\Programming\XMLProcessor\input\generated_status_215152_18.xml
2025-09-27 21:55:02.120 +03:00 [INF] [Thread:] Processing file: D:\Programming\XMLProcessor\input\generated_status_215152_17.xml
2025-09-27 21:55:02.123 +03:00 [INF] [Thread:] Processing file: D:\Programming\XMLProcessor\input\generated_status_215152_16.xml
2025-09-27 21:55:02.126 +03:00 [INF] [Thread:] Processing file: D:\Programming\XMLProcessor\input\generated_status_215152_15.xml
2025-09-27 21:55:02.128 +03:00 [INF] [Thread:] Processing file: D:\Programming\XMLProcessor\input\generated_status_215152_14.xml
2025-09-27 21:55:02.131 +03:00 [INF] [Thread:] Processing file: D:\Programming\XMLProcessor\input\generated_status_215152_13.xml
2025-09-27 21:55:02.133 +03:00 [INF] [Thread:] Processing file: D:\Programming\XMLProcessor\input\generated_status_215152_12.xml
2025-09-27 21:55:02.136 +03:00 [INF] [Thread:] Processing file: D:\Programming\XMLProcessor\input\generated_status_215152_11.xml
2025-09-27 21:55:02.139 +03:00 [INF] [Thread:] Processing file: D:\Programming\XMLProcessor\input\generated_status_215152_10.xml
2025-09-27 21:55:02.141 +03:00 [INF] [Thread:] Processing file: D:\Programming\XMLProcessor\input\generated_status_215152_1.xml
2025-09-27 21:55:02.144 +03:00 [INF] [Thread:] Processing file: D:\Programming\XMLProcessor\input\generated_status_215149_50.xml
2025-09-27 21:55:02.146 +03:00 [INF] [Thread:] Processing file: D:\Programming\XMLProcessor\input\generated_status_215149_49.xml
2025-09-27 21:55:02.149 +03:00 [INF] [Thread:] Processing file: D:\Programming\XMLProcessor\input\generated_status_215149_48.xml
2025-09-27 21:55:02.152 +03:00 [INF] [Thread:] Processing file: D:\Programming\XMLProcessor\input\generated_status_215149_47.xml
2025-09-27 21:55:02.153 +03:00 [INF] [Thread:] Processing file: D:\Programming\XMLProcessor\input\generated_status_215149_46.xml
2025-09-27 21:55:02.155 +03:00 [INF] [Thread:] Processing file: D:\Programming\XMLProcessor\input\generated_status_215149_45.xml
2025-09-27 21:55:02.158 +03:00 [INF] [Thread:] Processing file: D:\Programming\XMLProcessor\input\generated_status_215149_44.xml
2025-09-27 21:55:02.160 +03:00 [INF] [Thread:] Processing file: D:\Programming\XMLProcessor\input\generated_status_215149_43.xml
2025-09-27 21:55:02.163 +03:00 [INF] [Thread:] Processing file: D:\Programming\XMLProcessor\input\generated_status_215149_42.xml
2025-09-27 21:55:02.165 +03:00 [INF] [Thread:] Processing file: D:\Programming\XMLProcessor\input\generated_status_215149_41.xml
2025-09-27 21:55:02.169 +03:00 [INF] [Thread:] Processing file: D:\Programming\XMLProcessor\input\generated_status_215149_40.xml
2025-09-27 21:55:02.172 +03:00 [INF] [Thread:] Processing file: D:\Programming\XMLProcessor\input\generated_status_215149_39.xml
2025-09-27 21:55:02.174 +03:00 [INF] [Thread:] Processing file: D:\Programming\XMLProcessor\input\generated_status_215149_38.xml
2025-09-27 21:55:02.176 +03:00 [INF] [Thread:] Processing file: D:\Programming\XMLProcessor\input\generated_status_215149_37.xml
2025-09-27 21:55:02.178 +03:00 [INF] [Thread:] Processing file: D:\Programming\XMLProcessor\input\generated_status_215149_36.xml
2025-09-27 21:55:02.181 +03:00 [INF] [Thread:] Processing file: D:\Programming\XMLProcessor\input\generated_status_215149_35.xml
2025-09-27 21:55:02.184 +03:00 [INF] [Thread:] Processing file: D:\Programming\XMLProcessor\input\generated_status_215149_34.xml
2025-09-27 21:55:02.186 +03:00 [INF] [Thread:] Processing file: D:\Programming\XMLProcessor\input\generated_status_215149_33.xml
2025-09-27 21:55:02.189 +03:00 [INF] [Thread:] Processing file: D:\Programming\XMLProcessor\input\generated_status_215149_32.xml
2025-09-27 21:55:02.192 +03:00 [INF] [Thread:] Processing file: D:\Programming\XMLProcessor\input\generated_status_215149_31.xml
2025-09-27 21:55:02.194 +03:00 [INF] [Thread:] Processing file: D:\Programming\XMLProcessor\input\generated_status_215149_30.xml
2025-09-27 21:55:02.196 +03:00 [INF] [Thread:] Processing file: D:\Programming\XMLProcessor\input\generated_status_215149_29.xml
2025-09-27 21:55:02.198 +03:00 [INF] [Thread:] Processing file: D:\Programming\XMLProcessor\input\generated_status_215149_28.xml
2025-09-27 21:55:02.200 +03:00 [INF] [Thread:] Processing file: D:\Programming\XMLProcessor\input\generated_status_215149_27.xml
2025-09-27 21:55:02.204 +03:00 [INF] [Thread:] Processing file: D:\Programming\XMLProcessor\input\generated_status_215149_26.xml
2025-09-27 21:55:02.207 +03:00 [INF] [Thread:] Processing file: D:\Programming\XMLProcessor\input\generated_status_215149_25.xml
2025-09-27 21:55:02.210 +03:00 [INF] [Thread:] Processing file: D:\Programming\XMLProcessor\input\generated_status_215148_9.xml
2025-09-27 21:55:02.213 +03:00 [INF] [Thread:] Processing file: D:\Programming\XMLProcessor\input\generated_status_215148_8.xml
2025-09-27 21:55:02.216 +03:00 [INF] [Thread:] Processing file: D:\Programming\XMLProcessor\input\generated_status_215148_7.xml
2025-09-27 21:55:02.225 +03:00 [INF] [Thread:] Processing file: D:\Programming\XMLProcessor\input\generated_status_215148_6.xml
2025-09-27 21:55:02.229 +03:00 [INF] [Thread:] Processing file: D:\Programming\XMLProcessor\input\generated_status_215148_5.xml
2025-09-27 21:55:02.250 +03:00 [INF] [Thread:] Processing file: D:\Programming\XMLProcessor\input\generated_status_215148_4.xml
2025-09-27 21:55:02.274 +03:00 [INF] [Thread:] Processing file: D:\Programming\XMLProcessor\input\generated_status_215148_3.xml
2025-09-27 21:55:02.289 +03:00 [INF] [Thread:] Processing file: D:\Programming\XMLProcessor\input\generated_status_215148_24.xml
2025-09-27 21:55:02.305 +03:00 [INF] [Thread:] Processing file: D:\Programming\XMLProcessor\input\generated_status_215148_23.xml
2025-09-27 21:55:02.315 +03:00 [INF] [Thread:] Processing file: D:\Programming\XMLProcessor\input\generated_status_215148_22.xml
2025-09-27 21:55:02.325 +03:00 [INF] [Thread:] Processing file: D:\Programming\XMLProcessor\input\generated_status_215148_21.xml
2025-09-27 21:55:02.334 +03:00 [INF] [Thread:] Processing file: D:\Programming\XMLProcessor\input\generated_status_215148_20.xml
2025-09-27 21:55:02.350 +03:00 [INF] [Thread:] Processing file: D:\Programming\XMLProcessor\input\generated_status_215148_2.xml
2025-09-27 21:55:02.362 +03:00 [INF] [Thread:] Processing file: D:\Programming\XMLProcessor\input\generated_status_215148_19.xml
2025-09-27 21:55:02.370 +03:00 [INF] [Thread:] Processing file: D:\Programming\XMLProcessor\input\generated_status_215148_18.xml
2025-09-27 21:55:02.383 +03:00 [INF] [Thread:] Processing file: D:\Programming\XMLProcessor\input\generated_status_215148_17.xml
2025-09-27 21:55:02.395 +03:00 [INF] [Thread:] Processing file: D:\Programming\XMLProcessor\input\generated_status_215148_16.xml
2025-09-27 21:55:02.406 +03:00 [INF] [Thread:] Processing file: D:\Programming\XMLProcessor\input\generated_status_215148_15.xml
2025-09-27 21:55:02.415 +03:00 [INF] [Thread:] Processing file: D:\Programming\XMLProcessor\input\generated_status_215148_14.xml
2025-09-27 21:55:02.423 +03:00 [INF] [Thread:] Processing file: D:\Programming\XMLProcessor\input\generated_status_215148_13.xml
2025-09-27 21:55:02.450 +03:00 [INF] [Thread:] Processing file: D:\Programming\XMLProcessor\input\generated_status_215113_5.xml
2025-09-27 21:55:02.454 +03:00 [INF] [Thread:] Processing file: D:\Programming\XMLProcessor\input\generated_status_215117_1.xml
2025-09-27 21:55:02.457 +03:00 [INF] [Thread:] Processing file: D:\Programming\XMLProcessor\input\generated_status_215117_3.xml
2025-09-27 21:55:02.457 +03:00 [INF] [Thread:] Processing file: D:\Programming\XMLProcessor\input\generated_status_215117_2.xml
2025-09-27 21:55:02.457 +03:00 [INF] [Thread:] Processing file: D:\Programming\XMLProcessor\input\generated_status_215117_4.xml
2025-09-27 21:55:02.464 +03:00 [INF] [Thread:] Processing file: D:\Programming\XMLProcessor\input\generated_status_215117_5.xml
2025-09-27 21:55:02.473 +03:00 [INF] [Thread:] Processing file: D:\Programming\XMLProcessor\input\generated_status_215148_12.xml
2025-09-27 21:55:02.479 +03:00 [INF] [Thread:] Processing file: D:\Programming\XMLProcessor\input\generated_status_215119_2.xml
2025-09-27 21:55:02.478 +03:00 [INF] [Thread:] Processing file: D:\Programming\XMLProcessor\input\generated_status_215119_1.xml
2025-09-27 21:55:02.489 +03:00 [INF] [Thread:] Processing file: D:\Programming\XMLProcessor\input\generated_status_215148_11.xml
2025-09-27 21:55:02.508 +03:00 [INF] [Thread:] Processing file: D:\Programming\XMLProcessor\input\generated_status_215148_10.xml
2025-09-27 21:55:02.523 +03:00 [INF] [Thread:] Processing file: D:\Programming\XMLProcessor\input\generated_status_215148_1.xml
2025-09-27 21:55:02.527 +03:00 [INF] [Thread:] Processing file: D:\Programming\XMLProcessor\input\generated_status_215119_3.xml
2025-09-27 21:55:02.536 +03:00 [INF] [Thread:] Processing file: D:\Programming\XMLProcessor\input\generated_status_215119_5.xml
2025-09-27 21:55:02.538 +03:00 [INF] [Thread:] Processing file: D:\Programming\XMLProcessor\input\generated_status_215127_2.xml
2025-09-27 21:55:02.544 +03:00 [INF] [Thread:] Processing file: D:\Programming\XMLProcessor\input\generated_status_215127_3.xml
2025-09-27 21:55:02.536 +03:00 [INF] [Thread:] Processing file: D:\Programming\XMLProcessor\input\generated_status_215119_4.xml
2025-09-27 21:55:02.538 +03:00 [INF] [Thread:] Processing file: D:\Programming\XMLProcessor\input\generated_status_215127_1.xml
2025-09-27 21:55:02.547 +03:00 [INF] [Thread:] Processing file: D:\Programming\XMLProcessor\input\generated_status_215127_4.xml
2025-09-27 21:55:02.559 +03:00 [INF] [Thread:] Processing file: D:\Programming\XMLProcessor\input\generated_status_215133_1.xml
2025-09-27 21:55:02.564 +03:00 [INF] [Thread:] Processing file: D:\Programming\XMLProcessor\input\generated_status_215134_50.xml
2025-09-27 21:55:02.565 +03:00 [INF] [Thread:] Processing file: D:\Programming\XMLProcessor\input\generated_status_215133_10.xml
2025-09-27 21:55:02.559 +03:00 [INF] [Thread:] Processing file: D:\Programming\XMLProcessor\input\generated_status_215127_5.xml
2025-09-27 21:55:02.577 +03:00 [INF] [Thread:] Processing file: D:\Programming\XMLProcessor\input\generated_status_215133_4.xml
2025-09-27 21:55:02.580 +03:00 [INF] [Thread:] Processing file: D:\Programming\XMLProcessor\input\generated_status_215134_49.xml
2025-09-27 21:55:02.577 +03:00 [INF] [Thread:] Processing file: D:\Programming\XMLProcessor\input\generated_status_215133_2.xml
2025-09-27 21:55:02.577 +03:00 [INF] [Thread:] Processing file: D:\Programming\XMLProcessor\input\generated_status_215133_3.xml
2025-09-27 21:55:02.597 +03:00 [INF] [Thread:] Processing file: D:\Programming\XMLProcessor\input\generated_status_215134_48.xml
2025-09-27 21:55:02.607 +03:00 [INF] [Thread:] Processing file: D:\Programming\XMLProcessor\input\generated_status_215134_47.xml
2025-09-27 21:55:02.615 +03:00 [INF] [Thread:] Processing file: D:\Programming\XMLProcessor\input\generated_status_215134_46.xml
2025-09-27 21:55:02.622 +03:00 [INF] [Thread:] Processing file: D:\Programming\XMLProcessor\input\generated_status_215134_45.xml
2025-09-27 21:55:02.629 +03:00 [INF] [Thread:] Processing file: D:\Programming\XMLProcessor\input\generated_status_215134_44.xml
2025-09-27 21:55:02.635 +03:00 [INF] [Thread:] Processing file: D:\Programming\XMLProcessor\input\generated_status_215134_43.xml
2025-09-27 21:55:02.641 +03:00 [INF] [Thread:] Processing file: D:\Programming\XMLProcessor\input\generated_status_215134_42.xml
2025-09-27 21:55:02.648 +03:00 [INF] [Thread:] Processing file: D:\Programming\XMLProcessor\input\generated_status_215134_41.xml
2025-09-27 21:55:02.653 +03:00 [INF] [Thread:] Successfully processed and published data for 3 modules from file: D:\Programming\XMLProcessor\input\generated_status_215134_11.xml
2025-09-27 21:55:02.653 +03:00 [INF] [Thread:] Successfully processed and published data for 5 modules from file: D:\Programming\XMLProcessor\input\generated_status_215134_15.xml
2025-09-27 21:55:02.653 +03:00 [INF] [Thread:] Successfully processed and published data for 2 modules from file: D:\Programming\XMLProcessor\input\generated_status_215134_42.xml
2025-09-27 21:55:02.664 +03:00 [INF] [Thread:] File generated_status_215134_15.xml deleted after successful processing.
2025-09-27 21:55:02.653 +03:00 [INF] [Thread:] Successfully processed and published data for 5 modules from file: D:\Programming\XMLProcessor\input\generated_status_215134_33.xml
2025-09-27 21:55:02.659 +03:00 [INF] [Thread:] File generated_status_215134_11.xml deleted after successful processing.
2025-09-27 21:55:02.653 +03:00 [INF] [Thread:] Successfully processed and published data for 5 modules from file: D:\Programming\XMLProcessor\input\generated_status_215134_31.xml
2025-09-27 21:55:02.653 +03:00 [INF] [Thread:] Successfully processed and published data for 3 modules from file: D:\Programming\XMLProcessor\input\generated_status_215134_35.xml
2025-09-27 21:55:02.653 +03:00 [INF] [Thread:] Successfully processed and published data for 4 modules from file: D:\Programming\XMLProcessor\input\generated_status_215113_4.xml
2025-09-27 21:55:02.653 +03:00 [INF] [Thread:] Successfully processed and published data for 4 modules from file: D:\Programming\XMLProcessor\input\generated_status_215117_5.xml
2025-09-27 21:55:02.653 +03:00 [INF] [Thread:] Successfully processed and published data for 2 modules from file: D:\Programming\XMLProcessor\input\generated_status_215133_10.xml
2025-09-27 21:55:02.653 +03:00 [INF] [Thread:] Successfully processed and published data for 4 modules from file: D:\Programming\XMLProcessor\input\generated_status_215113_4.xml
2025-09-27 21:55:02.653 +03:00 [INF] [Thread:] Successfully processed and published data for 2 modules from file: D:\Programming\XMLProcessor\input\generated_status_215134_38.xml
2025-09-27 21:55:02.653 +03:00 [INF] [Thread:] Successfully processed and published data for 2 modules from file: D:\Programming\XMLProcessor\input\generated_status_215127_3.xml
2025-09-27 21:55:02.655 +03:00 [INF] [Thread:] Processing file: D:\Programming\XMLProcessor\input\generated_status_215134_40.xml
2025-09-27 21:55:02.653 +03:00 [INF] [Thread:] Successfully processed and published data for 2 modules from file: D:\Programming\XMLProcessor\input\generated_status_215113_2.xml
2025-09-27 21:55:02.727 +03:00 [ERR] [Thread:] An error occurred while processing file D:\Programming\XMLProcessor\input\generated_status_215134_42.xml.
System.IO.IOException: The process cannot access the file 'D:\Programming\XMLProcessor\input\generated_status_215134_42.xml' because it is being used by another process.
   at System.IO.FileSystem.DeleteFile(String fullPath)
   at FileParserService.Services.FileProcessorService.ProcessFileAsync(String filePath) in D:\Programming\XMLProcessor\FileParserServiceSln\FileParserService\Services\FileProcessorService.cs:line 79
2025-09-27 21:55:02.731 +03:00 [INF] [Thread:] File generated_status_215134_33.xml deleted after successful processing.
2025-09-27 21:55:02.734 +03:00 [INF] [Thread:] File generated_status_215134_31.xml deleted after successful processing.
2025-09-27 21:55:02.736 +03:00 [INF] [Thread:] File generated_status_215134_35.xml deleted after successful processing.
2025-09-27 21:55:02.737 +03:00 [INF] [Thread:] File generated_status_215113_4.xml deleted after successful processing.
2025-09-27 21:55:02.738 +03:00 [INF] [Thread:] File generated_status_215117_5.xml deleted after successful processing.
2025-09-27 21:55:02.740 +03:00 [INF] [Thread:] File generated_status_215133_10.xml deleted after successful processing.
2025-09-27 21:55:02.741 +03:00 [INF] [Thread:] File generated_status_215113_4.xml deleted after successful processing.
2025-09-27 21:55:02.742 +03:00 [INF] [Thread:] File generated_status_215134_38.xml deleted after successful processing.
2025-09-27 21:55:02.744 +03:00 [INF] [Thread:] File generated_status_215127_3.xml deleted after successful processing.
2025-09-27 21:55:02.747 +03:00 [INF] [Thread:] File generated_status_215113_2.xml deleted after successful processing.
2025-09-27 21:55:02.653 +03:00 [INF] [Thread:] Successfully processed and published data for 5 modules from file: D:\Programming\XMLProcessor\input\generated_status_215134_30.xml
2025-09-27 21:55:02.653 +03:00 [INF] [Thread:] Successfully processed and published data for 5 modules from file: D:\Programming\XMLProcessor\input\generated_status_215134_29.xml
2025-09-27 21:55:02.653 +03:00 [INF] [Thread:] Successfully processed and published data for 3 modules from file: D:\Programming\XMLProcessor\input\generated_status_215134_34.xml
2025-09-27 21:55:02.653 +03:00 [INF] [Thread:] Successfully processed and published data for 5 modules from file: D:\Programming\XMLProcessor\input\generated_status_215134_36.xml
2025-09-27 21:55:02.653 +03:00 [INF] [Thread:] Successfully processed and published data for 5 modules from file: D:\Programming\XMLProcessor\input\generated_status_215134_14.xml
2025-09-27 21:55:02.653 +03:00 [INF] [Thread:] Successfully processed and published data for 5 modules from file: D:\Programming\XMLProcessor\input\generated_status_215134_32.xml
2025-09-27 21:55:02.653 +03:00 [INF] [Thread:] Successfully processed and published data for 2 modules from file: D:\Programming\XMLProcessor\input\generated_status_215153_50.xml
2025-09-27 21:55:02.653 +03:00 [INF] [Thread:] Successfully processed and published data for 2 modules from file: D:\Programming\XMLProcessor\input\generated_status_215134_44.xml
2025-09-27 21:55:02.653 +03:00 [INF] [Thread:] Successfully processed and published data for 2 modules from file: D:\Programming\XMLProcessor\input\generated_status_215134_41.xml
2025-09-27 21:55:02.805 +03:00 [INF] [Thread:] File generated_status_215134_30.xml deleted after successful processing.
2025-09-27 21:55:02.807 +03:00 [INF] [Thread:] File generated_status_215134_29.xml deleted after successful processing.
2025-09-27 21:55:02.795 +03:00 [ERR] [Thread:] Failed to move corrupted file generated_status_215134_42.xml to error directory.
System.IO.IOException: The process cannot access the file because it is being used by another process.
   at System.IO.FileSystem.MoveFile(String sourceFullPath, String destFullPath, Boolean overwrite)
   at FileParserService.Services.FileProcessorService.MoveFileToErrorDirectory(String filePath) in D:\Programming\XMLProcessor\FileParserServiceSln\FileParserService\Services\FileProcessorService.cs:line 103
2025-09-27 21:55:02.808 +03:00 [INF] [Thread:] File generated_status_215134_34.xml deleted after successful processing.
2025-09-27 21:55:02.809 +03:00 [INF] [Thread:] File generated_status_215134_36.xml deleted after successful processing.
2025-09-27 21:55:02.887 +03:00 [INF] [Thread:] Successfully processed and published data for 5 modules from file: D:\Programming\XMLProcessor\input\generated_status_215152_5.xml
2025-09-27 21:55:02.811 +03:00 [INF] [Thread:] File generated_status_215134_14.xml deleted after successful processing.
2025-09-27 21:55:02.892 +03:00 [INF] [Thread:] File generated_status_215152_5.xml deleted after successful processing.
2025-09-27 21:55:02.812 +03:00 [INF] [Thread:] File generated_status_215134_32.xml deleted after successful processing.
2025-09-27 21:55:02.813 +03:00 [INF] [Thread:] File generated_status_215153_50.xml deleted after successful processing.
2025-09-27 21:55:02.898 +03:00 [INF] [Thread:] Successfully processed and published data for 2 modules from file: D:\Programming\XMLProcessor\input\generated_status_215152_4.xml
2025-09-27 21:55:02.908 +03:00 [INF] [Thread:] Processing file: D:\Programming\XMLProcessor\input\generated_status_215134_39.xml
2025-09-27 21:55:02.912 +03:00 [INF] [Thread:] File generated_status_215152_4.xml deleted after successful processing.
2025-09-27 21:55:02.906 +03:00 [INF] [Thread:] Successfully processed and published data for 3 modules from file: D:\Programming\XMLProcessor\input\generated_status_215152_6.xml
2025-09-27 21:55:02.919 +03:00 [INF] [Thread:] Successfully processed and published data for 4 modules from file: D:\Programming\XMLProcessor\input\generated_status_215152_7.xml
2025-09-27 21:55:02.920 +03:00 [INF] [Thread:] Successfully processed and published data for 4 modules from file: D:\Programming\XMLProcessor\input\generated_status_215152_2.xml
2025-09-27 21:55:02.928 +03:00 [INF] [Thread:] File generated_status_215152_7.xml deleted after successful processing.
2025-09-27 21:55:02.933 +03:00 [INF] [Thread:] File generated_status_215152_2.xml deleted after successful processing.
2025-09-27 21:55:02.936 +03:00 [INF] [Thread:] Successfully processed and published data for 3 modules from file: D:\Programming\XMLProcessor\input\generated_status_215152_8.xml
2025-09-27 21:55:02.940 +03:00 [INF] [Thread:] Successfully processed and published data for 3 modules from file: D:\Programming\XMLProcessor\input\generated_status_215152_24.xml
2025-09-27 21:55:02.944 +03:00 [INF] [Thread:] File generated_status_215152_8.xml deleted after successful processing.
2025-09-27 21:55:02.950 +03:00 [INF] [Thread:] File generated_status_215152_24.xml deleted after successful processing.
2025-09-27 21:55:02.953 +03:00 [INF] [Thread:] Successfully processed and published data for 5 modules from file: D:\Programming\XMLProcessor\input\generated_status_215153_47.xml
2025-09-27 21:55:02.958 +03:00 [INF] [Thread:] Successfully processed and published data for 3 modules from file: D:\Programming\XMLProcessor\input\generated_status_215152_19.xml
2025-09-27 21:55:02.960 +03:00 [INF] [Thread:] File generated_status_215153_47.xml deleted after successful processing.
2025-09-27 21:55:02.925 +03:00 [INF] [Thread:] Processing file: D:\Programming\XMLProcessor\input\generated_status_215134_37.xml
2025-09-27 21:55:02.965 +03:00 [INF] [Thread:] File generated_status_215152_19.xml deleted after successful processing.
2025-09-27 21:55:02.966 +03:00 [INF] [Thread:] Successfully processed and published data for 2 modules from file: D:\Programming\XMLProcessor\input\generated_status_215152_9.xml
2025-09-27 21:55:02.966 +03:00 [INF] [Thread:] Successfully processed and published data for 5 modules from file: D:\Programming\XMLProcessor\input\generated_status_215148_20.xml
2025-09-27 21:55:02.925 +03:00 [INF] [Thread:] File generated_status_215152_6.xml deleted after successful processing.
2025-09-27 21:55:02.910 +03:00 [WRN] [Thread:] File D:\Programming\XMLProcessor\input\generated_status_215134_38.xml was removed before it could be processed.
2025-09-27 21:55:02.858 +03:00 [ERR] [Thread:] An error occurred while processing file D:\Programming\XMLProcessor\input\generated_status_215134_44.xml.
System.IO.IOException: The process cannot access the file 'D:\Programming\XMLProcessor\input\generated_status_215134_44.xml' because it is being used by another process.
   at System.IO.FileSystem.DeleteFile(String fullPath)
   at FileParserService.Services.FileProcessorService.ProcessFileAsync(String filePath) in D:\Programming\XMLProcessor\FileParserServiceSln\FileParserService\Services\FileProcessorService.cs:line 79
2025-09-27 21:55:02.880 +03:00 [ERR] [Thread:] An error occurred while processing file D:\Programming\XMLProcessor\input\generated_status_215134_41.xml.
System.IO.IOException: The process cannot access the file 'D:\Programming\XMLProcessor\input\generated_status_215134_41.xml' because it is being used by another process.
   at System.IO.FileSystem.DeleteFile(String fullPath)
   at FileParserService.Services.FileProcessorService.ProcessFileAsync(String filePath) in D:\Programming\XMLProcessor\FileParserServiceSln\FileParserService\Services\FileProcessorService.cs:line 79
2025-09-27 21:55:02.653 +03:00 [INF] [Thread:] Successfully processed and published data for 2 modules from file: D:\Programming\XMLProcessor\input\generated_status_215134_40.xml
2025-09-27 21:55:02.653 +03:00 [INF] [Thread:] Successfully processed and published data for 4 modules from file: D:\Programming\XMLProcessor\input\generated_status_215153_49.xml
2025-09-27 21:55:02.653 +03:00 [INF] [Thread:] Successfully processed and published data for 4 modules from file: D:\Programming\XMLProcessor\input\generated_status_215153_48.xml
2025-09-27 21:55:02.653 +03:00 [INF] [Thread:] Successfully processed and published data for 5 modules from file: D:\Programming\XMLProcessor\input\generated_status_215134_39.xml
2025-09-27 21:55:02.970 +03:00 [INF] [Thread:] Successfully processed and published data for 4 modules from file: D:\Programming\XMLProcessor\input\generated_status_215152_21.xml
2025-09-27 21:55:02.971 +03:00 [WRN] [Thread:] File D:\Programming\XMLProcessor\input\generated_status_215134_36.xml was removed before it could be processed.
2025-09-27 21:55:02.971 +03:00 [INF] [Thread:] File generated_status_215152_9.xml deleted after successful processing.
2025-09-27 21:55:02.973 +03:00 [INF] [Thread:] File generated_status_215148_20.xml deleted after successful processing.
2025-09-27 21:55:02.974 +03:00 [WRN] [Thread:] File D:\Programming\XMLProcessor\input\generated_status_215134_35.xml was removed before it could be processed.
2025-09-27 21:55:02.975 +03:00 [WRN] [Thread:] File D:\Programming\XMLProcessor\input\generated_status_215134_34.xml was removed before it could be processed.
2025-09-27 21:55:02.977 +03:00 [INF] [Thread:] File generated_status_215134_44.xml moved to error directory.
2025-09-27 21:55:02.980 +03:00 [INF] [Thread:] File generated_status_215134_41.xml moved to error directory.
2025-09-27 21:55:02.981 +03:00 [INF] [Thread:] File generated_status_215134_40.xml deleted after successful processing.
2025-09-27 21:55:02.983 +03:00 [INF] [Thread:] File generated_status_215153_49.xml deleted after successful processing.
2025-09-27 21:55:02.984 +03:00 [INF] [Thread:] File generated_status_215153_48.xml deleted after successful processing.
2025-09-27 21:55:02.985 +03:00 [INF] [Thread:] File generated_status_215134_39.xml deleted after successful processing.
2025-09-27 21:55:02.986 +03:00 [INF] [Thread:] File generated_status_215152_21.xml deleted after successful processing.
2025-09-27 21:55:02.987 +03:00 [WRN] [Thread:] File D:\Programming\XMLProcessor\input\generated_status_215134_33.xml was removed before it could be processed.
2025-09-27 21:55:02.988 +03:00 [INF] [Thread:] Successfully processed and published data for 2 modules from file: D:\Programming\XMLProcessor\input\generated_status_215153_36.xml
2025-09-27 21:55:02.989 +03:00 [INF] [Thread:] Successfully processed and published data for 4 modules from file: D:\Programming\XMLProcessor\input\generated_status_215148_3.xml
2025-09-27 21:55:02.990 +03:00 [WRN] [Thread:] File D:\Programming\XMLProcessor\input\generated_status_215134_32.xml was removed before it could be processed.
2025-09-27 21:55:02.992 +03:00 [WRN] [Thread:] File D:\Programming\XMLProcessor\input\generated_status_215134_31.xml was removed before it could be processed.
2025-09-27 21:55:02.992 +03:00 [WRN] [Thread:] File D:\Programming\XMLProcessor\input\generated_status_215134_30.xml was removed before it could be processed.
2025-09-27 21:55:02.994 +03:00 [INF] [Thread:] Found 134 file(s) to process in 'DeleteAfterProcessing' mode.
2025-09-27 21:55:02.995 +03:00 [WRN] [Thread:] File D:\Programming\XMLProcessor\input\generated_status_215134_29.xml was removed before it could be processed.
2025-09-27 21:55:02.996 +03:00 [INF] [Thread:] Successfully processed and published data for 4 modules from file: D:\Programming\XMLProcessor\input\generated_status_215134_45.xml
2025-09-27 21:55:02.997 +03:00 [INF] [Thread:] Successfully processed and published data for 4 modules from file: D:\Programming\XMLProcessor\input\generated_status_215153_49.xml
2025-09-27 21:55:02.998 +03:00 [INF] [Thread:] Processing file: D:\Programming\XMLProcessor\input\generated_status_215134_28.xml
2025-09-27 21:55:02.998 +03:00 [INF] [Thread:] Successfully processed and published data for 4 modules from file: D:\Programming\XMLProcessor\input\generated_status_215152_25.xml
2025-09-27 21:55:03.000 +03:00 [INF] [Thread:] File generated_status_215153_36.xml deleted after successful processing.
2025-09-27 21:55:03.002 +03:00 [INF] [Thread:] File generated_status_215148_3.xml deleted after successful processing.
2025-09-27 21:55:03.014 +03:00 [INF] [Thread:] File generated_status_215152_25.xml deleted after successful processing.
2025-09-27 21:55:02.999 +03:00 [INF] [Thread:] Processing file: D:\Programming\XMLProcessor\input\generated_status_215134_27.xml
2025-09-27 21:55:03.003 +03:00 [INF] [Thread:] Processing file: D:\Programming\XMLProcessor\input\generated_status_215134_26.xml
2025-09-27 21:55:03.015 +03:00 [INF] [Thread:] Successfully processed and published data for 3 modules from file: D:\Programming\XMLProcessor\input\generated_status_215153_35.xml
2025-09-27 21:55:03.017 +03:00 [INF] [Thread:] Successfully processed and published data for 5 modules from file: D:\Programming\XMLProcessor\input\generated_status_215153_42.xml
2025-09-27 21:55:03.024 +03:00 [INF] [Thread:] File generated_status_215153_35.xml deleted after successful processing.
2025-09-27 21:55:03.018 +03:00 [INF] [Thread:] Successfully processed and published data for 5 modules from file: D:\Programming\XMLProcessor\input\generated_status_215134_26.xml
2025-09-27 21:55:03.024 +03:00 [INF] [Thread:] Processing file: D:\Programming\XMLProcessor\input\generated_status_215134_21.xml
2025-09-27 21:55:03.004 +03:00 [INF] [Thread:] Processing file: D:\Programming\XMLProcessor\input\generated_status_215134_25.xml
2025-09-27 21:55:03.029 +03:00 [INF] [Thread:] Successfully processed and published data for 4 modules from file: D:\Programming\XMLProcessor\input\generated_status_215153_37.xml
2025-09-27 21:55:03.027 +03:00 [INF] [Thread:] File generated_status_215153_42.xml deleted after successful processing.
2025-09-27 21:55:03.037 +03:00 [INF] [Thread:] File generated_status_215153_37.xml deleted after successful processing.
2025-09-27 21:55:03.030 +03:00 [INF] [Thread:] File generated_status_215134_26.xml deleted after successful processing.
2025-09-27 21:55:03.037 +03:00 [INF] [Thread:] Processing file: D:\Programming\XMLProcessor\input\generated_status_215134_19.xml
2025-09-27 21:55:03.027 +03:00 [INF] [Thread:] Processing file: D:\Programming\XMLProcessor\input\generated_status_215134_20.xml
2025-09-27 21:55:03.040 +03:00 [INF] [Thread:] Successfully processed and published data for 3 modules from file: D:\Programming\XMLProcessor\input\generated_status_215153_44.xml
2025-09-27 21:55:03.039 +03:00 [INF] [Thread:] Successfully processed and published data for 3 modules from file: D:\Programming\XMLProcessor\input\generated_status_215148_24.xml
2025-09-27 21:55:03.049 +03:00 [INF] [Thread:] File generated_status_215153_44.xml deleted after successful processing.
2025-09-27 21:55:03.041 +03:00 [INF] [Thread:] Successfully processed and published data for 4 modules from file: D:\Programming\XMLProcessor\input\generated_status_215134_25.xml
2025-09-27 21:55:03.049 +03:00 [INF] [Thread:] Processing file: D:\Programming\XMLProcessor\input\generated_status_215134_17.xml
2025-09-27 21:55:03.039 +03:00 [INF] [Thread:] Processing file: D:\Programming\XMLProcessor\input\generated_status_215134_18.xml
2025-09-27 21:55:03.052 +03:00 [INF] [Thread:] Successfully processed and published data for 3 modules from file: D:\Programming\XMLProcessor\input\generated_status_215153_38.xml
2025-09-27 21:55:03.051 +03:00 [INF] [Thread:] File generated_status_215148_24.xml deleted after successful processing.
2025-09-27 21:55:03.061 +03:00 [INF] [Thread:] File generated_status_215153_38.xml deleted after successful processing.
2025-09-27 21:55:03.053 +03:00 [INF] [Thread:] File generated_status_215134_25.xml deleted after successful processing.
2025-09-27 21:55:03.061 +03:00 [WRN] [Thread:] File D:\Programming\XMLProcessor\input\generated_status_215134_15.xml was removed before it could be processed.
2025-09-27 21:55:03.051 +03:00 [INF] [Thread:] Processing file: D:\Programming\XMLProcessor\input\generated_status_215134_16.xml
2025-09-27 21:55:03.005 +03:00 [INF] [Thread:] Processing file: D:\Programming\XMLProcessor\input\generated_status_215134_24.xml
2025-09-27 21:55:03.065 +03:00 [INF] [Thread:] Successfully processed and published data for 3 modules from file: D:\Programming\XMLProcessor\input\generated_status_215153_46.xml
2025-09-27 21:55:03.064 +03:00 [INF] [Thread:] Successfully processed and published data for 2 modules from file: D:\Programming\XMLProcessor\input\generated_status_215148_4.xml
2025-09-27 21:55:03.075 +03:00 [INF] [Thread:] File generated_status_215153_46.xml deleted after successful processing.
2025-09-27 21:55:03.066 +03:00 [INF] [Thread:] Successfully processed and published data for 4 modules from file: D:\Programming\XMLProcessor\input\generated_status_215134_22.xml
2025-09-27 21:55:03.067 +03:00 [INF] [Thread:] Processing file: D:\Programming\XMLProcessor\input\generated_status_215134_13.xml
2025-09-27 21:55:03.064 +03:00 [WRN] [Thread:] File D:\Programming\XMLProcessor\input\generated_status_215134_14.xml was removed before it could be processed.
2025-09-27 21:55:03.079 +03:00 [INF] [Thread:] Successfully processed and published data for 2 modules from file: D:\Programming\XMLProcessor\input\generated_status_215153_43.xml
2025-09-27 21:55:03.078 +03:00 [INF] [Thread:] File generated_status_215148_4.xml deleted after successful processing.
2025-09-27 21:55:03.080 +03:00 [INF] [Thread:] File generated_status_215134_22.xml deleted after successful processing.
2025-09-27 21:55:03.089 +03:00 [INF] [Thread:] Processing file: D:\Programming\XMLProcessor\input\generated_status_215113_1.xml
2025-09-27 21:55:03.087 +03:00 [INF] [Thread:] File generated_status_215153_43.xml deleted after successful processing.
2025-09-27 21:55:03.089 +03:00 [INF] [Thread:] Successfully processed and published data for 2 modules from file: D:\Programming\XMLProcessor\input\generated_status_215153_39.xml
2025-09-27 21:55:03.108 +03:00 [INF] [Thread:] Processing file: D:\Programming\XMLProcessor\input\generated_status_215117_1.xml
2025-09-27 21:55:03.113 +03:00 [INF] [Thread:] File generated_status_215153_39.xml deleted after successful processing.
2025-09-27 21:55:03.116 +03:00 [INF] [Thread:] Successfully processed and published data for 3 modules from file: D:\Programming\XMLProcessor\input\generated_status_215134_23.xml
2025-09-27 21:55:03.121 +03:00 [INF] [Thread:] Successfully processed and published data for 5 modules from file: D:\Programming\XMLProcessor\input\generated_status_215134_49.xml
2025-09-27 21:55:03.123 +03:00 [INF] [Thread:] File generated_status_215134_23.xml deleted after successful processing.
2025-09-27 21:55:03.123 +03:00 [INF] [Thread:] Processing file: D:\Programming\XMLProcessor\input\generated_status_215117_2.xml
2025-09-27 21:55:03.126 +03:00 [INF] [Thread:] File generated_status_215134_49.xml deleted after successful processing.
2025-09-27 21:55:03.128 +03:00 [INF] [Thread:] Successfully processed and published data for 2 modules from file: D:\Programming\XMLProcessor\input\generated_status_215117_2.xml
2025-09-27 21:55:03.131 +03:00 [INF] [Thread:] Successfully processed and published data for 5 modules from file: D:\Programming\XMLProcessor\input\generated_status_215148_18.xml
2025-09-27 21:55:03.089 +03:00 [INF] [Thread:] Successfully processed and published data for 4 modules from file: D:\Programming\XMLProcessor\input\generated_status_215152_18.xml
2025-09-27 21:55:03.089 +03:00 [INF] [Thread:] Processing file: D:\Programming\XMLProcessor\input\generated_status_215113_5.xml
2025-09-27 21:55:03.089 +03:00 [INF] [Thread:] Successfully processed and published data for 5 modules from file: D:\Programming\XMLProcessor\input\generated_status_215152_13.xml
2025-09-27 21:55:03.133 +03:00 [INF] [Thread:] File generated_status_215117_2.xml deleted after successful processing.
2025-09-27 21:55:03.132 +03:00 [INF] [Thread:] Successfully processed and published data for 2 modules from file: D:\Programming\XMLProcessor\input\generated_status_215152_10.xml
2025-09-27 21:55:03.134 +03:00 [INF] [Thread:] File generated_status_215148_18.xml deleted after successful processing.
2025-09-27 21:55:03.155 +03:00 [INF] [Thread:] File generated_status_215152_10.xml deleted after successful processing.
2025-09-27 21:55:03.137 +03:00 [INF] [Thread:] File generated_status_215152_18.xml deleted after successful processing.
2025-09-27 21:55:03.139 +03:00 [INF] [Thread:] Successfully processed and published data for 2 modules from file: D:\Programming\XMLProcessor\input\generated_status_215133_3.xml
2025-09-27 21:55:03.139 +03:00 [INF] [Thread:] File generated_status_215152_13.xml deleted after successful processing.
2025-09-27 21:55:03.111 +03:00 [INF] [Thread:] Successfully processed and published data for 2 modules from file: D:\Programming\XMLProcessor\input\generated_status_215148_23.xml
2025-09-27 21:55:03.089 +03:00 [INF] [Thread:] Successfully processed and published data for 4 modules from file: D:\Programming\XMLProcessor\input\generated_status_215152_16.xml
2025-09-27 21:55:03.089 +03:00 [INF] [Thread:] Successfully processed and published data for 2 modules from file: D:\Programming\XMLProcessor\input\generated_status_215152_12.xml
2025-09-27 21:55:03.089 +03:00 [INF] [Thread:] Processing file: D:\Programming\XMLProcessor\input\generated_status_215113_3.xml
2025-09-27 21:55:03.089 +03:00 [INF] [Thread:] Successfully processed and published data for 4 modules from file: D:\Programming\XMLProcessor\input\generated_status_215113_1.xml
2025-09-27 21:55:03.157 +03:00 [INF] [Thread:] Successfully processed and published data for 2 modules from file: D:\Programming\XMLProcessor\input\generated_status_215117_2.xml
2025-09-27 21:55:03.159 +03:00 [INF] [Thread:] Successfully processed and published data for 2 modules from file: D:\Programming\XMLProcessor\input\generated_status_215149_48.xml
2025-09-27 21:55:03.157 +03:00 [INF] [Thread:] Successfully processed and published data for 2 modules from file: D:\Programming\XMLProcessor\input\generated_status_215119_3.xml
2025-09-27 21:55:03.160 +03:00 [INF] [Thread:] Successfully processed and published data for 2 modules from file: D:\Programming\XMLProcessor\input\generated_status_215152_15.xml
2025-09-27 21:55:03.162 +03:00 [INF] [Thread:] File generated_status_215133_3.xml deleted after successful processing.
2025-09-27 21:55:03.163 +03:00 [INF] [Thread:] Successfully processed and published data for 4 modules from file: D:\Programming\XMLProcessor\input\generated_status_215152_29.xml
2025-09-27 21:55:03.165 +03:00 [INF] [Thread:] File generated_status_215148_23.xml deleted after successful processing.
2025-09-27 21:55:03.166 +03:00 [INF] [Thread:] File generated_status_215152_16.xml deleted after successful processing.
2025-09-27 21:55:03.173 +03:00 [INF] [Thread:] File generated_status_215117_2.xml deleted after successful processing.
2025-09-27 21:55:03.175 +03:00 [INF] [Thread:] File generated_status_215149_48.xml deleted after successful processing.
2025-09-27 21:55:03.176 +03:00 [INF] [Thread:] File generated_status_215119_3.xml deleted after successful processing.
2025-09-27 21:55:03.185 +03:00 [INF] [Thread:] Successfully processed and published data for 5 modules from file: D:\Programming\XMLProcessor\input\generated_status_215117_1.xml
2025-09-27 21:55:03.178 +03:00 [INF] [Thread:] File generated_status_215152_15.xml deleted after successful processing.
2025-09-27 21:55:03.179 +03:00 [INF] [Thread:] Successfully processed and published data for 3 modules from file: D:\Programming\XMLProcessor\input\generated_status_215152_3.xml
2025-09-27 21:55:03.180 +03:00 [INF] [Thread:] File generated_status_215152_29.xml deleted after successful processing.
2025-09-27 21:55:03.183 +03:00 [INF] [Thread:] Successfully processed and published data for 3 modules from file: D:\Programming\XMLProcessor\input\generated_status_215152_11.xml
2025-09-27 21:55:03.183 +03:00 [INF] [Thread:] Successfully processed and published data for 2 modules from file: D:\Programming\XMLProcessor\input\generated_status_215149_45.xml
2025-09-27 21:55:03.169 +03:00 [INF] [Thread:] File generated_status_215152_12.xml deleted after successful processing.
2025-09-27 21:55:03.171 +03:00 [INF] [Thread:] Successfully processed and published data for 5 modules from file: D:\Programming\XMLProcessor\input\generated_status_215113_5.xml
2025-09-27 21:55:03.172 +03:00 [INF] [Thread:] File generated_status_215113_1.xml deleted after successful processing.
2025-09-27 21:55:03.089 +03:00 [INF] [Thread:] Successfully processed and published data for 2 modules from file: D:\Programming\XMLProcessor\input\generated_status_215153_50.xml
2025-09-27 21:55:03.128 +03:00 [INF] [Thread:] Successfully processed and published data for 5 modules from file: D:\Programming\XMLProcessor\input\generated_status_215152_5.xml
2025-09-27 21:55:03.089 +03:00 [INF] [Thread:] Successfully processed and published data for 2 modules from file: D:\Programming\XMLProcessor\input\generated_status_215134_16.xml
2025-09-27 21:55:03.089 +03:00 [INF] [Thread:] Successfully processed and published data for 4 modules from file: D:\Programming\XMLProcessor\input\generated_status_215134_28.xml
2025-09-27 21:55:03.089 +03:00 [INF] [Thread:] Processing file: D:\Programming\XMLProcessor\input\generated_status_215133_5.xml
2025-09-27 21:55:03.089 +03:00 [INF] [Thread:] Processing file: D:\Programming\XMLProcessor\input\generated_status_215133_6.xml
2025-09-27 21:55:03.189 +03:00 [INF] [Thread:] File generated_status_215117_1.xml deleted after successful processing.
2025-09-27 21:55:03.186 +03:00 [INF] [Thread:] Successfully processed and published data for 2 modules from file: D:\Programming\XMLProcessor\input\generated_status_215113_3.xml
2025-09-27 21:55:03.209 +03:00 [INF] [Thread:] Successfully processed and published data for 4 modules from file: D:\Programming\XMLProcessor\input\generated_status_215113_1.xml
2025-09-27 21:55:03.187 +03:00 [INF] [Thread:] Successfully processed and published data for 2 modules from file: D:\Programming\XMLProcessor\input\generated_status_215153_41.xml
2025-09-27 21:55:03.189 +03:00 [INF] [Thread:] Successfully processed and published data for 2 modules from file: D:\Programming\XMLProcessor\input\generated_status_215149_42.xml
2025-09-27 21:55:03.191 +03:00 [INF] [Thread:] File generated_status_215152_3.xml deleted after successful processing.
2025-09-27 21:55:03.191 +03:00 [INF] [Thread:] Successfully processed and published data for 4 modules from file: D:\Programming\XMLProcessor\input\generated_status_215149_47.xml
2025-09-27 21:55:03.193 +03:00 [INF] [Thread:] File generated_status_215152_11.xml deleted after successful processing.
2025-09-27 21:55:03.194 +03:00 [INF] [Thread:] File generated_status_215149_45.xml deleted after successful processing.
2025-09-27 21:55:03.195 +03:00 [INF] [Thread:] Processing file: D:\Programming\XMLProcessor\input\generated_status_215117_3.xml
2025-09-27 21:55:03.197 +03:00 [INF] [Thread:] File generated_status_215113_5.xml deleted after successful processing.
2025-09-27 21:55:03.212 +03:00 [INF] [Thread:] File generated_status_215113_1.xml deleted after successful processing.
2025-09-27 21:55:03.211 +03:00 [INF] [Thread:] File generated_status_215113_3.xml deleted after successful processing.
2025-09-27 21:55:03.214 +03:00 [INF] [Thread:] File generated_status_215153_41.xml deleted after successful processing.
2025-09-27 21:55:03.216 +03:00 [INF] [Thread:] File generated_status_215149_42.xml deleted after successful processing.
2025-09-27 21:55:03.216 +03:00 [INF] [Thread:] Successfully processed and published data for 5 modules from file: D:\Programming\XMLProcessor\input\generated_status_215134_49.xml
2025-09-27 21:55:03.218 +03:00 [INF] [Thread:] File generated_status_215149_47.xml deleted after successful processing.
2025-09-27 21:55:03.219 +03:00 [INF] [Thread:] Successfully processed and published data for 5 modules from file: D:\Programming\XMLProcessor\input\generated_status_215152_34.xml
2025-09-27 21:55:03.225 +03:00 [INF] [Thread:] Successfully processed and published data for 5 modules from file: D:\Programming\XMLProcessor\input\generated_status_215134_13.xml
2025-09-27 21:55:03.227 +03:00 [INF] [Thread:] Successfully processed and published data for 4 modules from file: D:\Programming\XMLProcessor\input\generated_status_215134_50.xml
2025-09-27 21:55:03.228 +03:00 [INF] [Thread:] Successfully processed and published data for 5 modules from file: D:\Programming\XMLProcessor\input\generated_status_215134_18.xml
2025-09-27 21:55:03.229 +03:00 [INF] [Thread:] Successfully processed and published data for 2 modules from file: D:\Programming\XMLProcessor\input\generated_status_215113_3.xml
2025-09-27 21:55:03.231 +03:00 [INF] [Thread:] File generated_status_215134_49.xml deleted after successful processing.
2025-09-27 21:55:03.220 +03:00 [INF] [Thread:] Successfully processed and published data for 5 modules from file: D:\Programming\XMLProcessor\input\generated_status_215153_47.xml
2025-09-27 21:55:03.225 +03:00 [INF] [Thread:] Processing file: D:\Programming\XMLProcessor\input\generated_status_215119_1.xml
2025-09-27 21:55:03.223 +03:00 [INF] [Thread:] Successfully processed and published data for 3 modules from file: D:\Programming\XMLProcessor\input\generated_status_215149_44.xml
2025-09-27 21:55:03.235 +03:00 [INF] [Thread:] File generated_status_215134_13.xml deleted after successful processing.
2025-09-27 21:55:03.237 +03:00 [INF] [Thread:] File generated_status_215134_50.xml deleted after successful processing.
2025-09-27 21:55:03.238 +03:00 [INF] [Thread:] File generated_status_215134_18.xml deleted after successful processing.
2025-09-27 21:55:03.247 +03:00 [INF] [Thread:] Successfully processed and published data for 3 modules from file: D:\Programming\XMLProcessor\input\generated_status_215134_24.xml
2025-09-27 21:55:03.239 +03:00 [INF] [Thread:] File generated_status_215113_3.xml deleted after successful processing.
2025-09-27 21:55:03.241 +03:00 [INF] [Thread:] Successfully processed and published data for 3 modules from file: D:\Programming\XMLProcessor\input\generated_status_215133_2.xml
2025-09-27 21:55:03.232 +03:00 [INF] [Thread:] Successfully processed and published data for 2 modules from file: D:\Programming\XMLProcessor\input\generated_status_215133_6.xml
2025-09-27 21:55:03.234 +03:00 [INF] [Thread:] File generated_status_215152_34.xml deleted after successful processing.
2025-09-27 21:55:03.242 +03:00 [INF] [Thread:] File generated_status_215153_47.xml deleted after successful processing.
2025-09-27 21:55:03.252 +03:00 [INF] [Thread:] File generated_status_215134_24.xml deleted after successful processing.
2025-09-27 21:55:03.251 +03:00 [INF] [Thread:] Successfully processed and published data for 4 modules from file: D:\Programming\XMLProcessor\input\generated_status_215153_45.xml
2025-09-27 21:55:03.250 +03:00 [INF] [Thread:] Successfully processed and published data for 5 modules from file: D:\Programming\XMLProcessor\input\generated_status_215134_46.xml
2025-09-27 21:55:03.253 +03:00 [INF] [Thread:] Processing file: D:\Programming\XMLProcessor\input\generated_status_215119_2.xml
2025-09-27 21:55:03.254 +03:00 [INF] [Thread:] File generated_status_215133_2.xml deleted after successful processing.
2025-09-27 21:55:03.260 +03:00 [INF] [Thread:] Successfully processed and published data for 2 modules from file: D:\Programming\XMLProcessor\input\generated_status_215134_16.xml
2025-09-27 21:55:03.261 +03:00 [INF] [Thread:] File generated_status_215153_45.xml deleted after successful processing.
2025-09-27 21:55:03.263 +03:00 [INF] [Thread:] File generated_status_215134_46.xml deleted after successful processing.
2025-09-27 21:55:03.265 +03:00 [INF] [Thread:] Successfully processed and published data for 5 modules from file: D:\Programming\XMLProcessor\input\generated_status_215152_30.xml
2025-09-27 21:55:03.256 +03:00 [INF] [Thread:] File generated_status_215133_6.xml deleted after successful processing.
2025-09-27 21:55:03.257 +03:00 [INF] [Thread:] Successfully processed and published data for 3 modules from file: D:\Programming\XMLProcessor\input\generated_status_215119_1.xml
2025-09-27 21:55:03.267 +03:00 [INF] [Thread:] File generated_status_215134_16.xml deleted after successful processing.
2025-09-27 21:55:03.268 +03:00 [INF] [Thread:] Successfully processed and published data for 4 modules from file: D:\Programming\XMLProcessor\input\generated_status_215153_45.xml
2025-09-27 21:55:03.269 +03:00 [INF] [Thread:] Successfully processed and published data for 4 modules from file: D:\Programming\XMLProcessor\input\generated_status_215134_37.xml
2025-09-27 21:55:03.267 +03:00 [INF] [Thread:] Successfully processed and published data for 4 modules from file: D:\Programming\XMLProcessor\input\generated_status_215149_49.xml
2025-09-27 21:55:03.271 +03:00 [INF] [Thread:] File generated_status_215152_30.xml deleted after successful processing.
2025-09-27 21:55:03.258 +03:00 [INF] [Thread:] Successfully processed and published data for 3 modules from file: D:\Programming\XMLProcessor\input\generated_status_215148_10.xml
2025-09-27 21:55:03.245 +03:00 [INF] [Thread:] Successfully processed and published data for 4 modules from file: D:\Programming\XMLProcessor\input\generated_status_215117_3.xml
2025-09-27 21:55:03.246 +03:00 [INF] [Thread:] File generated_status_215149_44.xml deleted after successful processing.
2025-09-27 21:55:03.198 +03:00 [INF] [Thread:] Processing file: D:\Programming\XMLProcessor\input\generated_status_215117_4.xml
2025-09-27 21:55:03.199 +03:00 [INF] [Thread:] File generated_status_215153_50.xml deleted after successful processing.
2025-09-27 21:55:03.275 +03:00 [INF] [Thread:] Successfully processed and published data for 5 modules from file: D:\Programming\XMLProcessor\input\generated_status_215134_18.xml
2025-09-27 21:55:03.277 +03:00 [INF] [Thread:] File generated_status_215153_45.xml deleted after successful processing.
2025-09-27 21:55:03.278 +03:00 [INF] [Thread:] File generated_status_215134_37.xml deleted after successful processing.
2025-09-27 21:55:03.289 +03:00 [INF] [Thread:] File generated_status_215134_18.xml deleted after successful processing.
2025-09-27 21:55:03.280 +03:00 [INF] [Thread:] File generated_status_215149_49.xml deleted after successful processing.
2025-09-27 21:55:03.280 +03:00 [INF] [Thread:] Successfully processed and published data for 4 modules from file: D:\Programming\XMLProcessor\input\generated_status_215133_4.xml
2025-09-27 21:55:03.272 +03:00 [INF] [Thread:] Successfully processed and published data for 5 modules from file: D:\Programming\XMLProcessor\input\generated_status_215119_2.xml
2025-09-27 21:55:03.274 +03:00 [INF] [Thread:] File generated_status_215119_1.xml deleted after successful processing.
2025-09-27 21:55:03.282 +03:00 [INF] [Thread:] File generated_status_215148_10.xml deleted after successful processing.
2025-09-27 21:55:03.284 +03:00 [INF] [Thread:] File generated_status_215117_3.xml deleted after successful processing.
2025-09-27 21:55:03.285 +03:00 [INF] [Thread:] Successfully processed and published data for 2 modules from file: D:\Programming\XMLProcessor\input\generated_status_215153_41.xml
2025-09-27 21:55:03.289 +03:00 [INF] [Thread:] Processing file: D:\Programming\XMLProcessor\input\generated_status_215119_4.xml
2025-09-27 21:55:03.287 +03:00 [WRN] [Thread:] File D:\Programming\XMLProcessor\input\generated_status_215119_3.xml was removed before it could be processed.
2025-09-27 21:55:03.293 +03:00 [INF] [Thread:] Successfully processed and published data for 2 modules from file: D:\Programming\XMLProcessor\input\generated_status_215134_17.xml
2025-09-27 21:55:03.291 +03:00 [INF] [Thread:] Successfully processed and published data for 3 modules from file: D:\Programming\XMLProcessor\input\generated_status_215117_4.xml
2025-09-27 21:55:03.292 +03:00 [INF] [Thread:] Successfully processed and published data for 5 modules from file: D:\Programming\XMLProcessor\input\generated_status_215134_47.xml
2025-09-27 21:55:03.294 +03:00 [INF] [Thread:] Processing file: D:\Programming\XMLProcessor\input\generated_status_215119_5.xml
2025-09-27 21:55:03.296 +03:00 [INF] [Thread:] File generated_status_215133_4.xml deleted after successful processing.
2025-09-27 21:55:03.309 +03:00 [INF] [Thread:] File generated_status_215134_17.xml deleted after successful processing.
2025-09-27 21:55:03.311 +03:00 [INF] [Thread:] File generated_status_215117_4.xml deleted after successful processing.
2025-09-27 21:55:03.313 +03:00 [INF] [Thread:] File generated_status_215134_47.xml deleted after successful processing.
2025-09-27 21:55:03.317 +03:00 [INF] [Thread:] Successfully processed and published data for 4 modules from file: D:\Programming\XMLProcessor\input\generated_status_215134_20.xml
2025-09-27 21:55:03.315 +03:00 [INF] [Thread:] Successfully processed and published data for 4 modules from file: D:\Programming\XMLProcessor\input\generated_status_215119_4.xml
2025-09-27 21:55:03.316 +03:00 [INF] [Thread:] Successfully processed and published data for 4 modules from file: D:\Programming\XMLProcessor\input\generated_status_215152_28.xml
2025-09-27 21:55:03.298 +03:00 [INF] [Thread:] File generated_status_215119_2.xml deleted after successful processing.
2025-09-27 21:55:03.299 +03:00 [INF] [Thread:] Processing file: D:\Programming\XMLProcessor\input\generated_status_215127_1.xml
2025-09-27 21:55:03.300 +03:00 [INF] [Thread:] Successfully processed and published data for 2 modules from file: D:\Programming\XMLProcessor\input\generated_status_215113_2.xml
2025-09-27 21:55:03.321 +03:00 [INF] [Thread:] File generated_status_215134_20.xml deleted after successful processing.
2025-09-27 21:55:03.320 +03:00 [INF] [Thread:] Successfully processed and published data for 4 modules from file: D:\Programming\XMLProcessor\input\generated_status_215148_19.xml
2025-09-27 21:55:03.320 +03:00 [INF] [Thread:] Successfully processed and published data for 3 modules from file: D:\Programming\XMLProcessor\input\generated_status_215133_9.xml
2025-09-27 21:55:03.323 +03:00 [INF] [Thread:] File generated_status_215119_4.xml deleted after successful processing.
2025-09-27 21:55:03.325 +03:00 [INF] [Thread:] File generated_status_215152_28.xml deleted after successful processing.
2025-09-27 21:55:03.326 +03:00 [INF] [Thread:] Processing file: D:\Programming\XMLProcessor\input\generated_status_215127_2.xml
2025-09-27 21:55:03.329 +03:00 [INF] [Thread:] File generated_status_215113_2.xml deleted after successful processing.
2025-09-27 21:55:03.331 +03:00 [INF] [Thread:] Successfully processed and published data for 3 modules from file: D:\Programming\XMLProcessor\input\generated_status_215134_19.xml
2025-09-27 21:55:03.333 +03:00 [INF] [Thread:] File generated_status_215148_19.xml deleted after successful processing.
2025-09-27 21:55:03.334 +03:00 [INF] [Thread:] File generated_status_215133_9.xml deleted after successful processing.
2025-09-27 21:55:03.342 +03:00 [INF] [Thread:] File generated_status_215134_19.xml deleted after successful processing.
2025-09-27 21:55:03.335 +03:00 [INF] [Thread:] Successfully processed and published data for 5 modules from file: D:\Programming\XMLProcessor\input\generated_status_215149_41.xml
2025-09-27 21:55:03.336 +03:00 [INF] [Thread:] Successfully processed and published data for 4 modules from file: D:\Programming\XMLProcessor\input\generated_status_215127_5.xml
2025-09-27 21:55:03.341 +03:00 [INF] [Thread:] Successfully processed and published data for 3 modules from file: D:\Programming\XMLProcessor\input\generated_status_215119_5.xml
2025-09-27 21:55:03.331 +03:00 [INF] [Thread:] Successfully processed and published data for 5 modules from file: D:\Programming\XMLProcessor\input\generated_status_215152_26.xml
2025-09-27 21:55:03.339 +03:00 [INF] [Thread:] Successfully processed and published data for 2 modules from file: D:\Programming\XMLProcessor\input\generated_status_215149_43.xml
2025-09-27 21:55:03.301 +03:00 [INF] [Thread:] Successfully processed and published data for 4 modules from file: D:\Programming\XMLProcessor\input\generated_status_215152_25.xml
2025-09-27 21:55:03.303 +03:00 [INF] [Thread:] File generated_status_215153_41.xml deleted after successful processing.
2025-09-27 21:55:03.307 +03:00 [INF] [Thread:] Successfully processed and published data for 4 modules from file: D:\Programming\XMLProcessor\input\generated_status_215152_1.xml
2025-09-27 21:55:03.306 +03:00 [INF] [Thread:] Successfully processed and published data for 5 modules from file: D:\Programming\XMLProcessor\input\generated_status_215134_48.xml
2025-09-27 21:55:03.200 +03:00 [INF] [Thread:] File generated_status_215152_5.xml deleted after successful processing.
2025-09-27 21:55:03.202 +03:00 [INF] [Thread:] File generated_status_215134_16.xml deleted after successful processing.
2025-09-27 21:55:03.345 +03:00 [INF] [Thread:] Successfully processed and published data for 4 modules from file: D:\Programming\XMLProcessor\input\generated_status_215134_25.xml
2025-09-27 21:55:03.343 +03:00 [INF] [Thread:] Successfully processed and published data for 2 modules from file: D:\Programming\XMLProcessor\input\generated_status_215127_1.xml
2025-09-27 21:55:03.344 +03:00 [INF] [Thread:] Successfully processed and published data for 2 modules from file: D:\Programming\XMLProcessor\input\generated_status_215133_1.xml
2025-09-27 21:55:03.347 +03:00 [INF] [Thread:] File generated_status_215149_41.xml deleted after successful processing.
2025-09-27 21:55:03.348 +03:00 [INF] [Thread:] File generated_status_215127_5.xml deleted after successful processing.
2025-09-27 21:55:03.349 +03:00 [INF] [Thread:] File generated_status_215119_5.xml deleted after successful processing.
2025-09-27 21:55:03.351 +03:00 [INF] [Thread:] File generated_status_215152_26.xml deleted after successful processing.
2025-09-27 21:55:03.352 +03:00 [INF] [Thread:] File generated_status_215149_43.xml deleted after successful processing.
2025-09-27 21:55:03.354 +03:00 [INF] [Thread:] File generated_status_215152_25.xml deleted after successful processing.
2025-09-27 21:55:03.355 +03:00 [INF] [Thread:] Successfully processed and published data for 5 modules from file: D:\Programming\XMLProcessor\input\generated_status_215152_13.xml
2025-09-27 21:55:03.356 +03:00 [INF] [Thread:] File generated_status_215152_1.xml deleted after successful processing.
2025-09-27 21:55:03.358 +03:00 [INF] [Thread:] File generated_status_215134_48.xml deleted after successful processing.
2025-09-27 21:55:03.204 +03:00 [INF] [Thread:] File generated_status_215134_28.xml deleted after successful processing.
2025-09-27 21:55:03.208 +03:00 [INF] [Thread:] Successfully processed and published data for 4 modules from file: D:\Programming\XMLProcessor\input\generated_status_215149_46.xml
2025-09-27 21:55:03.210 +03:00 [INF] [Thread:] Successfully processed and published data for 5 modules from file: D:\Programming\XMLProcessor\input\generated_status_215133_5.xml
2025-09-27 21:55:03.089 +03:00 [INF] [Thread:] Processing file: D:\Programming\XMLProcessor\input\generated_status_215133_7.xml
2025-09-27 21:55:03.088 +03:00 [INF] [Thread:] Successfully processed and published data for 5 modules from file: D:\Programming\XMLProcessor\input\generated_status_215134_21.xml
2025-09-27 21:55:03.361 +03:00 [INF] [Thread:] File generated_status_215134_25.xml deleted after successful processing.
2025-09-27 21:55:03.363 +03:00 [INF] [Thread:] File generated_status_215127_1.xml deleted after successful processing.
2025-09-27 21:55:03.365 +03:00 [INF] [Thread:] File generated_status_215133_1.xml deleted after successful processing.
2025-09-27 21:55:03.390 +03:00 [INF] [Thread:] Successfully processed and published data for 5 modules from file: D:\Programming\XMLProcessor\input\generated_status_215134_21.xml
2025-09-27 21:55:03.366 +03:00 [INF] [Thread:] Successfully processed and published data for 3 modules from file: D:\Programming\XMLProcessor\input\generated_status_215148_21.xml
2025-09-27 21:55:03.368 +03:00 [INF] [Thread:] Successfully processed and published data for 5 modules from file: D:\Programming\XMLProcessor\input\generated_status_215152_32.xml
2025-09-27 21:55:03.369 +03:00 [INF] [Thread:] Processing file: D:\Programming\XMLProcessor\input\generated_status_215127_4.xml
2025-09-27 21:55:03.371 +03:00 [INF] [Thread:] Successfully processed and published data for 2 modules from file: D:\Programming\XMLProcessor\input\generated_status_215148_17.xml
2025-09-27 21:55:03.395 +03:00 [INF] [Thread:] File generated_status_215134_21.xml deleted after successful processing.
2025-09-27 21:55:03.393 +03:00 [INF] [Thread:] Successfully processed and published data for 5 modules from file: D:\Programming\XMLProcessor\input\generated_status_215133_7.xml
2025-09-27 21:55:03.394 +03:00 [INF] [Thread:] Successfully processed and published data for 4 modules from file: D:\Programming\XMLProcessor\input\generated_status_215127_5.xml
2025-09-27 21:55:03.397 +03:00 [INF] [Thread:] File generated_status_215148_21.xml deleted after successful processing.
2025-09-27 21:55:03.398 +03:00 [INF] [Thread:] File generated_status_215152_32.xml deleted after successful processing.
2025-09-27 21:55:03.372 +03:00 [INF] [Thread:] Successfully processed and published data for 5 modules from file: D:\Programming\XMLProcessor\input\generated_status_215117_1.xml
2025-09-27 21:55:03.373 +03:00 [INF] [Thread:] Successfully processed and published data for 3 modules from file: D:\Programming\XMLProcessor\input\generated_status_215134_24.xml
2025-09-27 21:55:03.375 +03:00 [INF] [Thread:] File generated_status_215152_13.xml deleted after successful processing.
2025-09-27 21:55:03.377 +03:00 [INF] [Thread:] Successfully processed and published data for 3 modules from file: D:\Programming\XMLProcessor\input\generated_status_215149_37.xml
2025-09-27 21:55:03.405 +03:00 [INF] [Thread:] Successfully processed and published data for 5 modules from file: D:\Programming\XMLProcessor\input\generated_status_215134_26.xml
2025-09-27 21:55:03.406 +03:00 [INF] [Thread:] File generated_status_215133_7.xml deleted after successful processing.
2025-09-27 21:55:03.407 +03:00 [INF] [Thread:] File generated_status_215127_5.xml deleted after successful processing.
2025-09-27 21:55:03.408 +03:00 [WRN] [Thread:] File D:\Programming\XMLProcessor\input\generated_status_215133_1.xml was removed before it could be processed.
2025-09-27 21:55:03.410 +03:00 [INF] [Thread:] Successfully processed and published data for 2 modules from file: D:\Programming\XMLProcessor\input\generated_status_215133_10.xml
2025-09-27 21:55:03.403 +03:00 [INF] [Thread:] Successfully processed and published data for 5 modules from file: D:\Programming\XMLProcessor\input\generated_status_215149_38.xml
2025-09-27 21:55:03.403 +03:00 [INF] [Thread:] File generated_status_215148_17.xml deleted after successful processing.
2025-09-27 21:55:03.411 +03:00 [INF] [Thread:] File generated_status_215117_1.xml deleted after successful processing.
2025-09-27 21:55:03.413 +03:00 [INF] [Thread:] File generated_status_215134_24.xml deleted after successful processing.
2025-09-27 21:55:03.378 +03:00 [INF] [Thread:] Successfully processed and published data for 3 modules from file: D:\Programming\XMLProcessor\input\generated_status_215149_36.xml
2025-09-27 21:55:03.359 +03:00 [INF] [Thread:] Successfully processed and published data for 5 modules from file: D:\Programming\XMLProcessor\input\generated_status_215127_2.xml
2025-09-27 21:55:03.360 +03:00 [INF] [Thread:] Successfully processed and published data for 5 modules from file: D:\Programming\XMLProcessor\input\generated_status_215153_42.xml
2025-09-27 21:55:03.379 +03:00 [WRN] [Thread:] File D:\Programming\XMLProcessor\input\generated_status_215127_5.xml was removed before it could be processed.
2025-09-27 21:55:03.382 +03:00 [INF] [Thread:] File generated_status_215149_46.xml deleted after successful processing.
2025-09-27 21:55:03.383 +03:00 [INF] [Thread:] File generated_status_215133_5.xml deleted after successful processing.
2025-09-27 21:55:03.388 +03:00 [INF] [Thread:] Successfully processed and published data for 4 modules from file: D:\Programming\XMLProcessor\input\generated_status_215113_1.xml
2025-09-27 21:55:03.388 +03:00 [INF] [Thread:] File generated_status_215134_21.xml deleted after successful processing.
2025-09-27 21:55:03.091 +03:00 [INF] [Thread:] Successfully processed and published data for 4 modules from file: D:\Programming\XMLProcessor\input\generated_status_215134_20.xml
2025-09-27 21:55:03.086 +03:00 [INF] [Thread:] Processing file: D:\Programming\XMLProcessor\input\generated_status_215133_8.xml
2025-09-27 21:55:03.077 +03:00 [WRN] [Thread:] File D:\Programming\XMLProcessor\input\generated_status_215134_11.xml was removed before it could be processed.
2025-09-27 21:55:03.419 +03:00 [INF] [Thread:] File generated_status_215134_26.xml deleted after successful processing.
2025-09-27 21:55:03.421 +03:00 [INF] [Thread:] Successfully processed and published data for 5 modules from file: D:\Programming\XMLProcessor\input\generated_status_215149_40.xml
2025-09-27 21:55:03.422 +03:00 [INF] [Thread:] Successfully processed and published data for 5 modules from file: D:\Programming\XMLProcessor\input\generated_status_215127_4.xml
2025-09-27 21:55:03.423 +03:00 [INF] [Thread:] Successfully processed and published data for 5 modules from file: D:\Programming\XMLProcessor\input\generated_status_215149_39.xml
2025-09-27 21:55:03.424 +03:00 [INF] [Thread:] File generated_status_215133_10.xml deleted after successful processing.
2025-09-27 21:55:03.426 +03:00 [INF] [Thread:] File generated_status_215149_38.xml deleted after successful processing.
2025-09-27 21:55:03.427 +03:00 [INF] [Thread:] Successfully processed and published data for 3 modules from file: D:\Programming\XMLProcessor\input\generated_status_215149_34.xml
2025-09-27 21:55:03.429 +03:00 [INF] [Thread:] Successfully processed and published data for 5 modules from file: D:\Programming\XMLProcessor\input\generated_status_215149_35.xml
2025-09-27 21:55:03.430 +03:00 [INF] [Thread:] Successfully processed and published data for 2 modules from file: D:\Programming\XMLProcessor\input\generated_status_215149_30.xml
2025-09-27 21:55:03.415 +03:00 [INF] [Thread:] Successfully processed and published data for 5 modules from file: D:\Programming\XMLProcessor\input\generated_status_215127_4.xml
2025-09-27 21:55:03.417 +03:00 [INF] [Thread:] File generated_status_215149_37.xml deleted after successful processing.
2025-09-27 21:55:03.433 +03:00 [INF] [Thread:] File generated_status_215149_36.xml deleted after successful processing.
2025-09-27 21:55:03.435 +03:00 [INF] [Thread:] File generated_status_215127_2.xml deleted after successful processing.
2025-09-27 21:55:03.437 +03:00 [INF] [Thread:] File generated_status_215153_42.xml deleted after successful processing.
2025-09-27 21:55:03.438 +03:00 [INF] [Thread:] Successfully processed and published data for 2 modules from file: D:\Programming\XMLProcessor\input\generated_status_215153_43.xml
2025-09-27 21:55:03.440 +03:00 [INF] [Thread:] Successfully processed and published data for 2 modules from file: D:\Programming\XMLProcessor\input\generated_status_215153_40.xml
2025-09-27 21:55:03.441 +03:00 [WRN] [Thread:] File D:\Programming\XMLProcessor\input\generated_status_215133_2.xml was removed before it could be processed.
2025-09-27 21:55:03.443 +03:00 [INF] [Thread:] File generated_status_215113_1.xml deleted after successful processing.
2025-09-27 21:55:03.445 +03:00 [INF] [Thread:] Successfully processed and published data for 2 modules from file: D:\Programming\XMLProcessor\input\generated_status_215149_50.xml
2025-09-27 21:55:03.449 +03:00 [INF] [Thread:] File generated_status_215134_20.xml deleted after successful processing.
2025-09-27 21:55:03.453 +03:00 [WRN] [Thread:] File D:\Programming\XMLProcessor\input\generated_status_215133_3.xml was removed before it could be processed.
2025-09-27 21:55:03.084 +03:00 [INF] [Thread:] Processing file: D:\Programming\XMLProcessor\input\generated_status_215133_9.xml
2025-09-27 21:55:03.075 +03:00 [INF] [Thread:] Processing file: D:\Programming\XMLProcessor\input\generated_status_215134_12.xml
2025-09-27 21:55:03.455 +03:00 [INF] [Thread:] Successfully processed and published data for 4 modules from file: D:\Programming\XMLProcessor\input\generated_status_215134_27.xml
2025-09-27 21:55:03.458 +03:00 [INF] [Thread:] File generated_status_215149_40.xml deleted after successful processing.
2025-09-27 21:55:03.460 +03:00 [INF] [Thread:] File generated_status_215127_4.xml deleted after successful processing.
2025-09-27 21:55:03.462 +03:00 [INF] [Thread:] File generated_status_215149_39.xml deleted after successful processing.
2025-09-27 21:55:03.467 +03:00 [INF] [Thread:] File generated_status_215149_34.xml deleted after successful processing.
2025-09-27 21:55:03.468 +03:00 [INF] [Thread:] File generated_status_215149_35.xml deleted after successful processing.
2025-09-27 21:55:03.471 +03:00 [INF] [Thread:] File generated_status_215149_30.xml deleted after successful processing.
2025-09-27 21:55:03.472 +03:00 [INF] [Thread:] File generated_status_215127_4.xml deleted after successful processing.
2025-09-27 21:55:03.478 +03:00 [INF] [Thread:] File generated_status_215153_43.xml deleted after successful processing.
2025-09-27 21:55:03.480 +03:00 [INF] [Thread:] File generated_status_215153_40.xml deleted after successful processing.
2025-09-27 21:55:03.509 +03:00 [INF] [Thread:] File generated_status_215134_27.xml deleted after successful processing.
2025-09-27 21:55:03.520 +03:00 [INF] [Thread:] Successfully processed and published data for 4 modules from file: D:\Programming\XMLProcessor\input\generated_status_215133_8.xml
2025-09-27 21:55:03.483 +03:00 [INF] [Thread:] File generated_status_215149_50.xml deleted after successful processing.
2025-09-27 21:55:03.455 +03:00 [WRN] [Thread:] File D:\Programming\XMLProcessor\input\generated_status_215133_4.xml was removed before it could be processed.
2025-09-27 21:55:03.508 +03:00 [ERR] [Thread:] An error occurred while processing file D:\Programming\XMLProcessor\input\generated_status_215133_9.xml.
System.IO.FileNotFoundException: Could not find file 'D:\Programming\XMLProcessor\input\generated_status_215133_9.xml'.
File name: 'D:\Programming\XMLProcessor\input\generated_status_215133_9.xml'
   at Microsoft.Win32.SafeHandles.SafeFileHandle.CreateFile(String fullPath, FileMode mode, FileAccess access, FileShare share, FileOptions options)
   at Microsoft.Win32.SafeHandles.SafeFileHandle.Open(String fullPath, FileMode mode, FileAccess access, FileShare share, FileOptions options, Int64 preallocationSize, Nullable`1 unixCreateMode)
   at System.IO.Strategies.OSFileStreamStrategy..ctor(String path, FileMode mode, FileAccess access, FileShare share, FileOptions options, Int64 preallocationSize, Nullable`1 unixCreateMode)
   at System.IO.Strategies.FileStreamHelpers.ChooseStrategyCore(String path, FileMode mode, FileAccess access, FileShare share, FileOptions options, Int64 preallocationSize, Nullable`1 unixCreateMode)
   at System.IO.FileStream..ctor(String path, FileMode mode, FileAccess access, FileShare share, Int32 bufferSize, FileOptions options, Int64 preallocationSize)
   at System.IO.File.AsyncStreamReader(String path, Encoding encoding)
   at System.IO.File.InternalReadAllTextAsync(String path, Encoding encoding, CancellationToken cancellationToken)
   at FileParserService.Services.FileProcessorService.ProcessFileAsync(String filePath) in D:\Programming\XMLProcessor\FileParserServiceSln\FileParserService\Services\FileProcessorService.cs:line 50
2025-09-27 21:55:03.006 +03:00 [INF] [Thread:] Processing file: D:\Programming\XMLProcessor\input\generated_status_215153_46.xml
2025-09-27 21:55:03.525 +03:00 [INF] [Thread:] Successfully processed and published data for 4 modules from file: D:\Programming\XMLProcessor\input\generated_status_215134_28.xml
2025-09-27 21:55:03.528 +03:00 [INF] [Thread:] File generated_status_215133_8.xml deleted after successful processing.
2025-09-27 21:55:03.525 +03:00 [INF] [Thread:] Successfully processed and published data for 4 modules from file: D:\Programming\XMLProcessor\input\generated_status_215134_50.xml
2025-09-27 21:55:03.529 +03:00 [INF] [Thread:] Successfully processed and published data for 2 modules from file: D:\Programming\XMLProcessor\input\generated_status_215149_33.xml
2025-09-27 21:55:03.531 +03:00 [INF] [Thread:] Successfully processed and published data for 2 modules from file: D:\Programming\XMLProcessor\input\generated_status_215152_31.xml
2025-09-27 21:55:03.560 +03:00 [ERR] [Thread:] Failed to move corrupted file generated_status_215133_9.xml to error directory.
System.IO.FileNotFoundException: Could not find file 'D:\Programming\XMLProcessor\input\generated_status_215133_9.xml'.
File name: 'D:\Programming\XMLProcessor\input\generated_status_215133_9.xml'
   at System.IO.File.Move(String sourceFileName, String destFileName, Boolean overwrite)
   at FileParserService.Services.FileProcessorService.MoveFileToErrorDirectory(String filePath) in D:\Programming\XMLProcessor\FileParserServiceSln\FileParserService\Services\FileProcessorService.cs:line 103
2025-09-27 21:55:03.006 +03:00 [INF] [Thread:] Processing file: D:\Programming\XMLProcessor\input\generated_status_215134_23.xml
2025-09-27 21:55:03.008 +03:00 [INF] [Thread:] File generated_status_215134_45.xml deleted after successful processing.
2025-09-27 21:55:03.569 +03:00 [INF] [Thread:] Successfully processed and published data for 2 modules from file: D:\Programming\XMLProcessor\input\generated_status_215133_1.xml
2025-09-27 21:55:03.568 +03:00 [INF] [Thread:] File generated_status_215134_28.xml deleted after successful processing.
2025-09-27 21:55:03.571 +03:00 [INF] [Thread:] File generated_status_215134_50.xml deleted after successful processing.
2025-09-27 21:55:03.572 +03:00 [INF] [Thread:] File generated_status_215149_33.xml deleted after successful processing.
2025-09-27 21:55:03.576 +03:00 [INF] [Thread:] File generated_status_215152_31.xml deleted after successful processing.
2025-09-27 21:55:03.584 +03:00 [INF] [Thread:] Successfully processed and published data for 5 modules from file: D:\Programming\XMLProcessor\input\generated_status_215127_4.xml
2025-09-27 21:55:03.567 +03:00 [ERR] [Thread:] An error occurred while processing file D:\Programming\XMLProcessor\input\generated_status_215153_46.xml.
System.IO.FileNotFoundException: Could not find file 'D:\Programming\XMLProcessor\input\generated_status_215153_46.xml'.
File name: 'D:\Programming\XMLProcessor\input\generated_status_215153_46.xml'
   at Microsoft.Win32.SafeHandles.SafeFileHandle.CreateFile(String fullPath, FileMode mode, FileAccess access, FileShare share, FileOptions options)
   at Microsoft.Win32.SafeHandles.SafeFileHandle.Open(String fullPath, FileMode mode, FileAccess access, FileShare share, FileOptions options, Int64 preallocationSize, Nullable`1 unixCreateMode)
   at System.IO.Strategies.OSFileStreamStrategy..ctor(String path, FileMode mode, FileAccess access, FileShare share, FileOptions options, Int64 preallocationSize, Nullable`1 unixCreateMode)
   at System.IO.Strategies.FileStreamHelpers.ChooseStrategyCore(String path, FileMode mode, FileAccess access, FileShare share, FileOptions options, Int64 preallocationSize, Nullable`1 unixCreateMode)
   at System.IO.FileStream..ctor(String path, FileMode mode, FileAccess access, FileShare share, Int32 bufferSize, FileOptions options, Int64 preallocationSize)
   at System.IO.File.AsyncStreamReader(String path, Encoding encoding)
   at System.IO.File.InternalReadAllTextAsync(String path, Encoding encoding, CancellationToken cancellationToken)
   at FileParserService.Services.FileProcessorService.ProcessFileAsync(String filePath) in D:\Programming\XMLProcessor\FileParserServiceSln\FileParserService\Services\FileProcessorService.cs:line 50
2025-09-27 21:55:03.589 +03:00 [INF] [Thread:] Successfully processed and published data for 2 modules from file: D:\Programming\XMLProcessor\input\generated_status_215127_1.xml
2025-09-27 21:55:03.617 +03:00 [INF] [Thread:] File generated_status_215133_1.xml deleted after successful processing.
2025-09-27 21:55:03.620 +03:00 [INF] [Thread:] Successfully processed and published data for 4 modules from file: D:\Programming\XMLProcessor\input\generated_status_215134_37.xml
2025-09-27 21:55:03.623 +03:00 [INF] [Thread:] Successfully processed and published data for 4 modules from file: D:\Programming\XMLProcessor\input\generated_status_215152_27.xml
2025-09-27 21:55:03.624 +03:00 [INF] [Thread:] Successfully processed and published data for 4 modules from file: D:\Programming\XMLProcessor\input\generated_status_215149_27.xml
2025-09-27 21:55:03.626 +03:00 [INF] [Thread:] Successfully processed and published data for 4 modules from file: D:\Programming\XMLProcessor\input\generated_status_215119_4.xml
2025-09-27 21:55:03.628 +03:00 [INF] [Thread:] File generated_status_215127_4.xml deleted after successful processing.
2025-09-27 21:55:03.616 +03:00 [ERR] [Thread:] An error occurred while processing file D:\Programming\XMLProcessor\input\generated_status_215134_23.xml.
System.IO.FileNotFoundException: Could not find file 'D:\Programming\XMLProcessor\input\generated_status_215134_23.xml'.
File name: 'D:\Programming\XMLProcessor\input\generated_status_215134_23.xml'
   at Microsoft.Win32.SafeHandles.SafeFileHandle.CreateFile(String fullPath, FileMode mode, FileAccess access, FileShare share, FileOptions options)
   at Microsoft.Win32.SafeHandles.SafeFileHandle.Open(String fullPath, FileMode mode, FileAccess access, FileShare share, FileOptions options, Int64 preallocationSize, Nullable`1 unixCreateMode)
   at System.IO.Strategies.OSFileStreamStrategy..ctor(String path, FileMode mode, FileAccess access, FileShare share, FileOptions options, Int64 preallocationSize, Nullable`1 unixCreateMode)
   at System.IO.Strategies.FileStreamHelpers.ChooseStrategyCore(String path, FileMode mode, FileAccess access, FileShare share, FileOptions options, Int64 preallocationSize, Nullable`1 unixCreateMode)
   at System.IO.FileStream..ctor(String path, FileMode mode, FileAccess access, FileShare share, Int32 bufferSize, FileOptions options, Int64 preallocationSize)
   at System.IO.File.AsyncStreamReader(String path, Encoding encoding)
   at System.IO.File.InternalReadAllTextAsync(String path, Encoding encoding, CancellationToken cancellationToken)
   at FileParserService.Services.FileProcessorService.ProcessFileAsync(String filePath) in D:\Programming\XMLProcessor\FileParserServiceSln\FileParserService\Services\FileProcessorService.cs:line 50
2025-09-27 21:55:03.638 +03:00 [INF] [Thread:] File generated_status_215127_1.xml deleted after successful processing.
2025-09-27 21:55:03.659 +03:00 [INF] [Thread:] Successfully processed and published data for 5 modules from file: D:\Programming\XMLProcessor\input\generated_status_215152_33.xml
2025-09-27 21:55:03.660 +03:00 [INF] [Thread:] File generated_status_215134_37.xml deleted after successful processing.
2025-09-27 21:55:03.662 +03:00 [INF] [Thread:] File generated_status_215152_27.xml deleted after successful processing.
2025-09-27 21:55:03.664 +03:00 [INF] [Thread:] File generated_status_215149_27.xml deleted after successful processing.
2025-09-27 21:55:03.666 +03:00 [INF] [Thread:] File generated_status_215119_4.xml deleted after successful processing.
2025-09-27 21:55:03.667 +03:00 [INF] [Thread:] Successfully processed and published data for 5 modules from file: D:\Programming\XMLProcessor\input\generated_status_215127_2.xml
2025-09-27 21:55:03.658 +03:00 [ERR] [Thread:] Failed to move corrupted file generated_status_215153_46.xml to error directory.
System.IO.FileNotFoundException: Could not find file 'D:\Programming\XMLProcessor\input\generated_status_215153_46.xml'.
File name: 'D:\Programming\XMLProcessor\input\generated_status_215153_46.xml'
   at System.IO.File.Move(String sourceFileName, String destFileName, Boolean overwrite)
   at FileParserService.Services.FileProcessorService.MoveFileToErrorDirectory(String filePath) in D:\Programming\XMLProcessor\FileParserServiceSln\FileParserService\Services\FileProcessorService.cs:line 103
2025-09-27 21:55:03.675 +03:00 [INF] [Thread:] Successfully processed and published data for 2 modules from file: D:\Programming\XMLProcessor\input\generated_status_215152_4.xml
2025-09-27 21:55:03.009 +03:00 [INF] [Thread:] File generated_status_215153_49.xml deleted after successful processing.
2025-09-27 21:55:03.015 +03:00 [INF] [Thread:] Processing file: D:\Programming\XMLProcessor\input\generated_status_215134_22.xml
2025-09-27 21:55:03.102 +03:00 [INF] [Thread:] Successfully processed and published data for 2 modules from file: D:\Programming\XMLProcessor\input\generated_status_215133_6.xml
2025-09-27 21:55:03.691 +03:00 [INF] [Thread:] File generated_status_215152_33.xml deleted after successful processing.
2025-09-27 21:55:03.692 +03:00 [INF] [Thread:] Successfully processed and published data for 5 modules from file: D:\Programming\XMLProcessor\input\generated_status_215134_39.xml
2025-09-27 21:55:03.693 +03:00 [INF] [Thread:] Successfully processed and published data for 4 modules from file: D:\Programming\XMLProcessor\input\generated_status_215149_47.xml
2025-09-27 21:55:03.694 +03:00 [INF] [Thread:] Successfully processed and published data for 3 modules from file: D:\Programming\XMLProcessor\input\generated_status_215149_31.xml
2025-09-27 21:55:03.695 +03:00 [INF] [Thread:] Successfully processed and published data for 4 modules from file: D:\Programming\XMLProcessor\input\generated_status_215149_46.xml
2025-09-27 21:55:03.697 +03:00 [INF] [Thread:] File generated_status_215127_2.xml deleted after successful processing.
2025-09-27 21:55:03.699 +03:00 [WRN] [Thread:] File D:\Programming\XMLProcessor\input\generated_status_215153_45.xml was removed before it could be processed.
2025-09-27 21:55:03.690 +03:00 [ERR] [Thread:] Failed to move corrupted file generated_status_215134_23.xml to error directory.
System.IO.FileNotFoundException: Could not find file 'D:\Programming\XMLProcessor\input\generated_status_215134_23.xml'.
File name: 'D:\Programming\XMLProcessor\input\generated_status_215134_23.xml'
   at System.IO.File.Move(String sourceFileName, String destFileName, Boolean overwrite)
   at FileParserService.Services.FileProcessorService.MoveFileToErrorDirectory(String filePath) in D:\Programming\XMLProcessor\FileParserServiceSln\FileParserService\Services\FileProcessorService.cs:line 103
2025-09-27 21:55:03.701 +03:00 [INF] [Thread:] File generated_status_215152_4.xml deleted after successful processing.
2025-09-27 21:55:03.702 +03:00 [INF] [Thread:] Successfully processed and published data for 2 modules from file: D:\Programming\XMLProcessor\input\generated_status_215134_17.xml
2025-09-27 21:55:03.711 +03:00 [INF] [Thread:] File generated_status_215133_6.xml deleted after successful processing.
2025-09-27 21:55:03.716 +03:00 [ERR] [Thread:] An error occurred while processing file D:\Programming\XMLProcessor\input\generated_status_215134_22.xml.
System.IO.FileNotFoundException: Could not find file 'D:\Programming\XMLProcessor\input\generated_status_215134_22.xml'.
File name: 'D:\Programming\XMLProcessor\input\generated_status_215134_22.xml'
   at Microsoft.Win32.SafeHandles.SafeFileHandle.CreateFile(String fullPath, FileMode mode, FileAccess access, FileShare share, FileOptions options)
   at Microsoft.Win32.SafeHandles.SafeFileHandle.Open(String fullPath, FileMode mode, FileAccess access, FileShare share, FileOptions options, Int64 preallocationSize, Nullable`1 unixCreateMode)
   at System.IO.Strategies.OSFileStreamStrategy..ctor(String path, FileMode mode, FileAccess access, FileShare share, FileOptions options, Int64 preallocationSize, Nullable`1 unixCreateMode)
   at System.IO.Strategies.FileStreamHelpers.ChooseStrategyCore(String path, FileMode mode, FileAccess access, FileShare share, FileOptions options, Int64 preallocationSize, Nullable`1 unixCreateMode)
   at System.IO.FileStream..ctor(String path, FileMode mode, FileAccess access, FileShare share, Int32 bufferSize, FileOptions options, Int64 preallocationSize)
   at System.IO.File.AsyncStreamReader(String path, Encoding encoding)
   at System.IO.File.InternalReadAllTextAsync(String path, Encoding encoding, CancellationToken cancellationToken)
   at FileParserService.Services.FileProcessorService.ProcessFileAsync(String filePath) in D:\Programming\XMLProcessor\FileParserServiceSln\FileParserService\Services\FileProcessorService.cs:line 50
2025-09-27 21:55:03.717 +03:00 [INF] [Thread:] Successfully processed and published data for 2 modules from file: D:\Programming\XMLProcessor\input\generated_status_215127_3.xml
2025-09-27 21:55:03.719 +03:00 [INF] [Thread:] File generated_status_215149_47.xml deleted after successful processing.
2025-09-27 21:55:03.718 +03:00 [INF] [Thread:] File generated_status_215134_39.xml deleted after successful processing.
2025-09-27 21:55:03.743 +03:00 [INF] [Thread:] File generated_status_215127_3.xml deleted after successful processing.
2025-09-27 21:55:03.721 +03:00 [INF] [Thread:] File generated_status_215149_31.xml deleted after successful processing.
2025-09-27 21:55:03.722 +03:00 [INF] [Thread:] File generated_status_215149_46.xml deleted after successful processing.
2025-09-27 21:55:03.723 +03:00 [INF] [Thread:] Successfully processed and published data for 2 modules from file: D:\Programming\XMLProcessor\input\generated_status_215149_45.xml
2025-09-27 21:55:03.724 +03:00 [WRN] [Thread:] File D:\Programming\XMLProcessor\input\generated_status_215153_44.xml was removed before it could be processed.
2025-09-27 21:55:03.726 +03:00 [INF] [Thread:] Successfully processed and published data for 3 modules from file: D:\Programming\XMLProcessor\input\generated_status_215149_44.xml
2025-09-27 21:55:03.727 +03:00 [INF] [Thread:] Successfully processed and published data for 2 modules from file: D:\Programming\XMLProcessor\input\generated_status_215149_43.xml
2025-09-27 21:55:03.729 +03:00 [INF] [Thread:] File generated_status_215134_17.xml deleted after successful processing.
2025-09-27 21:55:03.730 +03:00 [INF] [Thread:] Successfully processed and published data for 5 modules from file: D:\Programming\XMLProcessor\input\generated_status_215148_2.xml
2025-09-27 21:55:03.797 +03:00 [ERR] [Thread:] Failed to move corrupted file generated_status_215134_22.xml to error directory.
System.IO.FileNotFoundException: Could not find file 'D:\Programming\XMLProcessor\input\generated_status_215134_22.xml'.
File name: 'D:\Programming\XMLProcessor\input\generated_status_215134_22.xml'
   at System.IO.File.Move(String sourceFileName, String destFileName, Boolean overwrite)
   at FileParserService.Services.FileProcessorService.MoveFileToErrorDirectory(String filePath) in D:\Programming\XMLProcessor\FileParserServiceSln\FileParserService\Services\FileProcessorService.cs:line 103
2025-09-27 21:55:03.798 +03:00 [INF] [Thread:] Successfully processed and published data for 2 modules from file: D:\Programming\XMLProcessor\input\generated_status_215149_42.xml
2025-09-27 21:55:03.799 +03:00 [INF] [Thread:] Successfully processed and published data for 5 modules from file: D:\Programming\XMLProcessor\input\generated_status_215149_35.xml
2025-09-27 21:55:03.801 +03:00 [INF] [Thread:] Successfully processed and published data for 3 modules from file: D:\Programming\XMLProcessor\input\generated_status_215119_5.xml
2025-09-27 21:55:03.802 +03:00 [INF] [Thread:] Successfully processed and published data for 3 modules from file: D:\Programming\XMLProcessor\input\generated_status_215153_44.xml
2025-09-27 21:55:03.803 +03:00 [INF] [Thread:] Successfully processed and published data for 5 modules from file: D:\Programming\XMLProcessor\input\generated_status_215149_41.xml
2025-09-27 21:55:03.805 +03:00 [INF] [Thread:] File generated_status_215149_45.xml deleted after successful processing.
2025-09-27 21:55:03.806 +03:00 [WRN] [Thread:] File D:\Programming\XMLProcessor\input\generated_status_215153_43.xml was removed before it could be processed.
2025-09-27 21:55:03.807 +03:00 [INF] [Thread:] File generated_status_215149_44.xml deleted after successful processing.
2025-09-27 21:55:03.808 +03:00 [INF] [Thread:] File generated_status_215149_43.xml deleted after successful processing.
2025-09-27 21:55:03.810 +03:00 [INF] [Thread:] Successfully processed and published data for 4 modules from file: D:\Programming\XMLProcessor\input\generated_status_215153_48.xml
2025-09-27 21:55:03.811 +03:00 [INF] [Thread:] File generated_status_215148_2.xml deleted after successful processing.
2025-09-27 21:55:03.813 +03:00 [INF] [Thread:] Successfully processed and published data for 5 modules from file: D:\Programming\XMLProcessor\input\generated_status_215152_34.xml
2025-09-27 21:55:03.814 +03:00 [INF] [Thread:] File generated_status_215149_42.xml deleted after successful processing.
2025-09-27 21:55:03.815 +03:00 [INF] [Thread:] File generated_status_215149_35.xml deleted after successful processing.
2025-09-27 21:55:03.817 +03:00 [INF] [Thread:] File generated_status_215119_5.xml deleted after successful processing.
2025-09-27 21:55:03.818 +03:00 [INF] [Thread:] File generated_status_215153_44.xml deleted after successful processing.
2025-09-27 21:55:03.834 +03:00 [INF] [Thread:] Successfully processed and published data for 2 modules from file: D:\Programming\XMLProcessor\input\generated_status_215134_40.xml
2025-09-27 21:55:03.837 +03:00 [INF] [Thread:] Successfully processed and published data for 3 modules from file: D:\Programming\XMLProcessor\input\generated_status_215152_8.xml
2025-09-27 21:55:03.837 +03:00 [INF] [Thread:] Successfully processed and published data for 2 modules from file: D:\Programming\XMLProcessor\input\generated_status_215152_17.xml
2025-09-27 21:55:03.836 +03:00 [INF] [Thread:] Successfully processed and published data for 5 modules from file: D:\Programming\XMLProcessor\input\generated_status_215152_30.xml
2025-09-27 21:55:03.836 +03:00 [INF] [Thread:] Successfully processed and published data for 5 modules from file: D:\Programming\XMLProcessor\input\generated_status_215152_14.xml
2025-09-27 21:55:03.836 +03:00 [INF] [Thread:] Successfully processed and published data for 2 modules from file: D:\Programming\XMLProcessor\input\generated_status_215149_32.xml
2025-09-27 21:55:03.836 +03:00 [INF] [Thread:] Successfully processed and published data for 5 modules from file: D:\Programming\XMLProcessor\input\generated_status_215152_33.xml
2025-09-27 21:55:03.837 +03:00 [INF] [Thread:] Successfully processed and published data for 3 modules from file: D:\Programming\XMLProcessor\input\generated_status_215149_31.xml
2025-09-27 21:55:03.837 +03:00 [INF] [Thread:] Successfully processed and published data for 5 modules from file: D:\Programming\XMLProcessor\input\generated_status_215149_26.xml
2025-09-27 21:55:03.836 +03:00 [INF] [Thread:] Successfully processed and published data for 2 modules from file: D:\Programming\XMLProcessor\input\generated_status_215149_33.xml
2025-09-27 21:55:03.836 +03:00 [INF] [Thread:] Successfully processed and published data for 3 modules from file: D:\Programming\XMLProcessor\input\generated_status_215149_34.xml
2025-09-27 21:55:03.836 +03:00 [INF] [Thread:] Successfully processed and published data for 5 modules from file: D:\Programming\XMLProcessor\input\generated_status_215152_32.xml
2025-09-27 21:55:03.836 +03:00 [INF] [Thread:] Successfully processed and published data for 3 modules from file: D:\Programming\XMLProcessor\input\generated_status_215149_36.xml
2025-09-27 21:55:03.836 +03:00 [INF] [Thread:] Successfully processed and published data for 3 modules from file: D:\Programming\XMLProcessor\input\generated_status_215148_10.xml
2025-09-27 21:55:03.836 +03:00 [INF] [Thread:] Successfully processed and published data for 3 modules from file: D:\Programming\XMLProcessor\input\generated_status_215152_6.xml
2025-09-27 21:55:03.833 +03:00 [INF] [Thread:] Successfully processed and published data for 5 modules from file: D:\Programming\XMLProcessor\input\generated_status_215149_38.xml
2025-09-27 21:55:03.837 +03:00 [INF] [Thread:] Successfully processed and published data for 2 modules from file: D:\Programming\XMLProcessor\input\generated_status_215152_20.xml
2025-09-27 21:55:03.836 +03:00 [INF] [Thread:] Successfully processed and published data for 5 modules from file: D:\Programming\XMLProcessor\input\generated_status_215149_39.xml
2025-09-27 21:55:03.837 +03:00 [INF] [Thread:] Successfully processed and published data for 4 modules from file: D:\Programming\XMLProcessor\input\generated_status_215148_7.xml
2025-09-27 21:55:03.836 +03:00 [INF] [Thread:] Successfully processed and published data for 4 modules from file: D:\Programming\XMLProcessor\input\generated_status_215152_7.xml
2025-09-27 21:55:03.820 +03:00 [INF] [Thread:] File generated_status_215149_41.xml deleted after successful processing.
2025-09-27 21:55:03.837 +03:00 [INF] [Thread:] Successfully processed and published data for 5 modules from file: D:\Programming\XMLProcessor\input\generated_status_215148_1.xml
2025-09-27 21:55:03.822 +03:00 [INF] [Thread:] Successfully processed and published data for 5 modules from file: D:\Programming\XMLProcessor\input\generated_status_215148_1.xml
2025-09-27 21:55:03.836 +03:00 [INF] [Thread:] Successfully processed and published data for 3 modules from file: D:\Programming\XMLProcessor\input\generated_status_215149_37.xml
2025-09-27 21:55:03.824 +03:00 [WRN] [Thread:] File D:\Programming\XMLProcessor\input\generated_status_215153_42.xml was removed before it could be processed.
2025-09-27 21:55:03.825 +03:00 [INF] [Thread:] Successfully processed and published data for 5 modules from file: D:\Programming\XMLProcessor\input\generated_status_215149_40.xml
2025-09-27 21:55:03.827 +03:00 [INF] [Thread:] Successfully processed and published data for 2 modules from file: D:\Programming\XMLProcessor\input\generated_status_215119_3.xml
2025-09-27 21:55:03.828 +03:00 [INF] [Thread:] File generated_status_215153_48.xml deleted after successful processing.
2025-09-27 21:55:03.832 +03:00 [INF] [Thread:] File generated_status_215152_34.xml deleted after successful processing.
2025-09-27 21:55:03.830 +03:00 [INF] [Thread:] Successfully processed and published data for 5 modules from file: D:\Programming\XMLProcessor\input\generated_status_215119_2.xml
2025-09-27 21:55:03.846 +03:00 [INF] [Thread:] Successfully processed and published data for 2 modules from file: D:\Programming\XMLProcessor\input\generated_status_215149_30.xml
2025-09-27 21:55:03.847 +03:00 [INF] [Thread:] File generated_status_215134_40.xml deleted after successful processing.
2025-09-27 21:55:03.849 +03:00 [INF] [Thread:] File generated_status_215152_8.xml deleted after successful processing.
2025-09-27 21:55:03.850 +03:00 [INF] [Thread:] File generated_status_215152_17.xml deleted after successful processing.
2025-09-27 21:55:03.851 +03:00 [INF] [Thread:] File generated_status_215152_30.xml deleted after successful processing.
2025-09-27 21:55:03.853 +03:00 [INF] [Thread:] File generated_status_215152_14.xml deleted after successful processing.
2025-09-27 21:55:03.855 +03:00 [INF] [Thread:] File generated_status_215149_32.xml deleted after successful processing.
2025-09-27 21:55:03.856 +03:00 [INF] [Thread:] File generated_status_215152_33.xml deleted after successful processing.
2025-09-27 21:55:03.858 +03:00 [INF] [Thread:] File generated_status_215149_31.xml deleted after successful processing.
2025-09-27 21:55:03.860 +03:00 [INF] [Thread:] File generated_status_215149_26.xml deleted after successful processing.
2025-09-27 21:55:03.862 +03:00 [INF] [Thread:] File generated_status_215149_33.xml deleted after successful processing.
2025-09-27 21:55:03.863 +03:00 [INF] [Thread:] File generated_status_215149_34.xml deleted after successful processing.
2025-09-27 21:55:03.865 +03:00 [INF] [Thread:] File generated_status_215152_32.xml deleted after successful processing.
2025-09-27 21:55:03.866 +03:00 [INF] [Thread:] File generated_status_215149_36.xml deleted after successful processing.
2025-09-27 21:55:03.868 +03:00 [INF] [Thread:] File generated_status_215148_10.xml deleted after successful processing.
2025-09-27 21:55:03.870 +03:00 [INF] [Thread:] File generated_status_215152_6.xml deleted after successful processing.
2025-09-27 21:55:03.872 +03:00 [INF] [Thread:] File generated_status_215149_38.xml deleted after successful processing.
2025-09-27 21:55:03.874 +03:00 [INF] [Thread:] File generated_status_215152_20.xml deleted after successful processing.
2025-09-27 21:55:03.875 +03:00 [INF] [Thread:] File generated_status_215149_39.xml deleted after successful processing.
2025-09-27 21:55:03.877 +03:00 [INF] [Thread:] File generated_status_215148_7.xml deleted after successful processing.
2025-09-27 21:55:03.879 +03:00 [INF] [Thread:] File generated_status_215152_7.xml deleted after successful processing.
2025-09-27 21:55:03.880 +03:00 [INF] [Thread:] Successfully processed and published data for 4 modules from file: D:\Programming\XMLProcessor\input\generated_status_215149_29.xml
2025-09-27 21:55:03.882 +03:00 [INF] [Thread:] File generated_status_215148_1.xml deleted after successful processing.
2025-09-27 21:55:03.883 +03:00 [INF] [Thread:] File generated_status_215148_1.xml deleted after successful processing.
2025-09-27 21:55:03.885 +03:00 [INF] [Thread:] File generated_status_215149_37.xml deleted after successful processing.
2025-09-27 21:55:03.886 +03:00 [WRN] [Thread:] File D:\Programming\XMLProcessor\input\generated_status_215153_41.xml was removed before it could be processed.
2025-09-27 21:55:03.888 +03:00 [INF] [Thread:] File generated_status_215149_40.xml deleted after successful processing.
2025-09-27 21:55:03.889 +03:00 [INF] [Thread:] File generated_status_215119_3.xml deleted after successful processing.
2025-09-27 21:55:03.891 +03:00 [INF] [Thread:] Successfully processed and published data for 3 modules from file: D:\Programming\XMLProcessor\input\generated_status_215134_43.xml
2025-09-27 21:55:03.892 +03:00 [INF] [Thread:] Successfully processed and published data for 2 modules from file: D:\Programming\XMLProcessor\input\generated_status_215149_28.xml
2025-09-27 21:55:03.894 +03:00 [INF] [Thread:] File generated_status_215119_2.xml deleted after successful processing.
2025-09-27 21:55:03.895 +03:00 [INF] [Thread:] File generated_status_215149_30.xml deleted after successful processing.
2025-09-27 21:55:03.897 +03:00 [INF] [Thread:] Successfully processed and published data for 2 modules from file: D:\Programming\XMLProcessor\input\generated_status_215134_41.xml
2025-09-27 21:55:03.898 +03:00 [INF] [Thread:] Successfully processed and published data for 4 modules from file: D:\Programming\XMLProcessor\input\generated_status_215148_11.xml
2025-09-27 21:55:03.899 +03:00 [INF] [Thread:] Successfully processed and published data for 5 modules from file: D:\Programming\XMLProcessor\input\generated_status_215148_9.xml
2025-09-27 21:55:03.901 +03:00 [INF] [Thread:] Successfully processed and published data for 2 modules from file: D:\Programming\XMLProcessor\input\generated_status_215152_9.xml
2025-09-27 21:55:03.902 +03:00 [INF] [Thread:] Successfully processed and published data for 4 modules from file: D:\Programming\XMLProcessor\input\generated_status_215149_27.xml
2025-09-27 21:55:03.904 +03:00 [INF] [Thread:] Successfully processed and published data for 2 modules from file: D:\Programming\XMLProcessor\input\generated_status_215149_25.xml
2025-09-27 21:55:03.905 +03:00 [INF] [Thread:] Successfully processed and published data for 4 modules from file: D:\Programming\XMLProcessor\input\generated_status_215148_8.xml
2025-09-27 21:55:03.906 +03:00 [INF] [Thread:] Successfully processed and published data for 3 modules from file: D:\Programming\XMLProcessor\input\generated_status_215153_35.xml
2025-09-27 21:55:03.908 +03:00 [INF] [Thread:] Successfully processed and published data for 5 modules from file: D:\Programming\XMLProcessor\input\generated_status_215119_2.xml
2025-09-27 21:55:03.909 +03:00 [INF] [Thread:] Successfully processed and published data for 3 modules from file: D:\Programming\XMLProcessor\input\generated_status_215119_1.xml
2025-09-27 21:55:03.910 +03:00 [INF] [Thread:] Successfully processed and published data for 5 modules from file: D:\Programming\XMLProcessor\input\generated_status_215148_12.xml
2025-09-27 21:55:03.911 +03:00 [INF] [Thread:] Successfully processed and published data for 4 modules from file: D:\Programming\XMLProcessor\input\generated_status_215152_29.xml
2025-09-27 21:55:03.913 +03:00 [INF] [Thread:] Successfully processed and published data for 3 modules from file: D:\Programming\XMLProcessor\input\generated_status_215134_19.xml
2025-09-27 21:55:03.915 +03:00 [INF] [Thread:] Successfully processed and published data for 4 modules from file: D:\Programming\XMLProcessor\input\generated_status_215152_28.xml
2025-09-27 21:55:03.916 +03:00 [INF] [Thread:] Successfully processed and published data for 4 modules from file: D:\Programming\XMLProcessor\input\generated_status_215148_7.xml
2025-09-27 21:55:03.918 +03:00 [INF] [Thread:] Successfully processed and published data for 4 modules from file: D:\Programming\XMLProcessor\input\generated_status_215117_5.xml
2025-09-27 21:55:03.919 +03:00 [INF] [Thread:] Successfully processed and published data for 3 modules from file: D:\Programming\XMLProcessor\input\generated_status_215152_3.xml
2025-09-27 21:55:03.920 +03:00 [INF] [Thread:] Successfully processed and published data for 4 modules from file: D:\Programming\XMLProcessor\input\generated_status_215152_27.xml
2025-09-27 21:55:03.921 +03:00 [INF] [Thread:] Successfully processed and published data for 4 modules from file: D:\Programming\XMLProcessor\input\generated_status_215148_8.xml
2025-09-27 21:55:03.923 +03:00 [INF] [Thread:] Successfully processed and published data for 5 modules from file: D:\Programming\XMLProcessor\input\generated_status_215152_26.xml
2025-09-27 21:55:03.925 +03:00 [INF] [Thread:] File generated_status_215149_29.xml deleted after successful processing.
2025-09-27 21:55:03.926 +03:00 [INF] [Thread:] Successfully processed and published data for 2 modules from file: D:\Programming\XMLProcessor\input\generated_status_215148_4.xml
2025-09-27 21:55:03.927 +03:00 [INF] [Thread:] Successfully processed and published data for 2 modules from file: D:\Programming\XMLProcessor\input\generated_status_215153_36.xml
2025-09-27 21:55:03.928 +03:00 [INF] [Thread:] Successfully processed and published data for 3 modules from file: D:\Programming\XMLProcessor\input\generated_status_215148_6.xml
2025-09-27 21:55:03.930 +03:00 [WRN] [Thread:] File D:\Programming\XMLProcessor\input\generated_status_215153_40.xml was removed before it could be processed.
2025-09-27 21:55:03.931 +03:00 [INF] [Thread:] Successfully processed and published data for 5 modules from file: D:\Programming\XMLProcessor\input\generated_status_215148_5.xml
2025-09-27 21:55:03.932 +03:00 [INF] [Thread:] Successfully processed and published data for 3 modules from file: D:\Programming\XMLProcessor\input\generated_status_215117_4.xml
2025-09-27 21:55:03.933 +03:00 [INF] [Thread:] File generated_status_215134_43.xml deleted after successful processing.
2025-09-27 21:55:03.934 +03:00 [INF] [Thread:] File generated_status_215149_28.xml deleted after successful processing.
2025-09-27 21:55:03.935 +03:00 [INF] [Thread:] Successfully processed and published data for 5 modules from file: D:\Programming\XMLProcessor\input\generated_status_215113_5.xml
2025-09-27 21:55:03.936 +03:00 [INF] [Thread:] Successfully processed and published data for 4 modules from file: D:\Programming\XMLProcessor\input\generated_status_215148_3.xml
2025-09-27 21:55:03.937 +03:00 [INF] [Thread:] File generated_status_215134_41.xml deleted after successful processing.
2025-09-27 21:55:03.938 +03:00 [INF] [Thread:] File generated_status_215148_11.xml deleted after successful processing.
2025-09-27 21:55:03.939 +03:00 [INF] [Thread:] File generated_status_215148_9.xml deleted after successful processing.
2025-09-27 21:55:03.940 +03:00 [INF] [Thread:] File generated_status_215152_9.xml deleted after successful processing.
2025-09-27 21:55:03.941 +03:00 [INF] [Thread:] File generated_status_215149_27.xml deleted after successful processing.
2025-09-27 21:55:03.942 +03:00 [INF] [Thread:] File generated_status_215149_25.xml deleted after successful processing.
2025-09-27 21:55:03.943 +03:00 [INF] [Thread:] File generated_status_215148_8.xml deleted after successful processing.
2025-09-27 21:55:03.945 +03:00 [INF] [Thread:] File generated_status_215153_35.xml deleted after successful processing.
2025-09-27 21:55:03.946 +03:00 [INF] [Thread:] File generated_status_215119_2.xml deleted after successful processing.
2025-09-27 21:55:03.948 +03:00 [INF] [Thread:] File generated_status_215119_1.xml deleted after successful processing.
2025-09-27 21:55:03.950 +03:00 [INF] [Thread:] File generated_status_215148_12.xml deleted after successful processing.
2025-09-27 21:55:03.951 +03:00 [INF] [Thread:] File generated_status_215152_29.xml deleted after successful processing.
2025-09-27 21:55:03.953 +03:00 [INF] [Thread:] File generated_status_215134_19.xml deleted after successful processing.
2025-09-27 21:55:03.954 +03:00 [INF] [Thread:] File generated_status_215152_28.xml deleted after successful processing.
2025-09-27 21:55:03.956 +03:00 [INF] [Thread:] File generated_status_215148_7.xml deleted after successful processing.
2025-09-27 21:55:03.957 +03:00 [INF] [Thread:] File generated_status_215117_5.xml deleted after successful processing.
2025-09-27 21:55:03.959 +03:00 [INF] [Thread:] File generated_status_215152_3.xml deleted after successful processing.
2025-09-27 21:55:03.960 +03:00 [INF] [Thread:] File generated_status_215152_27.xml deleted after successful processing.
2025-09-27 21:55:03.963 +03:00 [INF] [Thread:] File generated_status_215148_8.xml deleted after successful processing.
2025-09-27 21:55:03.965 +03:00 [INF] [Thread:] File generated_status_215152_26.xml deleted after successful processing.
2025-09-27 21:55:03.966 +03:00 [INF] [Thread:] Successfully processed and published data for 3 modules from file: D:\Programming\XMLProcessor\input\generated_status_215148_21.xml
2025-09-27 21:55:03.968 +03:00 [INF] [Thread:] File generated_status_215148_4.xml deleted after successful processing.
2025-09-27 21:55:03.969 +03:00 [INF] [Thread:] File generated_status_215153_36.xml deleted after successful processing.
2025-09-27 21:55:03.971 +03:00 [INF] [Thread:] File generated_status_215148_6.xml deleted after successful processing.
2025-09-27 21:55:03.972 +03:00 [WRN] [Thread:] File D:\Programming\XMLProcessor\input\generated_status_215153_39.xml was removed before it could be processed.
2025-09-27 21:55:03.974 +03:00 [INF] [Thread:] File generated_status_215148_5.xml deleted after successful processing.
2025-09-27 21:55:03.975 +03:00 [INF] [Thread:] File generated_status_215117_4.xml deleted after successful processing.
2025-09-27 21:55:03.977 +03:00 [INF] [Thread:] Successfully processed and published data for 4 modules from file: D:\Programming\XMLProcessor\input\generated_status_215134_27.xml
2025-09-27 21:55:03.978 +03:00 [INF] [Thread:] Successfully processed and published data for 4 modules from file: D:\Programming\XMLProcessor\input\generated_status_215153_37.xml
2025-09-27 21:55:03.979 +03:00 [INF] [Thread:] File generated_status_215113_5.xml deleted after successful processing.
2025-09-27 21:55:03.980 +03:00 [INF] [Thread:] File generated_status_215148_3.xml deleted after successful processing.
2025-09-27 21:55:03.982 +03:00 [INF] [Thread:] Successfully processed and published data for 3 modules from file: D:\Programming\XMLProcessor\input\generated_status_215134_43.xml
2025-09-27 21:55:03.983 +03:00 [INF] [Thread:] Successfully processed and published data for 5 modules from file: D:\Programming\XMLProcessor\input\generated_status_215148_20.xml
2025-09-27 21:55:03.984 +03:00 [INF] [Thread:] Successfully processed and published data for 2 modules from file: D:\Programming\XMLProcessor\input\generated_status_215117_2.xml
2025-09-27 21:55:03.985 +03:00 [INF] [Thread:] Successfully processed and published data for 2 modules from file: D:\Programming\XMLProcessor\input\generated_status_215148_23.xml
2025-09-27 21:55:03.986 +03:00 [INF] [Thread:] Successfully processed and published data for 3 modules from file: D:\Programming\XMLProcessor\input\generated_status_215148_24.xml
2025-09-27 21:55:03.987 +03:00 [INF] [Thread:] Successfully processed and published data for 5 modules from file: D:\Programming\XMLProcessor\input\generated_status_215148_22.xml
2025-09-27 21:55:03.988 +03:00 [INF] [Thread:] Successfully processed and published data for 4 modules from file: D:\Programming\XMLProcessor\input\generated_status_215117_3.xml
2025-09-27 21:55:03.990 +03:00 [INF] [Thread:] Successfully processed and published data for 4 modules from file: D:\Programming\XMLProcessor\input\generated_status_215133_8.xml
2025-09-27 21:55:03.991 +03:00 [INF] [Thread:] Successfully processed and published data for 5 modules from file: D:\Programming\XMLProcessor\input\generated_status_215117_1.xml
2025-09-27 21:55:03.992 +03:00 [INF] [Thread:] Successfully processed and published data for 5 modules from file: D:\Programming\XMLProcessor\input\generated_status_215148_2.xml
2025-09-27 21:55:03.994 +03:00 [INF] [Thread:] Successfully processed and published data for 2 modules from file: D:\Programming\XMLProcessor\input\generated_status_215113_3.xml
2025-09-27 21:55:03.995 +03:00 [INF] [Thread:] Successfully processed and published data for 3 modules from file: D:\Programming\XMLProcessor\input\generated_status_215153_38.xml
2025-09-27 21:55:03.996 +03:00 [INF] [Thread:] Successfully processed and published data for 2 modules from file: D:\Programming\XMLProcessor\input\generated_status_215148_17.xml
2025-09-27 21:55:04.018 +03:00 [INF] [Thread:] File generated_status_215134_43.xml deleted after successful processing.
2025-09-27 21:55:04.020 +03:00 [INF] [Thread:] File generated_status_215148_20.xml deleted after successful processing.
2025-09-27 21:55:04.021 +03:00 [INF] [Thread:] File generated_status_215117_2.xml deleted after successful processing.
2025-09-27 21:55:04.023 +03:00 [INF] [Thread:] File generated_status_215148_23.xml deleted after successful processing.
2025-09-27 21:55:04.024 +03:00 [INF] [Thread:] File generated_status_215148_24.xml deleted after successful processing.
2025-09-27 21:55:04.026 +03:00 [INF] [Thread:] File generated_status_215148_22.xml deleted after successful processing.
2025-09-27 21:55:04.027 +03:00 [INF] [Thread:] File generated_status_215117_3.xml deleted after successful processing.
2025-09-27 21:55:04.028 +03:00 [INF] [Thread:] File generated_status_215133_8.xml deleted after successful processing.
2025-09-27 21:55:04.029 +03:00 [INF] [Thread:] File generated_status_215117_1.xml deleted after successful processing.
2025-09-27 21:55:04.031 +03:00 [INF] [Thread:] File generated_status_215148_2.xml deleted after successful processing.
2025-09-27 21:55:04.031 +03:00 [INF] [Thread:] File generated_status_215113_3.xml deleted after successful processing.
2025-09-27 21:55:03.997 +03:00 [INF] [Thread:] Successfully processed and published data for 4 modules from file: D:\Programming\XMLProcessor\input\generated_status_215148_19.xml
2025-09-27 21:55:03.998 +03:00 [INF] [Thread:] Successfully processed and published data for 5 modules from file: D:\Programming\XMLProcessor\input\generated_status_215148_18.xml
2025-09-27 21:55:03.999 +03:00 [INF] [Thread:] Successfully processed and published data for 4 modules from file: D:\Programming\XMLProcessor\input\generated_status_215148_15.xml
2025-09-27 21:55:04.001 +03:00 [INF] [Thread:] Successfully processed and published data for 5 modules from file: D:\Programming\XMLProcessor\input\generated_status_215113_5.xml
2025-09-27 21:55:04.002 +03:00 [INF] [Thread:] Successfully processed and published data for 2 modules from file: D:\Programming\XMLProcessor\input\generated_status_215148_16.xml
2025-09-27 21:55:04.003 +03:00 [INF] [Thread:] Successfully processed and published data for 5 modules from file: D:\Programming\XMLProcessor\input\generated_status_215148_5.xml
2025-09-27 21:55:04.004 +03:00 [INF] [Thread:] Successfully processed and published data for 4 modules from file: D:\Programming\XMLProcessor\input\generated_status_215148_13.xml
2025-09-27 21:55:04.006 +03:00 [INF] [Thread:] File generated_status_215148_21.xml deleted after successful processing.
2025-09-27 21:55:04.007 +03:00 [INF] [Thread:] Found 9 file(s) to process in 'DeleteAfterProcessing' mode.
2025-09-27 21:55:04.008 +03:00 [INF] [Thread:] Successfully processed and published data for 2 modules from file: D:\Programming\XMLProcessor\input\generated_status_215153_39.xml
2025-09-27 21:55:04.009 +03:00 [INF] [Thread:] Successfully processed and published data for 4 modules from file: D:\Programming\XMLProcessor\input\generated_status_215148_13.xml
2025-09-27 21:55:04.010 +03:00 [WRN] [Thread:] File D:\Programming\XMLProcessor\input\generated_status_215153_38.xml was removed before it could be processed.
2025-09-27 21:55:04.011 +03:00 [INF] [Thread:] Successfully processed and published data for 4 modules from file: D:\Programming\XMLProcessor\input\generated_status_215148_14.xml
2025-09-27 21:55:04.012 +03:00 [INF] [Thread:] Successfully processed and published data for 5 modules from file: D:\Programming\XMLProcessor\input\generated_status_215148_12.xml
2025-09-27 21:55:04.013 +03:00 [INF] [Thread:] File generated_status_215134_27.xml deleted after successful processing.
2025-09-27 21:55:04.015 +03:00 [INF] [Thread:] File generated_status_215153_37.xml deleted after successful processing.
2025-09-27 21:55:04.016 +03:00 [INF] [Thread:] Successfully processed and published data for 4 modules from file: D:\Programming\XMLProcessor\input\generated_status_215117_3.xml
2025-09-27 21:55:04.017 +03:00 [INF] [Thread:] Successfully processed and published data for 3 modules from file: D:\Programming\XMLProcessor\input\generated_status_215119_1.xml
2025-09-27 21:55:04.048 +03:00 [INF] [Thread:] File generated_status_215153_38.xml deleted after successful processing.
2025-09-27 21:55:04.050 +03:00 [INF] [Thread:] File generated_status_215148_17.xml deleted after successful processing.
2025-09-27 21:55:04.051 +03:00 [INF] [Thread:] Successfully processed and published data for 2 modules from file: D:\Programming\XMLProcessor\input\generated_status_215134_42.xml
2025-09-27 21:55:04.056 +03:00 [INF] [Thread:] Successfully processed and published data for 2 modules from file: D:\Programming\XMLProcessor\input\generated_status_215148_16.xml
2025-09-27 21:55:04.057 +03:00 [INF] [Thread:] Successfully processed and published data for 2 modules from file: D:\Programming\XMLProcessor\input\generated_status_215153_40.xml
2025-09-27 21:55:04.059 +03:00 [INF] [Thread:] Successfully processed and published data for 5 modules from file: D:\Programming\XMLProcessor\input\generated_status_215134_48.xml
2025-09-27 21:55:04.060 +03:00 [INF] [Thread:] Successfully processed and published data for 4 modules from file: D:\Programming\XMLProcessor\input\generated_status_215148_11.xml
2025-09-27 21:55:04.061 +03:00 [INF] [Thread:] Successfully processed and published data for 4 modules from file: D:\Programming\XMLProcessor\input\generated_status_215152_22.xml
2025-09-27 21:55:04.062 +03:00 [INF] [Thread:] Successfully processed and published data for 2 modules from file: D:\Programming\XMLProcessor\input\generated_status_215152_31.xml
2025-09-27 21:55:04.064 +03:00 [INF] [Thread:] Successfully processed and published data for 2 modules from file: D:\Programming\XMLProcessor\input\generated_status_215152_23.xml
2025-09-27 21:55:04.065 +03:00 [INF] [Thread:] Successfully processed and published data for 5 modules from file: D:\Programming\XMLProcessor\input\generated_status_215134_12.xml
2025-09-27 21:55:04.067 +03:00 [INF] [Thread:] Successfully processed and published data for 4 modules from file: D:\Programming\XMLProcessor\input\generated_status_215119_4.xml
2025-09-27 21:55:04.068 +03:00 [INF] [Thread:] Successfully processed and published data for 5 modules from file: D:\Programming\XMLProcessor\input\generated_status_215134_13.xml
2025-09-27 21:55:04.069 +03:00 [INF] [Thread:] File generated_status_215148_19.xml deleted after successful processing.
2025-09-27 21:55:04.071 +03:00 [INF] [Thread:] File generated_status_215148_18.xml deleted after successful processing.
2025-09-27 21:55:04.073 +03:00 [INF] [Thread:] File generated_status_215148_15.xml deleted after successful processing.
2025-09-27 21:55:04.074 +03:00 [INF] [Thread:] File generated_status_215113_5.xml deleted after successful processing.
2025-09-27 21:55:04.076 +03:00 [INF] [Thread:] File generated_status_215148_16.xml deleted after successful processing.
2025-09-27 21:55:04.077 +03:00 [INF] [Thread:] File generated_status_215148_5.xml deleted after successful processing.
2025-09-27 21:55:04.078 +03:00 [INF] [Thread:] File generated_status_215148_13.xml deleted after successful processing.
2025-09-27 21:55:04.079 +03:00 [INF] [Thread:] Successfully processed and published data for 5 modules from file: D:\Programming\XMLProcessor\input\generated_status_215127_2.xml
2025-09-27 21:55:04.081 +03:00 [INF] [Thread:] Processing file: D:\Programming\XMLProcessor\input\generated_status_215152_23.xml
2025-09-27 21:55:04.082 +03:00 [INF] [Thread:] File generated_status_215153_39.xml deleted after successful processing.
2025-09-27 21:55:04.083 +03:00 [INF] [Thread:] File generated_status_215148_13.xml deleted after successful processing.
2025-09-27 21:55:04.096 +03:00 [INF] [Thread:] File generated_status_215134_42.xml deleted after successful processing.
2025-09-27 21:55:04.097 +03:00 [INF] [Thread:] File generated_status_215148_16.xml deleted after successful processing.
2025-09-27 21:55:04.098 +03:00 [INF] [Thread:] File generated_status_215153_40.xml deleted after successful processing.
2025-09-27 21:55:04.099 +03:00 [INF] [Thread:] File generated_status_215134_48.xml deleted after successful processing.
2025-09-27 21:55:04.100 +03:00 [INF] [Thread:] File generated_status_215148_11.xml deleted after successful processing.
2025-09-27 21:55:04.131 +03:00 [INF] [Thread:] Successfully processed and published data for 2 modules from file: D:\Programming\XMLProcessor\input\generated_status_215134_44.xml
2025-09-27 21:55:04.133 +03:00 [WRN] [Thread:] File D:\Programming\XMLProcessor\input\generated_status_215133_5.xml was removed before it could be processed.
2025-09-27 21:55:04.134 +03:00 [WRN] [Thread:] File D:\Programming\XMLProcessor\input\generated_status_215134_12.xml was removed before it could be processed.
2025-09-27 21:55:04.102 +03:00 [INF] [Thread:] File generated_status_215152_22.xml deleted after successful processing.
2025-09-27 21:55:04.103 +03:00 [INF] [Thread:] File generated_status_215152_31.xml deleted after successful processing.
2025-09-27 21:55:04.104 +03:00 [INF] [Thread:] File generated_status_215152_23.xml deleted after successful processing.
2025-09-27 21:55:04.106 +03:00 [INF] [Thread:] File generated_status_215134_12.xml deleted after successful processing.
2025-09-27 21:55:04.107 +03:00 [INF] [Thread:] File generated_status_215119_4.xml deleted after successful processing.
2025-09-27 21:55:04.108 +03:00 [INF] [Thread:] File generated_status_215134_13.xml deleted after successful processing.
2025-09-27 21:55:04.093 +03:00 [INF] [Thread:] Successfully processed and published data for 4 modules from file: D:\Programming\XMLProcessor\input\generated_status_215148_14.xml
2025-09-27 21:55:04.094 +03:00 [INF] [Thread:] Successfully processed and published data for 3 modules from file: D:\Programming\XMLProcessor\input\generated_status_215133_2.xml
2025-09-27 21:55:04.109 +03:00 [INF] [Thread:] Successfully processed and published data for 2 modules from file: D:\Programming\XMLProcessor\input\generated_status_215133_3.xml
2025-09-27 21:55:04.110 +03:00 [INF] [Thread:] Successfully processed and published data for 5 modules from file: D:\Programming\XMLProcessor\input\generated_status_215133_5.xml
2025-09-27 21:55:04.111 +03:00 [INF] [Thread:] Successfully processed and published data for 3 modules from file: D:\Programming\XMLProcessor\input\generated_status_215119_5.xml
2025-09-27 21:55:04.112 +03:00 [INF] [Thread:] Successfully processed and published data for 4 modules from file: D:\Programming\XMLProcessor\input\generated_status_215133_4.xml
2025-09-27 21:55:04.113 +03:00 [INF] [Thread:] Successfully processed and published data for 3 modules from file: D:\Programming\XMLProcessor\input\generated_status_215117_4.xml
2025-09-27 21:55:04.114 +03:00 [INF] [Thread:] Successfully processed and published data for 3 modules from file: D:\Programming\XMLProcessor\input\generated_status_215148_6.xml
2025-09-27 21:55:04.114 +03:00 [INF] [Thread:] Successfully processed and published data for 5 modules from file: D:\Programming\XMLProcessor\input\generated_status_215133_7.xml
2025-09-27 21:55:04.116 +03:00 [INF] [Thread:] File generated_status_215127_2.xml deleted after successful processing.
2025-09-27 21:55:04.129 +03:00 [ERR] [Thread:] An error occurred while processing file D:\Programming\XMLProcessor\input\generated_status_215152_23.xml.
System.IO.FileNotFoundException: Could not find file 'D:\Programming\XMLProcessor\input\generated_status_215152_23.xml'.
File name: 'D:\Programming\XMLProcessor\input\generated_status_215152_23.xml'
   at Microsoft.Win32.SafeHandles.SafeFileHandle.CreateFile(String fullPath, FileMode mode, FileAccess access, FileShare share, FileOptions options)
   at Microsoft.Win32.SafeHandles.SafeFileHandle.Open(String fullPath, FileMode mode, FileAccess access, FileShare share, FileOptions options, Int64 preallocationSize, Nullable`1 unixCreateMode)
   at System.IO.Strategies.OSFileStreamStrategy..ctor(String path, FileMode mode, FileAccess access, FileShare share, FileOptions options, Int64 preallocationSize, Nullable`1 unixCreateMode)
   at System.IO.Strategies.FileStreamHelpers.ChooseStrategyCore(String path, FileMode mode, FileAccess access, FileShare share, FileOptions options, Int64 preallocationSize, Nullable`1 unixCreateMode)
   at System.IO.FileStream..ctor(String path, FileMode mode, FileAccess access, FileShare share, Int32 bufferSize, FileOptions options, Int64 preallocationSize)
   at System.IO.File.AsyncStreamReader(String path, Encoding encoding)
   at System.IO.File.InternalReadAllTextAsync(String path, Encoding encoding, CancellationToken cancellationToken)
   at FileParserService.Services.FileProcessorService.ProcessFileAsync(String filePath) in D:\Programming\XMLProcessor\FileParserServiceSln\FileParserService\Services\FileProcessorService.cs:line 50
2025-09-27 21:55:04.124 +03:00 [INF] [Thread:] Successfully processed and published data for 5 modules from file: D:\Programming\XMLProcessor\input\generated_status_215148_22.xml
2025-09-27 21:55:04.137 +03:00 [INF] [Thread:] File generated_status_215134_44.xml deleted after successful processing.
2025-09-27 21:55:04.138 +03:00 [WRN] [Thread:] File D:\Programming\XMLProcessor\input\generated_status_215134_42.xml was removed before it could be processed.
2025-09-27 21:55:04.139 +03:00 [WRN] [Thread:] File D:\Programming\XMLProcessor\input\generated_status_215133_7.xml was removed before it could be processed.
2025-09-27 21:55:04.135 +03:00 [INF] [Thread:] Successfully processed and published data for 5 modules from file: D:\Programming\XMLProcessor\input\generated_status_215134_12.xml
2025-09-27 21:55:04.136 +03:00 [WRN] [Thread:] File D:\Programming\XMLProcessor\input\generated_status_215133_6.xml was removed before it could be processed.
2025-09-27 21:55:04.140 +03:00 [INF] [Thread:] Successfully processed and published data for 4 modules from file: D:\Programming\XMLProcessor\input\generated_status_215149_29.xml
2025-09-27 21:55:04.140 +03:00 [INF] [Thread:] Successfully processed and published data for 5 modules from file: D:\Programming\XMLProcessor\input\generated_status_215134_47.xml
2025-09-27 21:55:04.141 +03:00 [WRN] [Thread:] File D:\Programming\XMLProcessor\input\generated_status_215148_13.xml was removed before it could be processed.
2025-09-27 21:55:04.142 +03:00 [INF] [Thread:] Successfully processed and published data for 2 modules from file: D:\Programming\XMLProcessor\input\generated_status_215149_28.xml
2025-09-27 21:55:04.143 +03:00 [WRN] [Thread:] File D:\Programming\XMLProcessor\input\generated_status_215148_14.xml was removed before it could be processed.
2025-09-27 21:55:04.144 +03:00 [INF] [Thread:] Successfully processed and published data for 3 modules from file: D:\Programming\XMLProcessor\input\generated_status_215152_24.xml
2025-09-27 21:55:04.145 +03:00 [INF] [Thread:] File generated_status_215148_14.xml deleted after successful processing.
2025-09-27 21:55:04.146 +03:00 [INF] [Thread:] File generated_status_215133_2.xml deleted after successful processing.
2025-09-27 21:55:04.148 +03:00 [INF] [Thread:] File generated_status_215133_3.xml deleted after successful processing.
2025-09-27 21:55:04.149 +03:00 [INF] [Thread:] File generated_status_215133_5.xml deleted after successful processing.
2025-09-27 21:55:04.150 +03:00 [INF] [Thread:] File generated_status_215119_5.xml deleted after successful processing.
2025-09-27 21:55:04.152 +03:00 [INF] [Thread:] File generated_status_215133_4.xml deleted after successful processing.
2025-09-27 21:55:04.153 +03:00 [INF] [Thread:] File generated_status_215117_4.xml deleted after successful processing.
2025-09-27 21:55:04.154 +03:00 [INF] [Thread:] File generated_status_215148_6.xml deleted after successful processing.
2025-09-27 21:55:04.154 +03:00 [INF] [Thread:] File generated_status_215133_7.xml deleted after successful processing.
2025-09-27 21:55:04.169 +03:00 [INF] [Thread:] File generated_status_215148_22.xml deleted after successful processing.
2025-09-27 21:55:04.130 +03:00 [INF] [Thread:] Successfully processed and published data for 4 modules from file: D:\Programming\XMLProcessor\input\generated_status_215148_15.xml
2025-09-27 21:55:04.084 +03:00 [WRN] [Thread:] File D:\Programming\XMLProcessor\input\generated_status_215153_37.xml was removed before it could be processed.
2025-09-27 21:55:04.086 +03:00 [INF] [Thread:] File generated_status_215148_14.xml deleted after successful processing.
2025-09-27 21:55:04.088 +03:00 [INF] [Thread:] File generated_status_215148_12.xml deleted after successful processing.
2025-09-27 21:55:04.089 +03:00 [INF] [Thread:] Successfully processed and published data for 3 modules from file: D:\Programming\XMLProcessor\input\generated_status_215153_46.xml
2025-09-27 21:55:04.090 +03:00 [INF] [Thread:] Successfully processed and published data for 2 modules from file: D:\Programming\XMLProcessor\input\generated_status_215127_1.xml
2025-09-27 21:55:04.091 +03:00 [INF] [Thread:] File generated_status_215117_3.xml deleted after successful processing.
2025-09-27 21:55:04.092 +03:00 [INF] [Thread:] File generated_status_215119_1.xml deleted after successful processing.
2025-09-27 21:55:04.177 +03:00 [ERR] [Thread:] Failed to move corrupted file generated_status_215152_23.xml to error directory.
System.IO.FileNotFoundException: Could not find file 'D:\Programming\XMLProcessor\input\generated_status_215152_23.xml'.
File name: 'D:\Programming\XMLProcessor\input\generated_status_215152_23.xml'
   at System.IO.File.Move(String sourceFileName, String destFileName, Boolean overwrite)
   at FileParserService.Services.FileProcessorService.MoveFileToErrorDirectory(String filePath) in D:\Programming\XMLProcessor\FileParserServiceSln\FileParserService\Services\FileProcessorService.cs:line 103
2025-09-27 21:55:04.184 +03:00 [INF] [Thread:] File generated_status_215134_12.xml deleted after successful processing.
2025-09-27 21:55:04.187 +03:00 [INF] [Thread:] File generated_status_215149_29.xml deleted after successful processing.
2025-09-27 21:55:04.187 +03:00 [INF] [Thread:] File generated_status_215134_47.xml deleted after successful processing.
2025-09-27 21:55:04.191 +03:00 [INF] [Thread:] File generated_status_215149_28.xml deleted after successful processing.
2025-09-27 21:55:04.192 +03:00 [INF] [Thread:] File generated_status_215152_24.xml deleted after successful processing.
2025-09-27 21:55:04.203 +03:00 [INF] [Thread:] File generated_status_215148_15.xml deleted after successful processing.
2025-09-27 21:55:04.207 +03:00 [INF] [Thread:] Successfully processed and published data for 4 modules from file: D:\Programming\XMLProcessor\input\generated_status_215134_45.xml
2025-09-27 21:55:04.208 +03:00 [INF] [Thread:] File generated_status_215153_46.xml deleted after successful processing.
2025-09-27 21:55:04.209 +03:00 [INF] [Thread:] File generated_status_215127_1.xml deleted after successful processing.
2025-09-27 21:55:04.211 +03:00 [INF] [Thread:] Successfully processed and published data for 5 modules from file: D:\Programming\XMLProcessor\input\generated_status_215134_46.xml
2025-09-27 21:55:04.212 +03:00 [INF] [Thread:] Successfully processed and published data for 2 modules from file: D:\Programming\XMLProcessor\input\generated_status_215149_48.xml
2025-09-27 21:55:04.214 +03:00 [WRN] [Thread:] File D:\Programming\XMLProcessor\input\generated_status_215152_22.xml was removed before it could be processed.
2025-09-27 21:55:04.215 +03:00 [INF] [Thread:] Successfully processed and published data for 2 modules from file: D:\Programming\XMLProcessor\input\generated_status_215149_50.xml
2025-09-27 21:55:04.217 +03:00 [INF] [Thread:] Successfully processed and published data for 4 modules from file: D:\Programming\XMLProcessor\input\generated_status_215149_49.xml
2025-09-27 21:55:04.218 +03:00 [INF] [Thread:] Successfully processed and published data for 4 modules from file: D:\Programming\XMLProcessor\input\generated_status_215152_1.xml
2025-09-27 21:55:04.219 +03:00 [INF] [Thread:] Successfully processed and published data for 3 modules from file: D:\Programming\XMLProcessor\input\generated_status_215152_11.xml
2025-09-27 21:55:04.220 +03:00 [INF] [Thread:] Successfully processed and published data for 2 modules from file: D:\Programming\XMLProcessor\input\generated_status_215152_10.xml
2025-09-27 21:55:04.221 +03:00 [INF] [Thread:] Successfully processed and published data for 2 modules from file: D:\Programming\XMLProcessor\input\generated_status_215152_12.xml
2025-09-27 21:55:04.222 +03:00 [INF] [Thread:] File generated_status_215134_45.xml deleted after successful processing.
2025-09-27 21:55:04.223 +03:00 [INF] [Thread:] Successfully processed and published data for 5 modules from file: D:\Programming\XMLProcessor\input\generated_status_215152_14.xml
2025-09-27 21:55:04.225 +03:00 [INF] [Thread:] Successfully processed and published data for 4 modules from file: D:\Programming\XMLProcessor\input\generated_status_215152_16.xml
2025-09-27 21:55:04.226 +03:00 [INF] [Thread:] File generated_status_215134_46.xml deleted after successful processing.
2025-09-27 21:55:04.226 +03:00 [INF] [Thread:] File generated_status_215149_48.xml deleted after successful processing.
2025-09-27 21:55:04.228 +03:00 [WRN] [Thread:] File D:\Programming\XMLProcessor\input\generated_status_215148_22.xml was removed before it could be processed.
2025-09-27 21:55:04.229 +03:00 [INF] [Thread:] File generated_status_215149_50.xml deleted after successful processing.
2025-09-27 21:55:04.230 +03:00 [INF] [Thread:] File generated_status_215149_49.xml deleted after successful processing.
2025-09-27 21:55:04.231 +03:00 [INF] [Thread:] File generated_status_215152_1.xml deleted after successful processing.
2025-09-27 21:55:04.232 +03:00 [INF] [Thread:] File generated_status_215152_11.xml deleted after successful processing.
2025-09-27 21:55:04.233 +03:00 [INF] [Thread:] File generated_status_215152_10.xml deleted after successful processing.
2025-09-27 21:55:04.234 +03:00 [INF] [Thread:] File generated_status_215152_12.xml deleted after successful processing.
2025-09-27 21:55:04.235 +03:00 [INF] [Thread:] Successfully processed and published data for 2 modules from file: D:\Programming\XMLProcessor\input\generated_status_215152_15.xml
2025-09-27 21:55:04.236 +03:00 [INF] [Thread:] File generated_status_215152_14.xml deleted after successful processing.
2025-09-27 21:55:04.237 +03:00 [INF] [Thread:] File generated_status_215152_16.xml deleted after successful processing.
2025-09-27 21:55:04.238 +03:00 [INF] [Thread:] Successfully processed and published data for 2 modules from file: D:\Programming\XMLProcessor\input\generated_status_215152_17.xml
2025-09-27 21:55:04.239 +03:00 [INF] [Thread:] Successfully processed and published data for 4 modules from file: D:\Programming\XMLProcessor\input\generated_status_215152_18.xml
2025-09-27 21:55:04.240 +03:00 [WRN] [Thread:] File D:\Programming\XMLProcessor\input\generated_status_215148_16.xml was removed before it could be processed.
2025-09-27 21:55:04.242 +03:00 [INF] [Thread:] Successfully processed and published data for 4 modules from file: D:\Programming\XMLProcessor\input\generated_status_215152_2.xml
2025-09-27 21:55:04.243 +03:00 [INF] [Thread:] Successfully processed and published data for 3 modules from file: D:\Programming\XMLProcessor\input\generated_status_215152_19.xml
2025-09-27 21:55:04.244 +03:00 [INF] [Thread:] Successfully processed and published data for 2 modules from file: D:\Programming\XMLProcessor\input\generated_status_215152_20.xml
2025-09-27 21:55:04.244 +03:00 [INF] [Thread:] Successfully processed and published data for 4 modules from file: D:\Programming\XMLProcessor\input\generated_status_215152_22.xml
2025-09-27 21:55:04.245 +03:00 [INF] [Thread:] Successfully processed and published data for 4 modules from file: D:\Programming\XMLProcessor\input\generated_status_215152_21.xml
2025-09-27 21:55:04.246 +03:00 [INF] [Thread:] Successfully processed and published data for 2 modules from file: D:\Programming\XMLProcessor\input\generated_status_215152_23.xml
2025-09-27 21:55:04.247 +03:00 [INF] [Thread:] File generated_status_215152_15.xml deleted after successful processing.
2025-09-27 21:55:04.248 +03:00 [INF] [Thread:] Successfully processed and published data for 2 modules from file: D:\Programming\XMLProcessor\input\generated_status_215149_25.xml
2025-09-27 21:55:04.249 +03:00 [INF] [Thread:] Successfully processed and published data for 5 modules from file: D:\Programming\XMLProcessor\input\generated_status_215149_26.xml
2025-09-27 21:55:04.250 +03:00 [INF] [Thread:] File generated_status_215152_17.xml deleted after successful processing.
2025-09-27 21:55:04.251 +03:00 [INF] [Thread:] File generated_status_215152_18.xml deleted after successful processing.
2025-09-27 21:55:04.252 +03:00 [WRN] [Thread:] File D:\Programming\XMLProcessor\input\generated_status_215148_15.xml was removed before it could be processed.
2025-09-27 21:55:04.253 +03:00 [INF] [Thread:] File generated_status_215152_2.xml deleted after successful processing.
2025-09-27 21:55:04.254 +03:00 [INF] [Thread:] File generated_status_215152_19.xml deleted after successful processing.
2025-09-27 21:55:04.255 +03:00 [INF] [Thread:] File generated_status_215152_20.xml deleted after successful processing.
2025-09-27 21:55:04.257 +03:00 [INF] [Thread:] File generated_status_215152_22.xml deleted after successful processing.
2025-09-27 21:55:04.258 +03:00 [INF] [Thread:] File generated_status_215152_21.xml deleted after successful processing.
2025-09-27 21:55:04.259 +03:00 [INF] [Thread:] File generated_status_215152_23.xml deleted after successful processing.
2025-09-27 21:55:04.260 +03:00 [INF] [Thread:] Successfully processed and published data for 5 modules from file: D:\Programming\XMLProcessor\input\generated_status_215148_9.xml
2025-09-27 21:55:04.262 +03:00 [INF] [Thread:] File generated_status_215149_25.xml deleted after successful processing.
2025-09-27 21:55:04.263 +03:00 [INF] [Thread:] File generated_status_215149_26.xml deleted after successful processing.
2025-09-27 21:55:04.264 +03:00 [INF] [Thread:] Successfully processed and published data for 2 modules from file: D:\Programming\XMLProcessor\input\generated_status_215149_32.xml
2025-09-27 21:55:04.265 +03:00 [WRN] [Thread:] File D:\Programming\XMLProcessor\input\generated_status_215153_36.xml was removed before it could be processed.
2025-09-27 21:55:04.266 +03:00 [WRN] [Thread:] File D:\Programming\XMLProcessor\input\generated_status_215153_35.xml was removed before it could be processed.
2025-09-27 21:55:04.268 +03:00 [WRN] [Thread:] File D:\Programming\XMLProcessor\input\generated_status_215152_34.xml was removed before it could be processed.
2025-09-27 21:55:04.269 +03:00 [WRN] [Thread:] File D:\Programming\XMLProcessor\input\generated_status_215152_33.xml was removed before it could be processed.
2025-09-27 21:55:04.271 +03:00 [WRN] [Thread:] File D:\Programming\XMLProcessor\input\generated_status_215152_32.xml was removed before it could be processed.
2025-09-27 21:55:04.272 +03:00 [WRN] [Thread:] File D:\Programming\XMLProcessor\input\generated_status_215152_31.xml was removed before it could be processed.
2025-09-27 21:55:04.274 +03:00 [WRN] [Thread:] File D:\Programming\XMLProcessor\input\generated_status_215152_30.xml was removed before it could be processed.
2025-09-27 21:55:04.275 +03:00 [WRN] [Thread:] File D:\Programming\XMLProcessor\input\generated_status_215152_3.xml was removed before it could be processed.
2025-09-27 21:55:04.277 +03:00 [INF] [Thread:] File generated_status_215148_9.xml deleted after successful processing.
2025-09-27 21:55:04.279 +03:00 [WRN] [Thread:] File D:\Programming\XMLProcessor\input\generated_status_215152_29.xml was removed before it could be processed.
2025-09-27 21:55:04.280 +03:00 [WRN] [Thread:] File D:\Programming\XMLProcessor\input\generated_status_215152_28.xml was removed before it could be processed.
2025-09-27 21:55:04.281 +03:00 [INF] [Thread:] File generated_status_215149_32.xml deleted after successful processing.
2025-09-27 21:55:04.283 +03:00 [WRN] [Thread:] File D:\Programming\XMLProcessor\input\generated_status_215152_27.xml was removed before it could be processed.
2025-09-27 21:55:04.285 +03:00 [WRN] [Thread:] File D:\Programming\XMLProcessor\input\generated_status_215152_26.xml was removed before it could be processed.
2025-09-27 21:55:04.286 +03:00 [WRN] [Thread:] File D:\Programming\XMLProcessor\input\generated_status_215152_25.xml was removed before it could be processed.
2025-09-27 21:55:04.287 +03:00 [WRN] [Thread:] File D:\Programming\XMLProcessor\input\generated_status_215152_23.xml was removed before it could be processed.
2025-09-27 21:55:04.289 +03:00 [WRN] [Thread:] File D:\Programming\XMLProcessor\input\generated_status_215152_22.xml was removed before it could be processed.
2025-09-27 21:55:04.290 +03:00 [WRN] [Thread:] File D:\Programming\XMLProcessor\input\generated_status_215152_20.xml was removed before it could be processed.
2025-09-27 21:55:04.291 +03:00 [WRN] [Thread:] File D:\Programming\XMLProcessor\input\generated_status_215152_18.xml was removed before it could be processed.
2025-09-27 21:55:04.292 +03:00 [WRN] [Thread:] File D:\Programming\XMLProcessor\input\generated_status_215152_17.xml was removed before it could be processed.
2025-09-27 21:55:04.294 +03:00 [WRN] [Thread:] File D:\Programming\XMLProcessor\input\generated_status_215152_16.xml was removed before it could be processed.
2025-09-27 21:55:04.295 +03:00 [WRN] [Thread:] File D:\Programming\XMLProcessor\input\generated_status_215152_15.xml was removed before it could be processed.
2025-09-27 21:55:04.296 +03:00 [WRN] [Thread:] File D:\Programming\XMLProcessor\input\generated_status_215152_14.xml was removed before it could be processed.
2025-09-27 21:55:04.298 +03:00 [WRN] [Thread:] File D:\Programming\XMLProcessor\input\generated_status_215152_13.xml was removed before it could be processed.
2025-09-27 21:55:04.299 +03:00 [WRN] [Thread:] File D:\Programming\XMLProcessor\input\generated_status_215152_12.xml was removed before it could be processed.
2025-09-27 21:55:04.300 +03:00 [WRN] [Thread:] File D:\Programming\XMLProcessor\input\generated_status_215152_11.xml was removed before it could be processed.
2025-09-27 21:55:04.301 +03:00 [WRN] [Thread:] File D:\Programming\XMLProcessor\input\generated_status_215152_10.xml was removed before it could be processed.
2025-09-27 21:55:04.302 +03:00 [WRN] [Thread:] File D:\Programming\XMLProcessor\input\generated_status_215152_1.xml was removed before it could be processed.
2025-09-27 21:55:04.304 +03:00 [WRN] [Thread:] File D:\Programming\XMLProcessor\input\generated_status_215149_50.xml was removed before it could be processed.
2025-09-27 21:55:04.305 +03:00 [WRN] [Thread:] File D:\Programming\XMLProcessor\input\generated_status_215149_49.xml was removed before it could be processed.
2025-09-27 21:55:04.306 +03:00 [WRN] [Thread:] File D:\Programming\XMLProcessor\input\generated_status_215149_48.xml was removed before it could be processed.
2025-09-27 21:55:04.307 +03:00 [WRN] [Thread:] File D:\Programming\XMLProcessor\input\generated_status_215149_47.xml was removed before it could be processed.
2025-09-27 21:55:04.309 +03:00 [WRN] [Thread:] File D:\Programming\XMLProcessor\input\generated_status_215149_46.xml was removed before it could be processed.
2025-09-27 21:55:04.319 +03:00 [WRN] [Thread:] File D:\Programming\XMLProcessor\input\generated_status_215149_37.xml was removed before it could be processed.
2025-09-27 21:55:04.321 +03:00 [WRN] [Thread:] File D:\Programming\XMLProcessor\input\generated_status_215148_24.xml was removed before it could be processed.
2025-09-27 21:55:04.321 +03:00 [WRN] [Thread:] File D:\Programming\XMLProcessor\input\generated_status_215148_3.xml was removed before it could be processed.
2025-09-27 21:55:04.321 +03:00 [WRN] [Thread:] File D:\Programming\XMLProcessor\input\generated_status_215148_4.xml was removed before it could be processed.
2025-09-27 21:55:04.315 +03:00 [WRN] [Thread:] File D:\Programming\XMLProcessor\input\generated_status_215149_40.xml was removed before it could be processed.
2025-09-27 21:55:04.321 +03:00 [WRN] [Thread:] File D:\Programming\XMLProcessor\input\generated_status_215148_5.xml was removed before it could be processed.
2025-09-27 21:55:04.316 +03:00 [WRN] [Thread:] File D:\Programming\XMLProcessor\input\generated_status_215149_39.xml was removed before it could be processed.
2025-09-27 21:55:04.318 +03:00 [WRN] [Thread:] File D:\Programming\XMLProcessor\input\generated_status_215149_38.xml was removed before it could be processed.
2025-09-27 21:55:04.321 +03:00 [WRN] [Thread:] File D:\Programming\XMLProcessor\input\generated_status_215148_6.xml was removed before it could be processed.
2025-09-27 21:55:04.321 +03:00 [WRN] [Thread:] File D:\Programming\XMLProcessor\input\generated_status_215148_7.xml was removed before it could be processed.
2025-09-27 21:55:04.320 +03:00 [WRN] [Thread:] File D:\Programming\XMLProcessor\input\generated_status_215149_36.xml was removed before it could be processed.
2025-09-27 21:55:04.321 +03:00 [WRN] [Thread:] File D:\Programming\XMLProcessor\input\generated_status_215148_8.xml was removed before it could be processed.
2025-09-27 21:55:04.321 +03:00 [WRN] [Thread:] File D:\Programming\XMLProcessor\input\generated_status_215148_9.xml was removed before it could be processed.
2025-09-27 21:55:04.321 +03:00 [WRN] [Thread:] File D:\Programming\XMLProcessor\input\generated_status_215149_25.xml was removed before it could be processed.
2025-09-27 21:55:04.321 +03:00 [WRN] [Thread:] File D:\Programming\XMLProcessor\input\generated_status_215149_26.xml was removed before it could be processed.
2025-09-27 21:55:04.321 +03:00 [WRN] [Thread:] File D:\Programming\XMLProcessor\input\generated_status_215149_27.xml was removed before it could be processed.
2025-09-27 21:55:04.321 +03:00 [WRN] [Thread:] File D:\Programming\XMLProcessor\input\generated_status_215149_28.xml was removed before it could be processed.
2025-09-27 21:55:04.321 +03:00 [WRN] [Thread:] File D:\Programming\XMLProcessor\input\generated_status_215149_29.xml was removed before it could be processed.
2025-09-27 21:55:04.321 +03:00 [WRN] [Thread:] File D:\Programming\XMLProcessor\input\generated_status_215149_30.xml was removed before it could be processed.
2025-09-27 21:55:04.321 +03:00 [WRN] [Thread:] File D:\Programming\XMLProcessor\input\generated_status_215149_31.xml was removed before it could be processed.
2025-09-27 21:55:04.321 +03:00 [WRN] [Thread:] File D:\Programming\XMLProcessor\input\generated_status_215148_23.xml was removed before it could be processed.
2025-09-27 21:55:04.314 +03:00 [WRN] [Thread:] File D:\Programming\XMLProcessor\input\generated_status_215149_41.xml was removed before it could be processed.
2025-09-27 21:55:04.321 +03:00 [WRN] [Thread:] File D:\Programming\XMLProcessor\input\generated_status_215149_32.xml was removed before it could be processed.
2025-09-27 21:55:04.321 +03:00 [WRN] [Thread:] File D:\Programming\XMLProcessor\input\generated_status_215149_35.xml was removed before it could be processed.
2025-09-27 21:55:04.321 +03:00 [WRN] [Thread:] File D:\Programming\XMLProcessor\input\generated_status_215149_33.xml was removed before it could be processed.
2025-09-27 21:55:04.321 +03:00 [WRN] [Thread:] File D:\Programming\XMLProcessor\input\generated_status_215149_34.xml was removed before it could be processed.
2025-09-27 21:55:04.323 +03:00 [WRN] [Thread:] File D:\Programming\XMLProcessor\input\generated_status_215148_22.xml was removed before it could be processed.
2025-09-27 21:55:04.310 +03:00 [WRN] [Thread:] File D:\Programming\XMLProcessor\input\generated_status_215149_45.xml was removed before it could be processed.
2025-09-27 21:55:04.311 +03:00 [WRN] [Thread:] File D:\Programming\XMLProcessor\input\generated_status_215149_44.xml was removed before it could be processed.
2025-09-27 21:55:04.312 +03:00 [WRN] [Thread:] File D:\Programming\XMLProcessor\input\generated_status_215149_43.xml was removed before it could be processed.
2025-09-27 21:55:04.313 +03:00 [WRN] [Thread:] File D:\Programming\XMLProcessor\input\generated_status_215149_42.xml was removed before it could be processed.
2025-09-27 21:55:04.329 +03:00 [WRN] [Thread:] File D:\Programming\XMLProcessor\input\generated_status_215148_21.xml was removed before it could be processed.
2025-09-27 21:55:04.330 +03:00 [WRN] [Thread:] File D:\Programming\XMLProcessor\input\generated_status_215148_2.xml was removed before it could be processed.
2025-09-27 21:55:04.331 +03:00 [WRN] [Thread:] File D:\Programming\XMLProcessor\input\generated_status_215148_19.xml was removed before it could be processed.
2025-09-27 21:55:04.332 +03:00 [WRN] [Thread:] File D:\Programming\XMLProcessor\input\generated_status_215148_18.xml was removed before it could be processed.
2025-09-27 21:55:04.332 +03:00 [WRN] [Thread:] File D:\Programming\XMLProcessor\input\generated_status_215148_17.xml was removed before it could be processed.
2025-09-27 21:55:04.334 +03:00 [WRN] [Thread:] File D:\Programming\XMLProcessor\input\generated_status_215148_16.xml was removed before it could be processed.
2025-09-27 21:55:04.335 +03:00 [WRN] [Thread:] File D:\Programming\XMLProcessor\input\generated_status_215148_15.xml was removed before it could be processed.
2025-09-27 21:55:04.336 +03:00 [WRN] [Thread:] File D:\Programming\XMLProcessor\input\generated_status_215148_14.xml was removed before it could be processed.
2025-09-27 21:55:04.337 +03:00 [WRN] [Thread:] File D:\Programming\XMLProcessor\input\generated_status_215148_13.xml was removed before it could be processed.
2025-09-27 21:55:04.338 +03:00 [WRN] [Thread:] File D:\Programming\XMLProcessor\input\generated_status_215148_12.xml was removed before it could be processed.
2025-09-27 21:55:04.339 +03:00 [WRN] [Thread:] File D:\Programming\XMLProcessor\input\generated_status_215148_11.xml was removed before it could be processed.
2025-09-27 21:55:04.340 +03:00 [WRN] [Thread:] File D:\Programming\XMLProcessor\input\generated_status_215148_10.xml was removed before it could be processed.
2025-09-27 21:55:04.341 +03:00 [WRN] [Thread:] File D:\Programming\XMLProcessor\input\generated_status_215148_1.xml was removed before it could be processed.
2025-09-27 21:55:04.342 +03:00 [WRN] [Thread:] File D:\Programming\XMLProcessor\input\generated_status_215134_50.xml was removed before it could be processed.
2025-09-27 21:55:04.343 +03:00 [WRN] [Thread:] File D:\Programming\XMLProcessor\input\generated_status_215134_49.xml was removed before it could be processed.
2025-09-27 21:55:04.344 +03:00 [WRN] [Thread:] File D:\Programming\XMLProcessor\input\generated_status_215134_48.xml was removed before it could be processed.
2025-09-27 21:55:04.345 +03:00 [WRN] [Thread:] File D:\Programming\XMLProcessor\input\generated_status_215134_47.xml was removed before it could be processed.
2025-09-27 21:55:04.346 +03:00 [WRN] [Thread:] File D:\Programming\XMLProcessor\input\generated_status_215134_46.xml was removed before it could be processed.
2025-09-27 21:55:04.347 +03:00 [WRN] [Thread:] File D:\Programming\XMLProcessor\input\generated_status_215134_45.xml was removed before it could be processed.
2025-09-27 21:55:04.348 +03:00 [WRN] [Thread:] File D:\Programming\XMLProcessor\input\generated_status_215134_43.xml was removed before it could be processed.
2025-09-27 21:55:04.349 +03:00 [WRN] [Thread:] File D:\Programming\XMLProcessor\input\generated_status_215134_42.xml was removed before it could be processed.
2025-09-27 21:55:04.350 +03:00 [WRN] [Thread:] File D:\Programming\XMLProcessor\input\generated_status_215134_37.xml was removed before it could be processed.
2025-09-27 21:55:04.351 +03:00 [WRN] [Thread:] File D:\Programming\XMLProcessor\input\generated_status_215134_28.xml was removed before it could be processed.
2025-09-27 21:55:04.352 +03:00 [WRN] [Thread:] File D:\Programming\XMLProcessor\input\generated_status_215134_27.xml was removed before it could be processed.
2025-09-27 21:55:04.353 +03:00 [WRN] [Thread:] File D:\Programming\XMLProcessor\input\generated_status_215134_26.xml was removed before it could be processed.
2025-09-27 21:55:04.355 +03:00 [WRN] [Thread:] File D:\Programming\XMLProcessor\input\generated_status_215134_25.xml was removed before it could be processed.
2025-09-27 21:55:04.356 +03:00 [WRN] [Thread:] File D:\Programming\XMLProcessor\input\generated_status_215134_24.xml was removed before it could be processed.
2025-09-27 21:55:04.357 +03:00 [WRN] [Thread:] File D:\Programming\XMLProcessor\input\generated_status_215134_23.xml was removed before it could be processed.
2025-09-27 21:55:04.358 +03:00 [WRN] [Thread:] File D:\Programming\XMLProcessor\input\generated_status_215134_22.xml was removed before it could be processed.
2025-09-27 21:55:04.359 +03:00 [WRN] [Thread:] File D:\Programming\XMLProcessor\input\generated_status_215134_21.xml was removed before it could be processed.
2025-09-27 21:55:04.360 +03:00 [WRN] [Thread:] File D:\Programming\XMLProcessor\input\generated_status_215134_20.xml was removed before it could be processed.
2025-09-27 21:55:04.361 +03:00 [WRN] [Thread:] File D:\Programming\XMLProcessor\input\generated_status_215134_19.xml was removed before it could be processed.
2025-09-27 21:55:04.362 +03:00 [WRN] [Thread:] File D:\Programming\XMLProcessor\input\generated_status_215134_18.xml was removed before it could be processed.
2025-09-27 21:55:04.363 +03:00 [WRN] [Thread:] File D:\Programming\XMLProcessor\input\generated_status_215134_17.xml was removed before it could be processed.
2025-09-27 21:55:04.364 +03:00 [WRN] [Thread:] File D:\Programming\XMLProcessor\input\generated_status_215134_16.xml was removed before it could be processed.
2025-09-27 21:55:04.365 +03:00 [WRN] [Thread:] File D:\Programming\XMLProcessor\input\generated_status_215134_13.xml was removed before it could be processed.
2025-09-27 21:55:04.366 +03:00 [WRN] [Thread:] File D:\Programming\XMLProcessor\input\generated_status_215134_12.xml was removed before it could be processed.
2025-09-27 21:55:04.367 +03:00 [WRN] [Thread:] File D:\Programming\XMLProcessor\input\generated_status_215133_9.xml was removed before it could be processed.
2025-09-27 21:55:04.368 +03:00 [WRN] [Thread:] File D:\Programming\XMLProcessor\input\generated_status_215133_8.xml was removed before it could be processed.
2025-09-27 21:55:26.288 +03:00 [INF] [Thread:] Found 50 file(s) to process in 'DeleteAfterProcessing' mode.
2025-09-27 21:55:26.292 +03:00 [INF] [Thread:] Processing file: D:\Programming\XMLProcessor\input\generated_status_215525_11.xml
2025-09-27 21:55:26.292 +03:00 [INF] [Thread:] Processing file: D:\Programming\XMLProcessor\input\generated_status_215525_1.xml
2025-09-27 21:55:26.302 +03:00 [INF] [Thread:] Processing file: D:\Programming\XMLProcessor\input\generated_status_215525_13.xml
2025-09-27 21:55:26.292 +03:00 [INF] [Thread:] Processing file: D:\Programming\XMLProcessor\input\generated_status_215525_10.xml
2025-09-27 21:55:26.292 +03:00 [INF] [Thread:] Processing file: D:\Programming\XMLProcessor\input\generated_status_215525_9.xml
2025-09-27 21:55:26.298 +03:00 [INF] [Thread:] Processing file: D:\Programming\XMLProcessor\input\generated_status_215525_12.xml
2025-09-27 21:55:26.308 +03:00 [INF] [Thread:] Processing file: D:\Programming\XMLProcessor\input\generated_status_215525_14.xml
2025-09-27 21:55:26.330 +03:00 [INF] [Thread:] Processing file: D:\Programming\XMLProcessor\input\generated_status_215525_17.xml
2025-09-27 21:55:26.338 +03:00 [INF] [Thread:] Processing file: D:\Programming\XMLProcessor\input\generated_status_215525_2.xml
2025-09-27 21:55:26.338 +03:00 [INF] [Thread:] Processing file: D:\Programming\XMLProcessor\input\generated_status_215525_18.xml
2025-09-27 21:55:26.346 +03:00 [INF] [Thread:] Processing file: D:\Programming\XMLProcessor\input\generated_status_215525_8.xml
2025-09-27 21:55:26.314 +03:00 [INF] [Thread:] Processing file: D:\Programming\XMLProcessor\input\generated_status_215525_15.xml
2025-09-27 21:55:26.321 +03:00 [INF] [Thread:] Processing file: D:\Programming\XMLProcessor\input\generated_status_215525_16.xml
2025-09-27 21:55:26.362 +03:00 [INF] [Thread:] Processing file: D:\Programming\XMLProcessor\input\generated_status_215525_22.xml
2025-09-27 21:55:26.363 +03:00 [INF] [Thread:] Processing file: D:\Programming\XMLProcessor\input\generated_status_215525_25.xml
2025-09-27 21:55:26.364 +03:00 [INF] [Thread:] Processing file: D:\Programming\XMLProcessor\input\generated_status_215525_26.xml
2025-09-27 21:55:26.363 +03:00 [INF] [Thread:] Processing file: D:\Programming\XMLProcessor\input\generated_status_215525_24.xml
2025-09-27 21:55:26.338 +03:00 [INF] [Thread:] Processing file: D:\Programming\XMLProcessor\input\generated_status_215525_19.xml
2025-09-27 21:55:26.358 +03:00 [INF] [Thread:] Processing file: D:\Programming\XMLProcessor\input\generated_status_215525_21.xml
2025-09-27 21:55:26.357 +03:00 [INF] [Thread:] Processing file: D:\Programming\XMLProcessor\input\generated_status_215525_20.xml
2025-09-27 21:55:26.363 +03:00 [INF] [Thread:] Processing file: D:\Programming\XMLProcessor\input\generated_status_215525_23.xml
2025-09-27 21:55:26.381 +03:00 [INF] [Thread:] Processing file: D:\Programming\XMLProcessor\input\generated_status_215525_7.xml
2025-09-27 21:55:26.387 +03:00 [INF] [Thread:] Successfully processed and published data for 2 modules from file: D:\Programming\XMLProcessor\input\generated_status_215525_12.xml
2025-09-27 21:55:26.401 +03:00 [INF] [Thread:] Successfully processed and published data for 5 modules from file: D:\Programming\XMLProcessor\input\generated_status_215525_17.xml
2025-09-27 21:55:26.404 +03:00 [INF] [Thread:] File generated_status_215525_12.xml deleted after successful processing.
2025-09-27 21:55:26.413 +03:00 [INF] [Thread:] File generated_status_215525_17.xml deleted after successful processing.
2025-09-27 21:55:26.421 +03:00 [INF] [Thread:] Successfully processed and published data for 5 modules from file: D:\Programming\XMLProcessor\input\generated_status_215525_10.xml
2025-09-27 21:55:26.419 +03:00 [INF] [Thread:] Processing file: D:\Programming\XMLProcessor\input\generated_status_215525_6.xml
2025-09-27 21:55:26.423 +03:00 [INF] [Thread:] Successfully processed and published data for 5 modules from file: D:\Programming\XMLProcessor\input\generated_status_215525_8.xml
2025-09-27 21:55:26.426 +03:00 [INF] [Thread:] Processing file: D:\Programming\XMLProcessor\input\generated_status_215525_27.xml
2025-09-27 21:55:26.425 +03:00 [INF] [Thread:] Successfully processed and published data for 4 modules from file: D:\Programming\XMLProcessor\input\generated_status_215525_1.xml
2025-09-27 21:55:26.425 +03:00 [INF] [Thread:] Successfully processed and published data for 4 modules from file: D:\Programming\XMLProcessor\input\generated_status_215525_9.xml
2025-09-27 21:55:26.425 +03:00 [INF] [Thread:] Successfully processed and published data for 3 modules from file: D:\Programming\XMLProcessor\input\generated_status_215525_11.xml
2025-09-27 21:55:26.426 +03:00 [INF] [Thread:] Processing file: D:\Programming\XMLProcessor\input\generated_status_215525_28.xml
2025-09-27 21:55:26.417 +03:00 [INF] [Thread:] Successfully processed and published data for 5 modules from file: D:\Programming\XMLProcessor\input\generated_status_215525_13.xml
2025-09-27 21:55:26.429 +03:00 [INF] [Thread:] Processing file: D:\Programming\XMLProcessor\input\generated_status_215525_29.xml
2025-09-27 21:55:26.430 +03:00 [INF] [Thread:] Successfully processed and published data for 2 modules from file: D:\Programming\XMLProcessor\input\generated_status_215525_2.xml
2025-09-27 21:55:26.430 +03:00 [INF] [Thread:] File generated_status_215525_10.xml deleted after successful processing.
2025-09-27 21:55:26.430 +03:00 [INF] [Thread:] Processing file: D:\Programming\XMLProcessor\input\generated_status_215525_3.xml
2025-09-27 21:55:26.449 +03:00 [INF] [Thread:] File generated_status_215525_2.xml deleted after successful processing.
2025-09-27 21:55:26.433 +03:00 [INF] [Thread:] File generated_status_215525_8.xml deleted after successful processing.
2025-09-27 21:55:26.436 +03:00 [INF] [Thread:] File generated_status_215525_1.xml deleted after successful processing.
2025-09-27 21:55:26.440 +03:00 [INF] [Thread:] File generated_status_215525_9.xml deleted after successful processing.
2025-09-27 21:55:26.459 +03:00 [INF] [Thread:] Processing file: D:\Programming\XMLProcessor\input\generated_status_215525_50.xml
2025-09-27 21:55:26.454 +03:00 [INF] [Thread:] Successfully processed and published data for 3 modules from file: D:\Programming\XMLProcessor\input\generated_status_215525_15.xml
2025-09-27 21:55:26.450 +03:00 [INF] [Thread:] Successfully processed and published data for 4 modules from file: D:\Programming\XMLProcessor\input\generated_status_215525_16.xml
2025-09-27 21:55:26.455 +03:00 [INF] [Thread:] Processing file: D:\Programming\XMLProcessor\input\generated_status_215525_30.xml
2025-09-27 21:55:26.456 +03:00 [INF] [Thread:] Processing file: D:\Programming\XMLProcessor\input\generated_status_215525_31.xml
2025-09-27 21:55:26.460 +03:00 [INF] [Thread:] Successfully processed and published data for 2 modules from file: D:\Programming\XMLProcessor\input\generated_status_215525_14.xml
2025-09-27 21:55:26.465 +03:00 [INF] [Thread:] File generated_status_215525_15.xml deleted after successful processing.
2025-09-27 21:55:26.467 +03:00 [INF] [Thread:] File generated_status_215525_16.xml deleted after successful processing.
2025-09-27 21:55:26.477 +03:00 [INF] [Thread:] Processing file: D:\Programming\XMLProcessor\input\generated_status_215525_34.xml
2025-09-27 21:55:26.464 +03:00 [INF] [Thread:] Successfully processed and published data for 5 modules from file: D:\Programming\XMLProcessor\input\generated_status_215525_7.xml
2025-09-27 21:55:26.473 +03:00 [INF] [Thread:] File generated_status_215525_14.xml deleted after successful processing.
2025-09-27 21:55:26.443 +03:00 [INF] [Thread:] File generated_status_215525_11.xml deleted after successful processing.
2025-09-27 21:55:26.476 +03:00 [INF] [Thread:] Processing file: D:\Programming\XMLProcessor\input\generated_status_215525_32.xml
2025-09-27 21:55:26.481 +03:00 [INF] [Thread:] Processing file: D:\Programming\XMLProcessor\input\generated_status_215525_35.xml
2025-09-27 21:55:26.487 +03:00 [INF] [Thread:] Processing file: D:\Programming\XMLProcessor\input\generated_status_215525_5.xml
2025-09-27 21:55:26.483 +03:00 [INF] [Thread:] File generated_status_215525_7.xml deleted after successful processing.
2025-09-27 21:55:26.481 +03:00 [INF] [Thread:] Processing file: D:\Programming\XMLProcessor\input\generated_status_215525_36.xml
2025-09-27 21:55:26.484 +03:00 [INF] [Thread:] Processing file: D:\Programming\XMLProcessor\input\generated_status_215525_37.xml
2025-09-27 21:55:26.498 +03:00 [INF] [Thread:] Processing file: D:\Programming\XMLProcessor\input\generated_status_215525_38.xml
2025-09-27 21:55:26.498 +03:00 [INF] [Thread:] Successfully processed and published data for 3 modules from file: D:\Programming\XMLProcessor\input\generated_status_215525_23.xml
2025-09-27 21:55:26.490 +03:00 [INF] [Thread:] Successfully processed and published data for 3 modules from file: D:\Programming\XMLProcessor\input\generated_status_215525_3.xml
2025-09-27 21:55:26.513 +03:00 [INF] [Thread:] Successfully processed and published data for 5 modules from file: D:\Programming\XMLProcessor\input\generated_status_215525_30.xml
2025-09-27 21:55:26.517 +03:00 [INF] [Thread:] Processing file: D:\Programming\XMLProcessor\input\generated_status_215525_49.xml
2025-09-27 21:55:26.527 +03:00 [INF] [Thread:] File generated_status_215525_30.xml deleted after successful processing.
2025-09-27 21:55:26.526 +03:00 [INF] [Thread:] Processing file: D:\Programming\XMLProcessor\input\generated_status_215525_4.xml
2025-09-27 21:55:26.531 +03:00 [INF] [Thread:] Successfully processed and published data for 3 modules from file: D:\Programming\XMLProcessor\input\generated_status_215525_50.xml
2025-09-27 21:55:26.535 +03:00 [INF] [Thread:] Successfully processed and published data for 3 modules from file: D:\Programming\XMLProcessor\input\generated_status_215525_31.xml
2025-09-27 21:55:26.506 +03:00 [INF] [Thread:] File generated_status_215525_23.xml deleted after successful processing.
2025-09-27 21:55:26.502 +03:00 [INF] [Thread:] Processing file: D:\Programming\XMLProcessor\input\generated_status_215525_39.xml
2025-09-27 21:55:26.533 +03:00 [INF] [Thread:] Processing file: D:\Programming\XMLProcessor\input\generated_status_215525_41.xml
2025-09-27 21:55:26.519 +03:00 [INF] [Thread:] File generated_status_215525_3.xml deleted after successful processing.
2025-09-27 21:55:26.530 +03:00 [INF] [Thread:] Processing file: D:\Programming\XMLProcessor\input\generated_status_215525_40.xml
2025-09-27 21:55:26.476 +03:00 [INF] [Thread:] Processing file: D:\Programming\XMLProcessor\input\generated_status_215525_33.xml
2025-09-27 21:55:26.446 +03:00 [INF] [Thread:] File generated_status_215525_13.xml deleted after successful processing.
2025-09-27 21:55:26.537 +03:00 [INF] [Thread:] Processing file: D:\Programming\XMLProcessor\input\generated_status_215525_42.xml
2025-09-27 21:55:26.538 +03:00 [INF] [Thread:] File generated_status_215525_50.xml deleted after successful processing.
2025-09-27 21:55:26.539 +03:00 [INF] [Thread:] File generated_status_215525_31.xml deleted after successful processing.
2025-09-27 21:55:26.540 +03:00 [INF] [Thread:] Successfully processed and published data for 5 modules from file: D:\Programming\XMLProcessor\input\generated_status_215525_20.xml
2025-09-27 21:55:26.553 +03:00 [INF] [Thread:] Processing file: D:\Programming\XMLProcessor\input\generated_status_215525_48.xml
2025-09-27 21:55:26.551 +03:00 [INF] [Thread:] Processing file: D:\Programming\XMLProcessor\input\generated_status_215525_44.xml
2025-09-27 21:55:26.552 +03:00 [INF] [Thread:] Processing file: D:\Programming\XMLProcessor\input\generated_status_215525_45.xml
2025-09-27 21:55:26.554 +03:00 [INF] [Thread:] File generated_status_215525_20.xml deleted after successful processing.
2025-09-27 21:55:26.565 +03:00 [INF] [Thread:] Successfully processed and published data for 5 modules from file: D:\Programming\XMLProcessor\input\generated_status_215525_21.xml
2025-09-27 21:55:26.548 +03:00 [INF] [Thread:] Processing file: D:\Programming\XMLProcessor\input\generated_status_215525_43.xml
2025-09-27 21:55:26.563 +03:00 [INF] [Thread:] Successfully processed and published data for 3 modules from file: D:\Programming\XMLProcessor\input\generated_status_215525_36.xml
2025-09-27 21:55:26.567 +03:00 [INF] [Thread:] File generated_status_215525_21.xml deleted after successful processing.
2025-09-27 21:55:26.580 +03:00 [INF] [Thread:] File generated_status_215525_36.xml deleted after successful processing.
2025-09-27 21:55:26.582 +03:00 [INF] [Thread:] Processing file: D:\Programming\XMLProcessor\input\generated_status_215525_47.xml
2025-09-27 21:55:26.584 +03:00 [INF] [Thread:] Successfully processed and published data for 2 modules from file: D:\Programming\XMLProcessor\input\generated_status_215525_19.xml
2025-09-27 21:55:26.592 +03:00 [INF] [Thread:] Processing file: D:\Programming\XMLProcessor\input\generated_status_215525_46.xml
2025-09-27 21:55:26.588 +03:00 [INF] [Thread:] Successfully processed and published data for 3 modules from file: D:\Programming\XMLProcessor\input\generated_status_215525_5.xml
2025-09-27 21:55:26.590 +03:00 [INF] [Thread:] Successfully processed and published data for 2 modules from file: D:\Programming\XMLProcessor\input\generated_status_215525_37.xml
2025-09-27 21:55:26.614 +03:00 [INF] [Thread:] File generated_status_215525_5.xml deleted after successful processing.
2025-09-27 21:55:26.627 +03:00 [INF] [Thread:] File generated_status_215525_37.xml deleted after successful processing.
2025-09-27 21:55:26.637 +03:00 [INF] [Thread:] Successfully processed and published data for 2 modules from file: D:\Programming\XMLProcessor\input\generated_status_215525_24.xml
2025-09-27 21:55:26.637 +03:00 [INF] [Thread:] Successfully processed and published data for 2 modules from file: D:\Programming\XMLProcessor\input\generated_status_215525_27.xml
2025-09-27 21:55:26.659 +03:00 [INF] [Thread:] Successfully processed and published data for 2 modules from file: D:\Programming\XMLProcessor\input\generated_status_215525_29.xml
2025-09-27 21:55:26.667 +03:00 [INF] [Thread:] File generated_status_215525_24.xml deleted after successful processing.
2025-09-27 21:55:26.670 +03:00 [INF] [Thread:] File generated_status_215525_27.xml deleted after successful processing.
2025-09-27 21:55:26.685 +03:00 [INF] [Thread:] Successfully processed and published data for 3 modules from file: D:\Programming\XMLProcessor\input\generated_status_215525_49.xml
2025-09-27 21:55:26.696 +03:00 [INF] [Thread:] Successfully processed and published data for 3 modules from file: D:\Programming\XMLProcessor\input\generated_status_215525_47.xml
2025-09-27 21:55:26.706 +03:00 [INF] [Thread:] File generated_status_215525_49.xml deleted after successful processing.
2025-09-27 21:55:26.722 +03:00 [INF] [Thread:] File generated_status_215525_47.xml deleted after successful processing.
2025-09-27 21:55:26.727 +03:00 [INF] [Thread:] Successfully processed and published data for 2 modules from file: D:\Programming\XMLProcessor\input\generated_status_215525_44.xml
2025-09-27 21:55:26.676 +03:00 [INF] [Thread:] File generated_status_215525_29.xml deleted after successful processing.
2025-09-27 21:55:26.625 +03:00 [INF] [Thread:] Successfully processed and published data for 5 modules from file: D:\Programming\XMLProcessor\input\generated_status_215525_22.xml
2025-09-27 21:55:26.592 +03:00 [INF] [Thread:] Successfully processed and published data for 5 modules from file: D:\Programming\XMLProcessor\input\generated_status_215525_18.xml
2025-09-27 21:55:26.601 +03:00 [INF] [Thread:] File generated_status_215525_19.xml deleted after successful processing.
2025-09-27 21:55:26.603 +03:00 [INF] [Thread:] Successfully processed and published data for 2 modules from file: D:\Programming\XMLProcessor\input\generated_status_215525_25.xml
2025-09-27 21:55:26.588 +03:00 [INF] [Thread:] Successfully processed and published data for 4 modules from file: D:\Programming\XMLProcessor\input\generated_status_215525_32.xml
2025-09-27 21:55:26.588 +03:00 [INF] [Thread:] Successfully processed and published data for 4 modules from file: D:\Programming\XMLProcessor\input\generated_status_215525_35.xml
2025-09-27 21:55:26.544 +03:00 [INF] [Thread:] Successfully processed and published data for 3 modules from file: D:\Programming\XMLProcessor\input\generated_status_215525_28.xml
2025-09-27 21:55:26.581 +03:00 [INF] [Thread:] Successfully processed and published data for 4 modules from file: D:\Programming\XMLProcessor\input\generated_status_215525_38.xml
2025-09-27 21:55:26.575 +03:00 [INF] [Thread:] Successfully processed and published data for 5 modules from file: D:\Programming\XMLProcessor\input\generated_status_215525_34.xml
2025-09-27 21:55:26.603 +03:00 [INF] [Thread:] Successfully processed and published data for 3 modules from file: D:\Programming\XMLProcessor\input\generated_status_215525_6.xml
2025-09-27 21:55:26.609 +03:00 [INF] [Thread:] Successfully processed and published data for 2 modules from file: D:\Programming\XMLProcessor\input\generated_status_215525_4.xml
2025-09-27 21:55:26.625 +03:00 [INF] [Thread:] Successfully processed and published data for 3 modules from file: D:\Programming\XMLProcessor\input\generated_status_215525_26.xml
2025-09-27 21:55:26.628 +03:00 [INF] [Thread:] Successfully processed and published data for 3 modules from file: D:\Programming\XMLProcessor\input\generated_status_215525_48.xml
2025-09-27 21:55:26.660 +03:00 [INF] [Thread:] Successfully processed and published data for 4 modules from file: D:\Programming\XMLProcessor\input\generated_status_215525_45.xml
2025-09-27 21:55:26.675 +03:00 [INF] [Thread:] Successfully processed and published data for 5 modules from file: D:\Programming\XMLProcessor\input\generated_status_215525_43.xml
2025-09-27 21:55:26.677 +03:00 [INF] [Thread:] Successfully processed and published data for 2 modules from file: D:\Programming\XMLProcessor\input\generated_status_215525_39.xml
2025-09-27 21:55:26.686 +03:00 [INF] [Thread:] Successfully processed and published data for 3 modules from file: D:\Programming\XMLProcessor\input\generated_status_215525_41.xml
2025-09-27 21:55:26.697 +03:00 [INF] [Thread:] Successfully processed and published data for 2 modules from file: D:\Programming\XMLProcessor\input\generated_status_215525_33.xml
2025-09-27 21:55:26.708 +03:00 [INF] [Thread:] Successfully processed and published data for 4 modules from file: D:\Programming\XMLProcessor\input\generated_status_215525_40.xml
2025-09-27 21:55:26.723 +03:00 [INF] [Thread:] Successfully processed and published data for 3 modules from file: D:\Programming\XMLProcessor\input\generated_status_215525_46.xml
2025-09-27 21:55:26.727 +03:00 [INF] [Thread:] Successfully processed and published data for 4 modules from file: D:\Programming\XMLProcessor\input\generated_status_215525_42.xml
2025-09-27 21:55:26.754 +03:00 [INF] [Thread:] File generated_status_215525_44.xml deleted after successful processing.
2025-09-27 21:55:26.757 +03:00 [INF] [Thread:] File generated_status_215525_22.xml deleted after successful processing.
2025-09-27 21:55:26.759 +03:00 [INF] [Thread:] File generated_status_215525_18.xml deleted after successful processing.
2025-09-27 21:55:26.761 +03:00 [INF] [Thread:] File generated_status_215525_25.xml deleted after successful processing.
2025-09-27 21:55:26.762 +03:00 [INF] [Thread:] File generated_status_215525_32.xml deleted after successful processing.
2025-09-27 21:55:26.764 +03:00 [INF] [Thread:] File generated_status_215525_35.xml deleted after successful processing.
2025-09-27 21:55:26.765 +03:00 [INF] [Thread:] File generated_status_215525_28.xml deleted after successful processing.
2025-09-27 21:55:26.767 +03:00 [INF] [Thread:] File generated_status_215525_38.xml deleted after successful processing.
2025-09-27 21:55:26.768 +03:00 [INF] [Thread:] File generated_status_215525_34.xml deleted after successful processing.
2025-09-27 21:55:26.770 +03:00 [INF] [Thread:] File generated_status_215525_6.xml deleted after successful processing.
2025-09-27 21:55:26.772 +03:00 [INF] [Thread:] File generated_status_215525_4.xml deleted after successful processing.
2025-09-27 21:55:26.773 +03:00 [INF] [Thread:] File generated_status_215525_26.xml deleted after successful processing.
2025-09-27 21:55:26.775 +03:00 [INF] [Thread:] File generated_status_215525_48.xml deleted after successful processing.
2025-09-27 21:55:26.776 +03:00 [INF] [Thread:] File generated_status_215525_45.xml deleted after successful processing.
2025-09-27 21:55:26.777 +03:00 [INF] [Thread:] File generated_status_215525_43.xml deleted after successful processing.
2025-09-27 21:55:26.779 +03:00 [INF] [Thread:] File generated_status_215525_39.xml deleted after successful processing.
2025-09-27 21:55:26.779 +03:00 [INF] [Thread:] File generated_status_215525_41.xml deleted after successful processing.
2025-09-27 21:55:26.781 +03:00 [INF] [Thread:] File generated_status_215525_33.xml deleted after successful processing.
2025-09-27 21:55:26.782 +03:00 [INF] [Thread:] File generated_status_215525_40.xml deleted after successful processing.
2025-09-27 21:55:26.783 +03:00 [INF] [Thread:] File generated_status_215525_46.xml deleted after successful processing.
2025-09-27 21:55:26.784 +03:00 [INF] [Thread:] File generated_status_215525_42.xml deleted after successful processing.
